# drivers,s,efr,repair,duplex rate,MRCA 0,MRCA 1,MRCA 2,MRCA 3,MRCA 4,MRCA 5-300,egfr_c3h_sd_mse,braf_c3h_sd_mse,hras1_c3h_sd_mse,hras0_c3h_sd_mse,MRCA 0 all 4,MRCA 1 all 4,MRCA 2 all 4,MRCA 3 all 4
2,0.5,0.15,0.6,0.05,0.023081534772182253,0.42685851318944845,0.25719424460431656,0.13788968824940048,0.0776378896882494,0.07733812949640288,0.01280575539568346,0.0,0.0,0.10691846522781775,0.18181818181818182,0.24367977528089887,0.2738927738927739,0.31956521739130433
2,0.5,0.15,0.6,0.15,0.08720173535791757,0.3940708604483008,0.24540853217642805,0.12827187274041937,0.07187274041937816,0.07317425885755603,0.024591467823571966,0.0,0.007201735357917571,0.04279826464208243,0.21724709784411278,0.24110091743119266,0.2563347083087802,0.3111612175873732
