Sample	emission_HMM_multi_state_M_M1	emission_HMM_multi_state_M_M2	emission_HMM_multi_state_M_M3	segments_HMM_multi_state_M1	segments_HMM_multi_state_M2	segments_HMM_multi_state_M3	segments_HMM_multi_state_M1_prop	segments_HMM_multi_state_M2_prop	segments_HMM_multi_state_M3_prop	sites_HMM_multi_state_M1	sites_HMM_multi_state_M2	sites_HMM_multi_state_M3	sites_HMM_multi_state_M1_prop	sites_HMM_multi_state_M2_prop	sites_HMM_multi_state_M3_prop	emission_HMM_as_state_T>N_A1	emission_HMM_as_state_T>N_A2	emission_HMM_as_state_T>N_A3	emission_HMM_as_state_T>N_A4	emission_HMM_as_state_T>N_A5	segments_HMM_as_state_A1	segments_HMM_as_state_A2	segments_HMM_as_state_A3	segments_HMM_as_state_A4	segments_HMM_as_state_A5	segments_HMM_as_state_A1_prop	segments_HMM_as_state_A2_prop	segments_HMM_as_state_A3_prop	segments_HMM_as_state_A4_prop	segments_HMM_as_state_A5_prop	sites_HMM_as_state_A1	sites_HMM_as_state_A2	sites_HMM_as_state_A3	sites_HMM_as_state_A4	sites_HMM_as_state_A5	sites_HMM_as_state_A1_prop	sites_HMM_as_state_A2_prop	sites_HMM_as_state_A3_prop	sites_HMM_as_state_A4_prop	sites_HMM_as_state_A5_prop
87191_N2	0.026710009828406885	0.04958109284256468	0.09800007275325559	18	14	1	0.5454545454545454	0.42424242424242425	0.030303030303030304	41206	30049	1	0.5782811272033233	0.4217048388907601	1.4033905916694734e-05	0.9178974888546177	0.639449508994426	0.4956945813501575	0.3094833198331916	0.09008954779861457	14	0	27	3	15	0.23728813559322035	0.0	0.4576271186440678	0.05084745762711865	0.2542372881355932	8399	0	35028	40	11263	0.15346245203727388	0.0	0.6400146172117669	0.0007308605883427736	0.20579207016261647
88305_N2	0.06704243991909727	0.12251493702018433	0.22141020380465362	0	0	20	0.0	0.0	1.0	0	0	93231	0.0	0.0	1.0	0.9448140917127372	0.6421764485649106	0.5024425565624854	0.28218870761630305	0.06076771710690883	33	0	33	18	12	0.34375	0.0	0.34375	0.1875	0.125	28598	0	32434	125	9496	0.4047669596478564	0.0	0.45906047867748007	0.0017692100830821054	0.1344033515915814
88307_N7	0.017718519505653063	0.10711161896005865	0.1868379667488835	15	30	18	0.23809523809523808	0.47619047619047616	0.2857142857142857	25065	40804	29054	0.2640561297051294	0.42986420572463996	0.3060796645702306	0.9454424308626176	0.6663717646135408	0.5076987103620844	0.309850034516166	0.052503001122685	19	2	26	3	13	0.30158730158730157	0.031746031746031744	0.4126984126984127	0.047619047619047616	0.20634920634920634	24566	30	36204	19	12236	0.33626719594825816	0.00041064951064266646	0.4955718294435699	0.0002600780234070221	0.16749024707412224
88308_N2	0.05168489083935698	0.11001363846001118	0.15110719450149057	0	16	19	0.0	0.45714285714285713	0.5428571428571428	0	47126	67308	0.0	0.4118181659297062	0.5881818340702938	0.8477188345508482	0.6201703472673877	0.46057411342824495	0.26945515434179174	0.12824324804259937	9	15	36	19	21	0.09	0.15	0.36	0.19	0.21	11029	6287	38172	14445	18450	0.1247864408313816	0.07113358903861602	0.4318930110994196	0.16343640745392213	0.20875055157666067
88581_N2	0.01782040946861875	0.06783679607467956	0.11760358895537493	15	19	10	0.3409090909090909	0.4318181818181818	0.22727272727272727	14110	38605	16269	0.20454018323089412	0.559622521164328	0.23583729560477792	0.9320160264165225	0.7223285269486028	0.5047002986991498	0.2690653632682722	0.06271499403197729	11	3	27	4	19	0.171875	0.046875	0.421875	0.0625	0.296875	9859	127	24044	175	19062	0.18508645127377174	0.0023842153678637805	0.4513864118497381	0.00328533613682017	0.3578575853718062
88625_N1	0.01784112478993435	0.16448971207547924	0.2702231076360296	0	1	21	0.0	0.045454545454545456	0.9545454545454546	0	385	56262	0.0	0.006796476424170742	0.9932035235758293	0.9643714335361844	0.6923071589420695	0.49586810553366256	0.2512318620671243	0.036183841126492935	19	2	20	3	12	0.3392857142857143	0.03571428571428571	0.35714285714285715	0.05357142857142857	0.21428571428571427	14930	10	17732	37	9789	0.3513106499129371	0.00023530519083250976	0.41724316438420633	0.0008706292060802861	0.23034025130594382
88626_N2	0.05997050454803279	0.137832086200264	0.20704793439680674	2	22	27	0.0392156862745098	0.43137254901960786	0.5294117647058824	2416	32239	47499	0.029408184628867736	0.3924215497723787	0.5781702655987535	0.9053418364662495	0.769779120623068	0.49200111501353094	0.2524530542260303	0.09556412859915817	15	26	39	14	19	0.13274336283185842	0.23008849557522124	0.34513274336283184	0.12389380530973451	0.168141592920354	10856	9710	31288	4695	9949	0.16325303016632078	0.14601942915576407	0.4705103912899636	0.0706036271767572	0.1496135222111943
89374_N2	0.03828283229137378	0.06632210399542875	0.10943800816626978	3	20	0	0.13043478260869565	0.8695652173913043	0.0	4431	96305	0	0.043986261118170264	0.9560137388818297	0.0	0.8927793221549126	0.7204653990140386	0.49884610465765183	0.31642733251096583	0.1099996310956532	19	3	27	6	17	0.2638888888888889	0.041666666666666664	0.375	0.08333333333333333	0.2361111111111111	17022	306	46340	214	11418	0.22605577689243028	0.0040637450199203186	0.6154050464807437	0.002841965471447543	0.15163346613545817
89375_N1	0.04434904535421916	0.08097579589070691	0.11586729593544015	0	20	0	0.0	1.0	0.0	0	47011	0	0.0	1.0	0.0	0.8357195719080667	0.7744654977509967	0.5023727475704688	0.22652090246901338	0.1766262821265607	6	16	25	8	1	0.10714285714285714	0.2857142857142857	0.44642857142857145	0.14285714285714285	0.017857142857142856	649	13184	17027	4952	371	0.017936600060802034	0.36437000801481356	0.47058010667993255	0.13685985131138934	0.010253433933062488
89484_N1	0.0374106446249374	0.08910688199882776	0.13751586756507514	14	18	8	0.35	0.45	0.2	17073	25405	12014	0.3133120458048888	0.46621522425310136	0.22047272994200984	0.9033977124362867	0.7155780756817618	0.4928062713352743	0.2775164627342006	0.09745030158107072	13	4	19	3	14	0.24528301886792453	0.07547169811320754	0.3584905660377358	0.05660377358490566	0.2641509433962264	9839	95	23260	66	9654	0.22927249848534278	0.0022137297851516986	0.5420142610803002	0.0015379596402106538	0.22496155100899473
89487_N1	0.05148518995138785	0.09289795896861341	0.19230722489791174	6	20	27	0.11320754716981132	0.37735849056603776	0.5094339622641509	8340	39047	62538	0.07586991130316124	0.355214919263134	0.5689151694337048	0.9452575166071332	0.7031137149141178	0.5064478555549551	0.3194739941355922	0.06445009059568635	28	14	27	2	21	0.30434782608695654	0.15217391304347827	0.29347826086956524	0.021739130434782608	0.22826086956521738	32399	890	30854	159	17072	0.39814928601273136	0.010937154373632855	0.37916287757760464	0.0019539410622557572	0.2097967409737754
89488_N1	0.02226712297665662	0.050021075593497145	0.09809285759153802	25	14	0	0.6410256410256411	0.358974358974359	0.0	69121	24977	0	0.7345639652277413	0.2654360347722587	0.0	0.9355993390179225	0.706885190624085	0.5003814875655259	0.3049886545394909	0.06909660159672215	19	10	30	0	19	0.24358974358974358	0.1282051282051282	0.38461538461538464	0.0	0.24358974358974358	15094	415	40792	0	17003	0.2059096365819055	0.005661355451271418	0.556477136309069	0.0	0.23195187165775402
89489_N4	0.05491981190264195	0.13285479815766787	0.20675638339131222	7	24	17	0.14583333333333334	0.5	0.3541666666666667	10443	34278	27155	0.1452918915910735	0.4769046691524292	0.3778034392564973	0.9237525611617021	0.6367213110501301	0.5098910658560626	0.37799892656417144	0.0740473672984629	18	9	21	1	16	0.27692307692307694	0.13846153846153847	0.3230769230769231	0.015384615384615385	0.24615384615384617	12843	209	30665	99	12427	0.228348416691855	0.0037160179933502834	0.545223405579361	0.0017602190494817134	0.22095194068595203
89489_N6	0.0697277812813944	0.22144192151687153	0.3410977761318089	0	3	20	0.0	0.13043478260869565	0.8695652173913043	0	2770	82128	0.0	0.03262738815990954	0.9673726118400905	0.9353831992884504	0.6850075723950282	0.5000128681483501	0.29700068567329824	0.05411541283991009	20	8	30	3	20	0.24691358024691357	0.09876543209876543	0.37037037037037035	0.037037037037037035	0.24691358024691357	14864	241	33142	134	15528	0.23258070068378475	0.003770986871958566	0.518581107512244	0.002096731289802688	0.24297047364221003
89489_N9	0.04142772681424174	0.10414080961926339	0.16347204495354642	17	22	11	0.34	0.44	0.22	26529	40957	16496	0.31588911909694933	0.4876878378700198	0.19642304303303088	0.95620742302435	0.6945900442048052	0.5068978653226307	0.33319083933021504	0.04434625579935146	16	1	20	9	19	0.24615384615384617	0.015384615384615385	0.3076923076923077	0.13846153846153847	0.2923076923076923	20608	84	23883	240	16093	0.33834635844224076	0.0013791291784330465	0.3921159781966244	0.003940369081237276	0.2642181651014645
89800_N2	0.01724696538246772	0.04000515972357276	0.1243168375895955	21	5	0	0.8076923076923077	0.19230769230769232	0.0	69174	4051	0	0.944677364288153	0.05532263571184705	0.0	0.9398599242718936	0.653583675527288	0.5003622381242033	0.31052306223714143	0.06361420299117346	12	0	28	0	17	0.21052631578947367	0.0	0.49122807017543857	0.0	0.2982456140350877	10131	0	31320	0	15045	0.17932242990654207	0.0	0.554375531011045	0.0	0.2663020390824129
89807_N3	0.04335030598484004	0.11933282979357093	0.18580765993351583	15	28	15	0.25862068965517243	0.4827586206896552	0.25862068965517243	19673	47857	34642	0.19254786047057904	0.4683964295501703	0.33905570997925066	0.9321415072548347	0.6339735990627839	0.4916254941007666	0.2624265523630611	0.06039564317085269	16	7	27	11	14	0.21333333333333335	0.09333333333333334	0.36	0.14666666666666667	0.18666666666666668	25851	1072	31602	151	18218	0.33619007985018334	0.013941269799984394	0.41098135095065935	0.001963742294587354	0.23692355710458554
89807_N4	0.021833340087452597	0.062289423813145034	0.10392232520584259	11	21	11	0.2558139534883721	0.4883720930232558	0.2558139534883721	23338	33200	11788	0.3415683634341246	0.4859058045253637	0.17252583204051167	0.9485674811225886	0.659051243646206	0.5103940513712768	0.3283962545771205	0.05965300909599647	17	2	25	3	14	0.2786885245901639	0.03278688524590164	0.4098360655737705	0.04918032786885246	0.22950819672131148	16703	77	24256	74	11527	0.3173243155954937	0.0014628493265193684	0.4608165358968026	0.0014058551969147177	0.21899044398426962
89807_N6	0.053412289905215224	0.10000021790778721	0.13266667666953572	0	18	13	0.0	0.5806451612903226	0.41935483870967744	0	79881	37186	0.0	0.6823528406809776	0.31764715931902243	0.9311580510549936	0.6787010232320368	0.4937770923061709	0.2970390387284511	0.0796856220462853	1	24	37	30	2	0.010638297872340425	0.2553191489361702	0.39361702127659576	0.3191489361702128	0.02127659574468085	2315	20169	40867	24730	6107	0.024578502569329426	0.21413555866989425	0.43388754406081453	0.26255998641015843	0.06483840828980338
89808_N1	0.03965187297180368	0.09488427922411827	0.15960365617695507	16	18	7	0.3902439024390244	0.43902439024390244	0.17073170731707318	12890	13226	4166	0.42566541179578626	0.436761112211875	0.13757347599233868	0.9533122496553128	0.6071205538530107	0.5119377639899279	0.3964959551649194	0.05107133542356292	18	0	22	4	11	0.32727272727272727	0.0	0.4	0.07272727272727272	0.2	6379	0	10419	176	4236	0.3007543611504008	0.0	0.49123055162659124	0.008297972654408297	0.19971711456859972
89808_N3	0.054875983265515835	0.119490300800576	0.22708804918363687	7	28	24	0.11864406779661017	0.4745762711864407	0.4067796610169492	4757	26749	32076	0.07481677204240193	0.4207008272781605	0.5044824006794376	0.9576509881403816	0.6210445784005975	0.5066881865818597	0.3507527856182836	0.037668293849861326	15	5	24	3	23	0.21428571428571427	0.07142857142857142	0.34285714285714286	0.04285714285714286	0.32857142857142857	11884	145	14274	56	19879	0.25701803711233184	0.003135948786712228	0.3087071240105541	0.0012111250486612742	0.4299277650417406
89985_N1	0.04177556398444942	0.11739077360353997	0.1684739025448773	0	1	20	0.0	0.047619047619047616	0.9523809523809523	0	84	120015	0.0	0.000699422976044763	0.9993005770239552	0.95192694228226	0.7168675058473835	0.49408766183394975	0.355644057402309	0.0467442200727393	16	1	27	0	21	0.24615384615384617	0.015384615384615385	0.4153846153846154	0.0	0.3230769230769231	10578	11	31322	0	20434	0.16966877857085572	0.00017643756516160078	0.5023979469083326	0.0	0.32775683695565
89985_N2	0.01918202587026715	0.08260407763965692	0.1672310060446612	12	32	19	0.19047619047619047	0.5079365079365079	0.30158730158730157	8893	32415	18509	0.14867011050370296	0.54190280355083	0.30942708594546703	0.9750918117712513	0.6416890491793322	0.5026649832663372	0.3823483239167712	0.023290071803519913	15	0	31	0	16	0.24193548387096775	0.0	0.5	0.0	0.25806451612903225	6871	0	22741	0	6700	0.18922119409561577	0.0	0.6262667988543732	0.0	0.18451200705001103
89985_N3	0.03805015322598874	0.10731840825440726	0.17714233818619932	15	22	15	0.28846153846153844	0.4230769230769231	0.28846153846153844	14058	34199	23011	0.19725543020710556	0.4798647359263625	0.32287983386653196	0.9469380907841498	0.7261435379406412	0.496468436822617	0.2809771727536405	0.05118344631163386	11	21	36	31	12	0.0990990990990991	0.1891891891891892	0.32432432432432434	0.27927927927927926	0.10810810810810811	6636	5890	24643	8828	8110	0.1226458683719297	0.10885837322342765	0.45544938732511503	0.16315818655626813	0.14988818452325947
89985_N4	0.025377297064773183	0.049122620767668004	0.08383280249558296	20	0	0	1.0	0.0	0.0	29516	0	0	1.0	0.0	0.0	0.9671813100729225	0.6401692585770591	0.5029301706699983	0.3941954825796732	0.026461384478271316	10	0	17	0	9	0.2777777777777778	0.0	0.4722222222222222	0.0	0.25	6354	0	12649	0	3618	0.28088943901684277	0.0	0.5591706821095442	0.0	0.15993987887361302
89986_N1	0.05463849646573166	0.07732218302866194	0.2203860390172979	0	0	20	0.0	0.0	1.0	0	0	67438	0.0	0.0	1.0	0.9637884297451533	0.7225501789138271	0.5019492036031481	0.25872827769726847	0.03641719877417045	15	3	24	0	13	0.2727272727272727	0.05454545454545454	0.43636363636363634	0.0	0.23636363636363636	11968	49	35498	0	8471	0.21376772764619725	0.0008752188047011753	0.6340513699853535	0.0	0.15130568356374807
89986_N2	0.028197225382403757	0.10082329153823752	0.1860025735780869	10	25	13	0.20833333333333334	0.5208333333333334	0.2708333333333333	8090	23948	9667	0.1939815369859729	0.5742237141829517	0.2317947488310754	0.9686166553891165	0.5918402836586042	0.5045886597182082	0.3893341037254515	0.02980673064837863	17	1	19	3	10	0.34	0.02	0.38	0.06	0.2	12444	44	14574	189	4456	0.3924685400700161	0.0013877061847541552	0.4596461349228877	0.005960828839057622	0.14053678998328445
89986_N3	0.03764906232742284	0.09093029895409585	0.14245338962113044	23	9	11	0.5348837209302325	0.20930232558139536	0.2558139534883721	24154	10750	10923	0.5270691950160385	0.23457786894189014	0.23835293604207128	0.9630893800912661	0.6925990648057953	0.49766926402452694	0.3379636688957085	0.03365509549972275	22	2	19	2	8	0.41509433962264153	0.03773584905660377	0.3584905660377358	0.03773584905660377	0.1509433962264151	14244	78	14982	75	7931	0.38177432323773786	0.0020905923344947735	0.4015545430179577	0.0020101849370142053	0.21257035647279549
89986_N4	0.028662854717618015	0.10908253818207704	0.20213654392470984	19	24	9	0.36538461538461536	0.46153846153846156	0.17307692307692307	16639	29050	6572	0.3183827328217983	0.5558638372782764	0.12575342989992538	0.9664602313812862	0.7087466532871664	0.5086517586466908	0.38300072473566776	0.04162742726901873	20	5	16	1	13	0.36363636363636365	0.09090909090909091	0.2909090909090909	0.01818181818181818	0.23636363636363636	15837	82	17820	73	8656	0.37291607798813226	0.0019308655929170199	0.41961005933879625	0.0017189413205236884	0.20382405575963078
89995_N1	0.039327462681066475	0.10122609454116215	0.1820985739045769	18	25	21	0.28125	0.390625	0.328125	22988	18219	43370	0.2717996618466013	0.21541317379429395	0.5127871643591048	0.9462150601848696	0.6585627537397287	0.5117937065823203	0.3602528900356991	0.05858068515594354	22	1	25	10	15	0.3013698630136986	0.0136986301369863	0.3424657534246575	0.136986301369863	0.2054794520547945	21946	166	27108	495	19024	0.3192656279550183	0.002414931843640437	0.3943612796229215	0.007201152184349496	0.2767570083940703
89995_N2	0.048618601002578296	0.1186837072181868	0.19481089159536777	0	22	18	0.0	0.55	0.45	0	42713	33676	0.0	0.559151186689183	0.440848813310817	0.9666915569955645	0.7069160857976867	0.5108010227833638	0.28908378499168036	0.03344383861043048	18	5	26	2	16	0.26865671641791045	0.07462686567164178	0.3880597014925373	0.029850746268656716	0.23880597014925373	19905	99	28289	55	12170	0.32891040682111106	0.0016358769291780959	0.46744770151029447	0.0009088205162100532	0.20109719422320632
90004_N1	0.06690813032437445	0.15428574847445223	0.29743049218602513	0	0	20	0.0	0.0	1.0	0	0	79015	0.0	0.0	1.0	0.9656618582724352	0.6503968237170049	0.5004068249324299	0.29639660773906085	0.03368305893556916	19	3	22	0	19	0.30158730158730157	0.047619047619047616	0.3492063492063492	0.0	0.30158730158730157	18524	97	27972	0	17034	0.2911342668992723	0.0015245100350480142	0.4396246876326088	0.0	0.2677165354330709
90004_N2	0.04354311455871781	0.06650619485161997	0.11465964396277378	21	8	8	0.5675675675675675	0.21621621621621623	0.21621621621621623	41495	8101	12266	0.6707671914907375	0.1309527658336297	0.19828004267563287	0.9732455614135442	0.676280741735399	0.49867135639680793	0.2997851847914964	0.035928837229271184	15	0	23	0	9	0.3191489361702128	0.0	0.48936170212765956	0.0	0.19148936170212766	14103	0	25939	0	6479	0.3031534145869607	0.0	0.5575761484060962	0.0	0.1392704370069431
90004_N3	0.024543775766531137	0.06450258546427717	0.10618807404066459	2	22	2	0.07692307692307693	0.8461538461538461	0.07692307692307693	1216	28622	1661	0.038604400139686974	0.9086637671037175	0.052731832756595445	0.9779503044963811	0.6326641105128264	0.5007267315095888	0.40335875228189655	0.024373848616729834	9	0	13	0	9	0.2903225806451613	0.0	0.41935483870967744	0.0	0.2903225806451613	4652	0	13602	0	5023	0.199853933066976	0.0	0.5843536538213687	0.0	0.21579241311165528
90004_N4	0.05634450624331078	0.1331699640665007	0.2098415788682309	0	1	21	0.0	0.045454545454545456	0.9545454545454546	0	671	55024	0.0	0.012047760122093545	0.9879522398779065	0.9803310639935612	0.6372078068105868	0.5108100803357543	0.39771256411110345	0.021366851707349584	18	4	20	3	11	0.32142857142857145	0.07142857142857142	0.35714285714285715	0.05357142857142857	0.19642857142857142	16920	284	16497	329	4747	0.4363411300513191	0.007323929133249091	0.4254326018000361	0.008484410862108983	0.12241792815328674
90004_N5	0.02616322871258017	0.10824806456213436	0.18429908343511966	20	20	4	0.45454545454545453	0.45454545454545453	0.09090909090909091	11578	18999	3160	0.3431840412603373	0.5631502504668465	0.0936657082728162	0.9624392764607734	0.6617908742992552	0.49986105245269424	0.28426069109854235	0.0334813753535292	11	0	18	1	16	0.2391304347826087	0.0	0.391304347826087	0.021739130434782608	0.34782608695652173	4591	0	13227	33	8867	0.171831723931432	0.0	0.4950595104423984	0.0012351223894004042	0.3318736432367692
90004_N6	0.026660891636585134	0.1519685515226258	0.22380003031797135	0	19	25	0.0	0.4318181818181818	0.5681818181818182	0	29606	35251	0.0	0.4564811816766116	0.5435188183233883	0.9279127343327941	0.6137410227109225	0.5041862053210822	0.3033021124951957	0.07060262294400732	17	1	31	3	23	0.22666666666666666	0.013333333333333334	0.41333333333333333	0.04	0.30666666666666664	14575	245	27704	200	11502	0.2687825028584074	0.004518127835355734	0.5108988308191642	0.003688267620698558	0.21211227086637408
90022_N1	0.03350808494618121	0.09374682592478763	0.15228985480179005	14	20	10	0.3181818181818182	0.45454545454545453	0.22727272727272727	15467	38023	17370	0.21827547276319503	0.5365932825289302	0.24513124470787467	0.9754674171333022	0.6386552762250495	0.500183312148625	0.34786470847205	0.023777307168401082	17	0	29	1	17	0.265625	0.0	0.453125	0.015625	0.265625	13127	0	28940	34	12152	0.24195897001087496	0.0	0.5334267229461965	0.0006266934547398301	0.22398761358818867
90022_N2	0.03856459225296262	0.13198524954707164	0.22542488695338259	20	26	20	0.30303030303030304	0.3939393939393939	0.30303030303030304	14293	27320	27347	0.20726508120649653	0.3961716937354988	0.3965632250580046	0.953039521296672	0.5981053113797138	0.4970013221701691	0.3064343211048803	0.04787924518057459	24	0	33	3	16	0.3157894736842105	0.0	0.4342105263157895	0.039473684210526314	0.21052631578947367	18900	0	27992	180	10855	0.32627272256460715	0.0	0.48322889153589865	0.0031073592625200683	0.18739102663697413
90068_N2	0.0350119932743558	0.19229747901697955	0.27032476122030663	0	13	24	0.0	0.35135135135135137	0.6486486486486487	0	13360	72726	0.0	0.1551936435657366	0.8448063564342634	0.9442212442406781	0.6805125514118376	0.5014757152844911	0.385738179042632	0.058059763843346116	17	2	25	3	10	0.2982456140350877	0.03508771929824561	0.43859649122807015	0.05263157894736842	0.17543859649122806	23798	39	27254	131	11568	0.37900939640070075	0.0006211180124223603	0.43405000796305143	0.0020863194776238256	0.18423315814620161
90069_N3	0.03741395100880757	0.11552574935048528	0.19768635506401133	13	33	20	0.19696969696969696	0.5	0.30303030303030304	11851	46029	30694	0.1337977284530449	0.5196671709531013	0.34653510059385373	0.9437488192485872	0.6414194585240931	0.5091060516992465	0.36037606202488115	0.05484030863259256	15	0	35	0	19	0.21739130434782608	0.0	0.5072463768115942	0.0	0.2753623188405797	16360	0	36200	0	15119	0.24172933997251733	0.0	0.5348778794012914	0.0	0.22339278062619128
90170_N2	0.031467514996984566	0.0635945575763063	0.08907091205466568	21	12	0	0.6363636363636364	0.36363636363636365	0.0	28820	19079	0	0.6016827073634106	0.3983172926365895	0.0	0.89796215704409	0.6557789876070228	0.5049038134903736	0.3403173764277656	0.1510590120548037	7	18	21	16	7	0.10144927536231885	0.2608695652173913	0.30434782608695654	0.2318840579710145	0.10144927536231885	1875	9415	11618	8697	4383	0.05210070023341114	0.2616149827720351	0.32282983216627764	0.24166388796265423	0.12179059686562188
90170_N3	0.08142073842182082	0.19283997579057377	0.2733636601191702	0	22	15	0.0	0.5945945945945946	0.40540540540540543	0	33631	53348	0.0	0.3866565492820106	0.6133434507179893	0.9481953513852566	0.7211507627612611	0.49747077715547866	0.321035628099512	0.05233865491549711	13	2	34	1	15	0.2	0.03076923076923077	0.5230769230769231	0.015384615384615385	0.23076923076923078	14595	18	44240	95	12563	0.20409447497587785	0.0002517095272056047	0.6186460824208863	0.0013284669491406915	0.17567926612688958
90211_N1	0.04363369710365493	0.13802225942796914	0.20088740378600378	0	0	20	0.0	0.0	1.0	0	0	111503	0.0	0.0	1.0	0.9465981137057174	0.7091948791950224	0.5096810167071879	0.29054170848107375	0.051806277327100074	18	6	28	5	25	0.21951219512195122	0.07317073170731707	0.34146341463414637	0.06097560975609756	0.3048780487804878	19025	194	45621	91	23050	0.21623986997192576	0.002205021538741319	0.5185324104067923	0.001034314226935361	0.2619883838556052
90211_N5	0.021717255224649706	0.0710976374573387	0.12644971725445742	28	21	6	0.509090909090909	0.38181818181818183	0.10909090909090909	31131	26477	6480	0.4857539633004619	0.4131350642866059	0.10111097241293222	0.9355792623924564	0.6252073153159631	0.4968767959184922	0.2708624535270916	0.06328127959623811	20	3	18	0	10	0.39215686274509803	0.058823529411764705	0.35294117647058826	0.0	0.19607843137254902	18685	96	17600	0	11653	0.38899529499937546	0.001998584336095266	0.3664071282841321	0.0	0.24259899238039723
90213_N3	0.03934223927414649	0.10684087311439107	0.16655936993599033	11	29	16	0.19642857142857142	0.5178571428571429	0.2857142857142857	16242	53015	24195	0.17380045370885588	0.567296580062492	0.25890296622865216	0.9373149582471892	0.6428194588957513	0.5049659196411026	0.34018888009865217	0.07096662833670378	18	1	27	1	12	0.3050847457627119	0.01694915254237288	0.4576271186440678	0.01694915254237288	0.2033898305084746	17249	59	38218	17	14819	0.2451465279554305	0.0008385207924732099	0.5431625024871379	0.00024160768596685712	0.2106108410789915
90302_N1	0.028024097668163196	0.06248261367785335	0.1097986851040939	15	27	7	0.30612244897959184	0.5510204081632653	0.14285714285714285	25708	48602	9219	0.30777334817847696	0.581857797890553	0.11036885393097008	0.9060167956221911	0.7299128504844322	0.5030526339914618	0.302925384088474	0.0965139359774432	15	3	29	2	17	0.22727272727272727	0.045454545454545456	0.4393939393939394	0.030303030303030304	0.25757575757575757	20546	64	33723	89	14973	0.29607320412133437	0.0009222566467324736	0.48595720152748756	0.001282513149362346	0.21576482455508322
90400_N1	0.03188283056909565	0.10159084338560857	0.1619315573684203	24	25	4	0.4528301886792453	0.4716981132075472	0.07547169811320754	31669	29286	4575	0.48327483595299864	0.44690981229971005	0.06981535174729132	0.9509325166415235	0.6314115522712894	0.4938068369083917	0.3780908077185541	0.05203734891392482	22	5	32	4	14	0.2857142857142857	0.06493506493506493	0.4155844155844156	0.05194805194805195	0.18181818181818182	14422	154	27571	153	12480	0.2632712668857247	0.002811244979919679	0.5033041255932822	0.0027929901423877327	0.22782037239868566
90400_N4	0.04835307941540381	0.1493193474010697	0.21315038970489172	0	16	20	0.0	0.4444444444444444	0.5555555555555556	0	30304	56780	0.0	0.3479858527398833	0.6520141472601166	0.9361284182586795	0.6902679343108977	0.5095989809071934	0.33958263805739225	0.06266479984042989	13	2	24	2	13	0.24074074074074073	0.037037037037037035	0.4444444444444444	0.037037037037037035	0.24074074074074073	15587	165	25766	98	12929	0.2857640480337336	0.0030250252085434045	0.4723806031716931	0.0017966816390136585	0.23703364194701623
90400_N5	0.07686498164088347	0.12174442820677717	0.18471519438367986	0	0	20	0.0	0.0	1.0	0	0	42236	0.0	0.0	1.0	0.9788641518581096	0.6774535781786667	0.5034721140408386	0.38284115944444186	0.023764475696863192	15	1	22	0	12	0.3	0.02	0.44	0.0	0.24	8309	5	16897	0	4696	0.27782793325977195	0.00016718493998060655	0.5649847861704618	0.0	0.15702009562978567
90402_N1	0.033647953217888514	0.05650288149353883	0.08593072516785698	1	20	0	0.047619047619047616	0.9523809523809523	0.0	1596	60793	0	0.02558143262434083	0.9744185673756591	0.0	0.9761578048099223	0.6937615870921876	0.5024298251319254	0.3248177391208461	0.02448879039858848	18	1	29	0	22	0.2571428571428571	0.014285714285714285	0.4142857142857143	0.0	0.3142857142857143	11393	38	23457	0	11101	0.24773315358020395	0.0008262845463045511	0.510056752701733	0.0	0.24138380917175847
90446_N1	0.04740589739753079	0.09364710517999969	0.1776159369811579	0	17	17	0.0	0.5	0.5	0	17208	13559	0.0	0.5593005492898235	0.44069945071017647	0.9793450645451937	0.827441055972221	0.5124881804437583	0.21855302285331102	0.02269650985976748	11	4	16	1	17	0.22448979591836735	0.08163265306122448	0.32653061224489793	0.02040816326530612	0.3469387755102041	5718	44	10008	69	6901	0.25145118733509236	0.0019349164467897977	0.44010554089709764	0.0030343007915567283	0.3034740545294635
90446_N2	0.023845112670482015	0.08209726964499124	0.15247777229622486	20	16	7	0.46511627906976744	0.37209302325581395	0.16279069767441862	24101	15320	3848	0.55700385957614	0.3540641105641452	0.08893202985971481	0.9666847290513734	0.6459482525001748	0.5095956947237841	0.39254568870356477	0.030872886761213247	16	5	21	0	8	0.32	0.1	0.42	0.0	0.16	11597	133	14565	0	7511	0.34304561320475657	0.0039342128616221975	0.43084067916937824	0.0	0.22217949476424304
90446_N3	0.05874642120160608	0.12855757113456628	0.25913036755407415	0	1	20	0.0	0.047619047619047616	0.9523809523809523	0	26	88303	0.0	0.0002943540626521301	0.9997056459373479	0.9643204212904298	0.695566786497808	0.49694536452452676	0.3578743614191367	0.0330653942322072	25	0	31	1	13	0.35714285714285715	0.0	0.44285714285714284	0.014285714285714285	0.18571428571428572	21743	0	36025	39	11354	0.31438238313500383	0.0	0.5208860484955394	0.0005639016208556846	0.1641676667486011
90446_N4	0.044912304742800856	0.11725443820130814	0.20761251540254133	17	32	18	0.2537313432835821	0.47761194029850745	0.26865671641791045	20867	24862	33842	0.26224378228248985	0.312450515891468	0.42530570182604216	0.9083576150476619	0.6326231012950714	0.4912431660708939	0.30175226228902224	0.0920227749153111	19	8	25	9	14	0.25333333333333335	0.10666666666666667	0.3333333333333333	0.12	0.18666666666666668	24556	1367	19083	182	18194	0.3874286074910858	0.021567637499605566	0.3010791707424821	0.0028714777066043986	0.28705310656022215
90447_N1	0.03850814385636919	0.12782829754790195	0.17228759150163478	0	4	21	0.0	0.16	0.84	0	7802	92467	0.0	0.07781068924592845	0.9221893107540715	0.9276358637402145	0.6259797428120698	0.46553459444912204	0.2281677410679792	0.10866835949170674	19	26	24	11	11	0.2087912087912088	0.2857142857142857	0.26373626373626374	0.12087912087912088	0.12087912087912088	19608	15412	23261	8757	13496	0.24347480567213847	0.1913725879752651	0.28883452951548416	0.1087366826433556	0.16758139419375667
90447_N3	0.02138835979942194	0.046161742515698406	0.05982455743128962	22	8	0	0.7333333333333333	0.26666666666666666	0.0	60928	16014	0	0.7918692001767565	0.20813079982324348	0.0	0.9618356843927784	0.669048232223727	0.499638499679248	0.3959547365361854	0.039525304875013725	11	12	20	0	18	0.18032786885245902	0.19672131147540983	0.32786885245901637	0.0	0.29508196721311475	15039	147	29395	0	16364	0.2467634752645828	0.0024120108294363772	0.4823201247026007	0.0	0.2685043892033801
90526_N2	0.01085076814817026	0.17044092999121832	0.25360695176203957	0	2	19	0.0	0.09523809523809523	0.9047619047619048	0	974	32875	0.0	0.028774853023723006	0.971225146976277	0.9392923521459241	0.5944780409781971	0.5012584949988717	0.345327618904669	0.06293969951796341	8	0	19	2	9	0.21052631578947367	0.0	0.5	0.05263157894736842	0.23684210526315788	3986	0	16231	40	4582	0.16047344901163493	0.0	0.653448206449535	0.001610370787873908	0.18446797375095617
90590_N1	0.05120154999024073	0.13249125668159772	0.22779953863575123	1	5	23	0.034482758620689655	0.1724137931034483	0.7931034482758621	1006	1797	33325	0.027845438441098318	0.049739813994685564	0.9224147475642162	0.9662222272531982	0.638799789216682	0.4937726769854383	0.2247402562641952	0.03271026954829957	17	2	24	2	7	0.3269230769230769	0.038461538461538464	0.46153846153846156	0.038461538461538464	0.1346153846153846	9185	36	13099	10	3554	0.3548524184824602	0.0013908205841446453	0.5060655231030753	0.00038633905115129037	0.1373048987791686
90590_N2	0.02922037283718842	0.052924738057388725	0.07300466872607889	12	17	0	0.41379310344827586	0.5862068965517241	0.0	16672	35699	0	0.31834412174676824	0.6816558782532317	0.0	0.9644481493991947	0.6861014613245865	0.501550337633761	0.3718560903218869	0.031691010345720264	8	3	27	2	24	0.125	0.046875	0.421875	0.03125	0.375	3293	30	21676	96	13845	0.08456599897277864	0.0007704160246533128	0.5566512583461736	0.002465331278890601	0.35554699537750384
90721_N1	0.052591848821340485	0.14874207189414965	0.2488261342139018	0	22	14	0.0	0.6111111111111112	0.3888888888888889	0	50852	14459	0.0	0.7786130973342928	0.22138690266570715	0.9696096736631089	0.5977239356181726	0.4970626441346222	0.3324806345736133	0.03259671683869546	18	1	18	6	14	0.3157894736842105	0.017543859649122806	0.3157894736842105	0.10526315789473684	0.24561403508771928	17514	81	19976	53	13451	0.34290748898678414	0.0015859030837004405	0.39111111111111113	0.0010376896720509054	0.26335780714635343
90732_N1	0.0310059575977286	0.05552670667872939	0.11845428489179836	24	3	12	0.6153846153846154	0.07692307692307693	0.3076923076923077	36426	4052	13545	0.6742683671769432	0.07500509042444885	0.250726542398608	0.9653099933459449	0.7245864465642089	0.4954937612823288	0.30300821747838275	0.038054905351621045	18	0	15	0	14	0.3829787234042553	0.0	0.3191489361702128	0.0	0.2978723404255319	15402	0	14996	0	11900	0.36413069175847557	0.0	0.3545321291786846	0.0	0.28133717906283984
90732_N2	0.040935149580730155	0.12403366938622136	0.18810150098482326	0	0	20	0.0	0.0	1.0	0	0	46311	0.0	0.0	1.0	0.9647882403790651	0.6634599426485243	0.5038215267219578	0.3569215846481196	0.03369731742602759	19	3	26	6	13	0.2835820895522388	0.04477611940298507	0.3880597014925373	0.08955223880597014	0.19402985074626866	11543	16	18058	340	6609	0.31567576437127387	0.0004375649510474211	0.49384674287589564	0.009298255209757699	0.18074167259202537
90789_N1	0.053190662620447325	0.18104995201630966	0.2499298752095277	0	13	18	0.0	0.41935483870967744	0.5806451612903226	0	24562	59341	0.0	0.29274281014981585	0.7072571898501842	0.9777789640935464	0.7661560284469924	0.4927569157838576	0.3814129774884232	0.026075470874029463	17	3	32	0	20	0.2361111111111111	0.041666666666666664	0.4444444444444444	0.0	0.2777777777777778	14854	67	37616	0	13486	0.224982203171622	0.0010147978734683367	0.5697408478863426	0.0	0.20426215106856702
90789_N2	0.042686383618203184	0.12723592764947436	0.2586071048874603	0	0	20	0.0	0.0	1.0	0	0	74298	0.0	0.0	1.0	0.9744517094666527	0.6271580709397357	0.49636407415893125	0.35270547458942486	0.025494134243161066	15	0	21	0	18	0.2777777777777778	0.0	0.3888888888888889	0.0	0.3333333333333333	14238	0	28196	0	13691	0.2536837416481069	0.0	0.5023786191536749	0.0	0.24393763919821826
90791_N2	0.044525310985289515	0.10762722374808152	0.1751121366724613	1	18	14	0.030303030303030304	0.5454545454545454	0.42424242424242425	1518	29016	30623	0.02482136141406544	0.47445100315581207	0.5007276354301224	0.9515110388676136	0.5947368978914678	0.49411587358395637	0.3376414976909952	0.05061883224226943	13	1	27	0	14	0.23636363636363636	0.01818181818181818	0.4909090909090909	0.0	0.2545454545454545	8865	334	23825	0	13541	0.19037904005154085	0.007172769247288736	0.5116503811875872	0.0	0.29079780951358314
90791_N3	0.041329424667549915	0.14161165144581295	0.21467789005809476	0	0	20	0.0	0.0	1.0	0	0	70370	0.0	0.0	1.0	0.9667819772985203	0.6998711430428177	0.49846441239270334	0.29200973398097807	0.032516846696531536	22	5	22	7	7	0.3492063492063492	0.07936507936507936	0.3492063492063492	0.1111111111111111	0.1111111111111111	30090	168	18897	112	6904	0.5356856741022947	0.002990867173452493	0.3364191486710224	0.0019939114489683288	0.12291039860426199
90793_N2	0.03092546974598594	0.07629406811005927	0.11641339508712419	1	22	12	0.02857142857142857	0.6285714285714286	0.34285714285714286	4001	76963	56124	0.02918563258636788	0.5614131069094305	0.40940126050420167	0.8828185730995752	0.6716702389849466	0.5009390504339285	0.35200437051774425	0.10850251123524711	7	0	29	0	2	0.18421052631578946	0.0	0.7631578947368421	0.0	0.05263157894736842	190	0	107696	0	67	0.0017600251961501765	0.0	0.9976193343399442	0.0	0.0006206404639055885
90796_N2	0.02783974091952231	0.07260780213612626	0.1285772926794949	10	24	10	0.22727272727272727	0.5454545454545454	0.22727272727272727	8868	31717	6539	0.1881843646549529	0.6730540701128936	0.13876156523215347	0.9523868856684858	0.6134060169903783	0.49545555943949704	0.3281314458273059	0.04416992082171675	18	0	21	0	12	0.35294117647058826	0.0	0.4117647058823529	0.0	0.23529411764705882	13486	0	16722	0	7455	0.35807025462655656	0.0	0.4439901229323208	0.0	0.1979396224411226
90796_N3	0.031924042714807574	0.1011775326409437	0.21011810722426844	22	12	50	0.2619047619047619	0.14285714285714285	0.5952380952380952	4343	5892	50028	0.0720674377312779	0.09777143520900054	0.8301611270597216	0.9593618597528852	0.645282678946134	0.4986194182877339	0.3324199606564362	0.04454145526955301	116	60	46	74	78	0.31016042780748665	0.16042780748663102	0.12299465240641712	0.19786096256684493	0.20855614973262032	12585	2065	18563	1607	7868	0.2948135307346327	0.04837425037481259	0.43485288605697153	0.03764523988005997	0.18431409295352325
90797_N1	0.015256297613930884	0.07886100781326175	0.16559898505107407	16	21	8	0.35555555555555557	0.4666666666666667	0.17777777777777778	19024	25406	8318	0.36065822400849323	0.48164859331159476	0.15769318267991203	0.9707731814204311	0.7046839324737185	0.5059233213872245	0.3854830561521283	0.03349811949949419	10	1	19	0	17	0.2127659574468085	0.02127659574468085	0.40425531914893614	0.0	0.3617021276595745	7407	21	17509	0	16424	0.17908174367157467	0.0005077246681656633	0.4233214864244095	0.0	0.3970890452358502
90797_N2	0.03261475046265883	0.122477659432379	0.20615228053153498	11	26	8	0.24444444444444444	0.5777777777777777	0.17777777777777778	11333	31523	9558	0.2162208570229328	0.6014232838554585	0.18235585912160873	0.9371455404656502	0.6612486521979856	0.5099798295319761	0.38081761367125994	0.05896564778878422	17	0	15	3	8	0.3953488372093023	0.0	0.3488372093023256	0.06976744186046512	0.18604651162790697	14849	0	17497	411	10877	0.34030801668423705	0.0	0.4009946372095155	0.009419260209928037	0.2492780858963194
90797_N3	0.02503716288744953	0.11022447102498482	0.19330739034830607	14	33	19	0.21212121212121213	0.5	0.2878787878787879	15740	34751	20735	0.22098671833319294	0.4878976778142813	0.2911156038525258	0.9494641620802464	0.7195635796713697	0.49818988187759033	0.3481393621696889	0.05194132415007086	17	6	25	0	14	0.27419354838709675	0.0967741935483871	0.4032258064516129	0.0	0.22580645161290322	19188	95	31227	0	9610	0.3191616766467066	0.001580172987358616	0.5194111776447106	0.0	0.15984697272122422
90798_N1	0.019980342839030038	0.09043163727303878	0.17294288649615602	15	25	20	0.25	0.4166666666666667	0.3333333333333333	11116	38236	21002	0.15800096654063736	0.5434801148477698	0.2985189186115928	0.9652272568660906	0.6448044991956936	0.5050730733742599	0.3324212845290764	0.03441046899303897	15	4	23	5	13	0.25	0.06666666666666667	0.38333333333333336	0.08333333333333333	0.21666666666666667	14123	359	30074	127	11194	0.25275157936181253	0.006424825957012725	0.5382178713961021	0.002272849293985003	0.20033287399108757
90801_N1	0.03558333183859665	0.10820353182942764	0.2023467435271185	0	0	20	0.0	0.0	1.0	0	0	68787	0.0	0.0	1.0	0.9615170888280925	0.6637975659111562	0.5050013615454321	0.3057177601876348	0.03638874399297069	14	0	21	0	15	0.28	0.0	0.42	0.0	0.3	13727	0	22889	0	16803	0.25696849435594077	0.0	0.42848050319174824	0.0	0.314551002452311
90802_N1	0.0604751319893383	0.11132746495856655	0.23296525239127214	0	0	20	0.0	0.0	1.0	0	0	55918	0.0	0.0	1.0	0.9770600217067203	0.6878085948491942	0.5071316492480333	0.38825471116108556	0.028608845706444792	13	1	27	1	18	0.21666666666666667	0.016666666666666666	0.45	0.016666666666666666	0.3	12711	13	19701	26	10474	0.2961211415259173	0.000302853814793244	0.45896330809551544	0.000605707629586488	0.24400698893418754
90803_N2	0.03582870906322003	0.09082390935844357	0.1803708864433655	12	27	13	0.23076923076923078	0.5192307692307693	0.25	13594	24478	16251	0.2502439114187361	0.4506010345525836	0.2991550540286803	0.9667318898947473	0.6382360318126318	0.49622448057799134	0.231549119063697	0.031504836675224045	18	1	19	5	11	0.3333333333333333	0.018518518518518517	0.35185185185185186	0.09259259259259259	0.2037037037037037	12046	67	19263	56	10643	0.28629827688651216	0.0015923945335710042	0.457825311942959	0.0013309566250742722	0.25295306001188356
90803_N3	0.07777187502246968	0.13234503700032332	0.23052156746942742	0	1	20	0.0	0.047619047619047616	0.9523809523809523	0	81	13811	0.0	0.005830693924560898	0.9941693060754391	0.9691095360685249	0.5863756391812631	0.5091805802897813	0.37737549193574155	0.025657402122639165	17	0	12	0	6	0.4857142857142857	0.0	0.34285714285714286	0.0	0.17142857142857143	3467	0	4821	0	2086	0.3342008868324658	0.0	0.4647194910352805	0.0	0.20107962213225372
90803_N4	0.052301728994625415	0.14483752098364136	0.2112821568714037	0	1	21	0.0	0.045454545454545456	0.9545454545454546	0	797	67441	0.0	0.011679709252908937	0.988320290747091	0.9629999951890236	0.6086329169326959	0.5025226632030797	0.2884340677316259	0.03888897532319054	24	1	31	4	18	0.3076923076923077	0.01282051282051282	0.3974358974358974	0.05128205128205128	0.23076923076923078	20935	86	21607	72	11394	0.3870114985026066	0.001589825119236884	0.3994343180389692	0.001331016378895996	0.21063334196029135
90803_N7	0.02635510342052508	0.10123800513135786	0.2518313733455127	0	0	20	0.0	0.0	1.0	0	0	67187	0.0	0.0	1.0	0.9337813208963938	0.6560172640516253	0.5065505092397814	0.12623236784592756	0.03981128246707702	11	0	17	5	10	0.2558139534883721	0.0	0.3953488372093023	0.11627906976744186	0.23255813953488372	15217	0	24591	5103	8923	0.2826652301519486	0.0	0.4567931047293532	0.09479139577218858	0.16575026934650963
90803_N8	0.05435204303158438	0.11327699457081208	0.13901204303207343	0	1	20	0.0	0.047619047619047616	0.9523809523809523	0	58	52467	0.0	0.0011042360780580676	0.9988957639219419	0.9681876381128439	0.6447907232650859	0.5039536173212886	0.3681843803597696	0.03362475276766864	16	0	21	4	14	0.2909090909090909	0.0	0.38181818181818183	0.07272727272727272	0.2545454545454545	11967	0	22761	78	7479	0.2830081589216034	0.0	0.5382759843916283	0.001844625753813409	0.17687123093295495
90810_N1	0.050854823957480616	0.09432897041466264	0.1740529614281817	2	21	17	0.05	0.525	0.425	160	35098	24672	0.0026697814116469214	0.5856499249123978	0.41168029367595527	0.9726452504495131	0.6622471334485663	0.4988928804134593	0.29739428276264995	0.030458651204495226	10	2	21	3	20	0.17857142857142858	0.03571428571428571	0.375	0.05357142857142857	0.35714285714285715	8354	45	25609	119	10626	0.18666905011954507	0.001005519183071526	0.572229794650638	0.002659039617455813	0.23743659642928966
90810_N2	0.027064481614213536	0.07602986568234038	0.12873626705219154	1	19	10	0.03333333333333333	0.6333333333333333	0.3333333333333333	1822	43751	20600	0.027533888443927283	0.6611608964381243	0.3113052151179484	0.9389088502250011	0.8436679361004557	0.5225930071072769	0.3864733390383589	0.08086864277426868	7	10	19	6	13	0.12727272727272726	0.18181818181818182	0.34545454545454546	0.10909090909090909	0.23636363636363636	11037	11794	20860	733	8629	0.20803724577309482	0.22230599589090155	0.39319171394643093	0.013816372306938345	0.16264867208263434
90810_N3	0.025912517832824486	0.05314664544128652	0.09868098977537723	19	11	2	0.59375	0.34375	0.0625	36246	21964	2867	0.5934476153052703	0.3596116377687182	0.046940746926011426	0.9635514330990099	0.7166563705809971	0.4989533184018486	0.3374083345978379	0.042454178200372665	14	0	24	0	10	0.2916666666666667	0.0	0.5	0.0	0.20833333333333334	10375	0	30258	0	7680	0.21474551362987188	0.0	0.6262910603771241	0.0	0.15896342599300395
90810_N4	0.032020202443900005	0.09782697440532345	0.15502369361611196	13	19	14	0.2826086956521739	0.41304347826086957	0.30434782608695654	16100	27135	20192	0.25383511753669574	0.42781465306572913	0.3183502293975752	0.9264683015865884	0.8388058702818918	0.5230072536336721	0.3902770168022755	0.06058045465734425	17	7	24	3	12	0.2698412698412698	0.1111111111111111	0.38095238095238093	0.047619047619047616	0.19047619047619047	13601	4502	26946	2052	3888	0.26674380748788956	0.08829355351154171	0.5284669242385612	0.04024397419051168	0.07625174057149581
90810_N5	0.03082788063667913	0.08421776588359375	0.15054130084189268	22	13	3	0.5789473684210527	0.34210526315789475	0.07894736842105263	36047	16117	5307	0.627220685215152	0.28043709001061407	0.09234222477423396	0.9578386509971825	0.6312158709050146	0.4996272595854869	0.34704761954170993	0.046639455422888956	7	1	25	0	14	0.14893617021276595	0.02127659574468085	0.5319148936170213	0.0	0.2978723404255319	6594	78	31305	0	7296	0.14564972500165663	0.0017228811874627262	0.6914717381220595	0.0	0.16115565568882115
90810_N6	0.024950812722082775	0.08005244233743036	0.1337077579116504	29	14	6	0.5918367346938775	0.2857142857142857	0.12244897959183673	42354	18827	4509	0.6447556705739077	0.28660374486223167	0.06864058456386056	0.9711797354046416	0.6621737442404168	0.5029791567639578	0.37696395063747173	0.02925787440413549	17	0	27	0	12	0.30357142857142855	0.0	0.48214285714285715	0.0	0.21428571428571427	16016	0	24437	0	9671	0.3195275716223765	0.0	0.4875309233101907	0.0	0.19294150506743277
90814_N1	0.02514373867038001	0.05997533259890099	0.0855418988153973	26	19	0	0.5777777777777777	0.4222222222222222	0.0	39034	19385	0	0.6681730258991082	0.33182697410089185	0.0	0.9099946862503979	0.792333096488437	0.5107347354582364	0.28968376070097124	0.10470108002191032	17	8	33	4	22	0.20238095238095238	0.09523809523809523	0.39285714285714285	0.047619047619047616	0.2619047619047619	6693	2404	22304	173	13254	0.14930400642455607	0.05362719728740965	0.49754617649683236	0.003859195145890961	0.295663424645311
90880_N1	0.042516389747857916	0.13823465788608952	0.2622218847373347	0	0	20	0.0	0.0	1.0	0	0	82632	0.0	0.0	1.0	0.9713323733721434	0.6938068283444044	0.49078499982025797	0.3616386468476927	0.030056658613332767	7	2	23	2	17	0.13725490196078433	0.0392156862745098	0.45098039215686275	0.0392156862745098	0.3333333333333333	9927	37	36665	97	17510	0.15453951055482906	0.0005760009963260477	0.5707858521701227	0.001510056666043963	0.27258857961267824
90880_N2	0.01629771524972341	0.12045432860839554	0.17921401052810573	0	10	21	0.0	0.3225806451612903	0.6774193548387096	0	6790	17550	0.0	0.2789646672144618	0.7210353327855382	0.9766127215291744	0.6429749358647453	0.5137140092715455	0.42541009531483415	0.026985055898141444	12	2	19	2	13	0.25	0.041666666666666664	0.3958333333333333	0.041666666666666664	0.2708333333333333	5050	970	7245	23	4616	0.2820598748882931	0.05417783735478105	0.4046581769436997	0.0012846291331546024	0.2578194816800715
90885_N1	0.03339511495226157	0.0716911241231526	0.1217791901917545	9	20	9	0.23684210526315788	0.5263157894736842	0.23684210526315788	15528	43263	10123	0.22532431726499697	0.6277824534927591	0.14689322924224396	0.9640352542434454	0.6474724930214719	0.50005001027708	0.3172397402797654	0.03189292157340711	20	2	18	2	15	0.3508771929824561	0.03508771929824561	0.3157894736842105	0.03508771929824561	0.2631578947368421	23025	36	23205	179	7945	0.4233314947600662	0.0006618863761720904	0.4266409266409266	0.0032910461481890055	0.14607464607464607
90885_N2	0.03757336182668596	0.09800768542166152	0.15724617888652911	17	12	17	0.3695652173913043	0.2608695652173913	0.3695652173913043	17528	16472	23369	0.305530861615158	0.2871237079258833	0.40734543045895866	0.9701959921024091	0.6295401865080299	0.508956410723451	0.3689861095606895	0.029666000562022014	18	0	25	0	16	0.3050847457627119	0.0	0.423728813559322	0.0	0.2711864406779661	13764	0	19665	0	8321	0.3296766467065868	0.0	0.4710179640718563	0.0	0.19930538922155688
90886_N2	0.01837204314239813	0.15438853501329336	0.242395892487672	0	2	19	0.0	0.09523809523809523	0.9047619047619048	0	1531	49072	0.0	0.030255123214038695	0.9697448767859613	0.9465882519975528	0.6432313837796358	0.5064421307996869	0.37907833525474577	0.05262676033674637	12	3	20	0	15	0.24	0.06	0.4	0.0	0.3	10774	156	23237	0	7976	0.2556533706665401	0.0037016823671784166	0.5513845715777235	0.0	0.189260375388558
90886_N3	0.02245870994107557	0.11045700384410456	0.19959853339522443	13	34	13	0.21666666666666667	0.5666666666666667	0.21666666666666667	7445	32572	22661	0.1187817096908006	0.5196719742174287	0.3615463160917706	0.972084535232924	0.6063827687371695	0.5026398107649724	0.35522167136366894	0.025634287386127014	20	2	26	3	14	0.3076923076923077	0.03076923076923077	0.4	0.046153846153846156	0.2153846153846154	18052	383	16992	102	12742	0.37397195003211037	0.007934370533032255	0.35201259555426656	0.002113069959188747	0.26396801392140207
90886_N4	0.05894734884350705	0.12303190888304755	0.1730759485983505	0	17	9	0.0	0.6538461538461539	0.34615384615384615	0	57119	28259	0.0	0.6690130947082387	0.33098690529176134	0.8614601973449653	0.687087978366262	0.5020576867289489	0.30877619221642016	0.10262970926839363	8	16	33	17	4	0.10256410256410256	0.20512820512820512	0.4230769230769231	0.21794871794871795	0.05128205128205128	168	21036	28720	19543	50	0.0024166750578995064	0.3026022411784168	0.41313635513615377	0.2811254800983932	0.0007192485291367579
90886_N5	0.07114834664313827	0.13129691540466631	0.24801189921857433	0	0	20	0.0	0.0	1.0	0	0	73629	0.0	0.0	1.0	0.9673798352746343	0.716288931833326	0.5023943370403761	0.36614622089430837	0.032629478078991525	22	2	26	2	8	0.36666666666666664	0.03333333333333333	0.43333333333333335	0.03333333333333333	0.13333333333333333	25561	65	22894	47	9106	0.443205659494044	0.0011270438506753592	0.3969621833440258	0.000814939399719106	0.15789017391153573
90886_N6	0.030063162723806512	0.07435763301001189	0.11141694166409134	24	13	1	0.631578947368421	0.34210526315789475	0.02631578947368421	39676	16811	1506	0.6841515355301502	0.28987981308088906	0.025968651388960737	0.9174595968496833	0.6383778684699071	0.5142246742680373	0.3850716971984371	0.06923140376252315	14	5	22	3	13	0.24561403508771928	0.08771929824561403	0.38596491228070173	0.05263157894736842	0.22807017543859648	12475	278	20409	456	11974	0.27362256536234425	0.006097560975609756	0.4476443235655378	0.010001754693805931	0.2626337954027022
90886_N7	0.03779135965786104	0.15693740610830495	0.22859940719743937	0	1	21	0.0	0.045454545454545456	0.9545454545454546	0	2068	93312	0.0	0.02168169427552946	0.9783183057244705	0.9738231347318981	0.7140766303512089	0.4842585255494501	0.2648840145823605	0.031187208838388058	6	25	35	25	10	0.0594059405940594	0.24752475247524752	0.3465346534653465	0.24752475247524752	0.09900990099009901	5450	23112	12448	22567	6710	0.07753923200591858	0.3288232532331726	0.17710245137792194	0.3210693300325807	0.09546573335040619
90887_N1	0.04637853723544632	0.11847617373029502	0.21459604057612583	19	19	17	0.34545454545454546	0.34545454545454546	0.3090909090909091	20696	19052	26271	0.3134855117466184	0.28858358957269875	0.3979308986806828	0.9738051641232027	0.6308240649060893	0.5139774613013512	0.36958881630755824	0.02525850837307045	18	2	25	1	13	0.3050847457627119	0.03389830508474576	0.423728813559322	0.01694915254237288	0.22033898305084745	17941	95	26186	62	4710	0.36618769645262683	0.0019390129403600441	0.5344736090133486	0.001265461076866555	0.09613422051679797
90887_N2	0.034668411100202905	0.07480629888985321	0.11225840288629337	3	21	8	0.09375	0.65625	0.25	5616	91455	17262	0.04911967673375141	0.7999002912544935	0.15098003201175514	0.9141544811617971	0.6331760123712589	0.5017155289358226	0.37618393723316523	0.17694100597921825	11	13	19	9	10	0.1774193548387097	0.20967741935483872	0.3064516129032258	0.14516129032258066	0.16129032258064516	157	32774	36966	24836	149	0.0016546868742227188	0.3454185198457031	0.38959971332813387	0.26175670833245507	0.0015703716194852553
90887_N3	0.03445817291030655	0.06410795705249997	0.08221148937121517	20	6	0	0.7692307692307693	0.23076923076923078	0.0	64580	10044	0	0.8654052315608919	0.13459476843910806	0.0	0.9687527557727859	0.6350022038480689	0.4991376829418662	0.3224765517978728	0.031750722019399796	8	0	29	1	24	0.12903225806451613	0.0	0.46774193548387094	0.016129032258064516	0.3870967741935484	4490	0	30873	31	24361	0.07514015563551167	0.0	0.5166596937494771	0.0005187850389088779	0.4076813655761024
90887_N4	0.04591463314480123	0.1057446849688644	0.1567225342218555	5	17	16	0.13157894736842105	0.4473684210526316	0.42105263157894735	2779	25078	23928	0.05366418847156512	0.48427150719320267	0.4620643043352322	0.9602533124522842	0.6160284601302769	0.5036754298076611	0.2762071089662224	0.04092204465878918	15	0	28	1	20	0.234375	0.0	0.4375	0.015625	0.3125	9624	0	23965	39	8871	0.22645238711499094	0.0	0.563895621073437	0.000917668651027083	0.20873432316054497
90888_N1	0.025634145250571085	0.13630879058666642	0.19656701895676643	0	5	23	0.0	0.17857142857142858	0.8214285714285714	0	12545	92569	0.0	0.11934661415225374	0.8806533858477462	0.9752936623239792	0.6424532417285174	0.4921341831158469	0.3366845149065234	0.02655058550847645	19	4	29	0	24	0.25	0.05263157894736842	0.3815789473684211	0.0	0.3157894736842105	13994	97	30015	0	18381	0.22395058172099797	0.0015523228831596971	0.4803399107014259	0.0	0.29415718469441643
90888_N2	0.03256818047068108	0.11962047859778067	0.17549500025675144	0	20	14	0.0	0.5882352941176471	0.4117647058823529	0	47940	30556	0.0	0.6107317570322055	0.38926824296779455	0.9732945539982124	0.7416585900607944	0.4884565464124809	0.2832527337529131	0.038989394225131355	4	16	33	30	9	0.043478260869565216	0.17391304347826086	0.358695652173913	0.32608695652173914	0.09782608695652174	3607	14637	16038	22037	2883	0.06092699570960441	0.24723826897739942	0.2709030100334448	0.3722340461470896	0.048697679132461744
90888_N3	0.030439093987972902	0.08375116837756841	0.14336571023860212	10	14	7	0.3225806451612903	0.45161290322580644	0.22580645161290322	4218	12641	3463	0.20755831118984353	0.6220352327526818	0.17040645605747465	0.97052977935277	0.8508696521307183	0.5124751000342384	0.3700452073951184	0.09697328341183689	5	5	19	0	12	0.12195121951219512	0.12195121951219512	0.4634146341463415	0.0	0.2926829268292683	1361	838	7945	0	4585	0.09240274288817978	0.05689456174893068	0.5394120442664132	0.0	0.31129065109647636
90888_N4	0.036651887837666444	0.13070733260781825	0.20708552950555825	1	24	18	0.023255813953488372	0.5581395348837209	0.4186046511627907	138	33055	29737	0.0021929127602097567	0.5252661687589385	0.4725409184808517	0.9544158180611965	0.6780388120682761	0.5076482593354149	0.37581763032687954	0.04558169369847236	13	0	23	0	20	0.23214285714285715	0.0	0.4107142857142857	0.0	0.35714285714285715	12630	0	18636	0	19739	0.24762278208018823	0.0	0.36537594353494757	0.0	0.3870012743848642
90888_N5	0.010897336372225386	0.13070345890730353	0.2242920311967393	0	0	20	0.0	0.0	1.0	0	0	28569	0.0	0.0	1.0	0.9766752267066205	0.5404767846009234	0.4927667041832756	0.46425652328869704	0.022293121906160944	10	0	10	3	18	0.24390243902439024	0.0	0.24390243902439024	0.07317073170731707	0.43902439024390244	4291	0	8501	76	7662	0.2090112031173892	0.0	0.4140769605455431	0.0037018996590355577	0.37320993667803215
91058_N2	0.042446533816802065	0.10041114530180066	0.17770726998235262	0	0	20	0.0	0.0	1.0	0	0	57616	0.0	0.0	1.0	0.9518572244792716	0.6609551610314452	0.5060738786212406	0.33461930939596174	0.04817067287237701	14	5	16	3	13	0.27450980392156865	0.09803921568627451	0.3137254901960784	0.058823529411764705	0.2549019607843137	11671	144	17463	37	13587	0.2720385995990863	0.0033564868770686682	0.4070439606545149	0.0008624306559134773	0.3166985222134166
91097_N1	0.05548841431330765	0.1378739938491916	0.22720881560624978	0	0	20	0.0	0.0	1.0	0	0	45518	0.0	0.0	1.0	0.9744585400566204	0.6694215513743861	0.4988031807819411	0.3763004659513768	0.021958650549341027	12	1	18	0	14	0.26666666666666666	0.022222222222222223	0.4	0.0	0.3111111111111111	11208	8	13646	0	9012	0.33087323611029107	0.00023616933341205645	0.4028458404676153	0.0	0.2660447540886816
91097_N2	0.03518204198496501	0.05645049205231023	0.11803981584006637	16	7	7	0.5333333333333333	0.23333333333333334	0.23333333333333334	27115	3962	8442	0.6861256610744199	0.10025557326855436	0.21361876565702573	0.96977833407975	0.6180382434007055	0.5042476225051249	0.4225247297354929	0.030698621221237274	13	0	18	1	6	0.34210526315789475	0.0	0.47368421052631576	0.02631578947368421	0.15789473684210525	6318	0	20235	28	4213	0.20516983828018445	0.0	0.6571085276352536	0.0009092680392284212	0.1368123660453335
91098_N1	0.0319867106216084	0.08604821665090077	0.15855212848163394	2	23	19	0.045454545454545456	0.5227272727272727	0.4318181818181818	1889	34817	27715	0.02932273637478462	0.540460408872883	0.4302168547523323	0.9506434970370136	0.6941836391488447	0.5066119735877036	0.3038959701885224	0.05577363702985593	15	0	30	1	15	0.2459016393442623	0.0	0.4918032786885246	0.01639344262295082	0.2459016393442623	6073	0	32720	50	13876	0.11519566000872551	0.0	0.6206491018418407	0.0009484246666287297	0.26320681348280506
91099_N1	0.05110418529879369	0.10955763095615385	0.18470094426337444	8	19	9	0.2222222222222222	0.5277777777777778	0.25	4740	12153	5556	0.21114526259521582	0.5413604169450755	0.24749432045970868	0.9601797627101066	0.6042341942874311	0.4913594748970523	0.4321637424920628	0.037427773622464945	17	1	21	0	16	0.3090909090909091	0.01818181818181818	0.38181818181818183	0.0	0.2909090909090909	5751	22	8300	0	3729	0.3230535894843276	0.0012358162004269184	0.46623974834288284	0.0	0.20947084597236265
91099_N2	0.03234152709780109	0.0910054044388567	0.16380537914759816	26	22	5	0.49056603773584906	0.41509433962264153	0.09433962264150944	42443	29503	6965	0.5378591070953352	0.373876899291607	0.08826399361305774	0.9599467182242917	0.6801671311958337	0.5007751288724522	0.2477501697465386	0.04213795165752116	10	0	26	0	21	0.17543859649122806	0.0	0.45614035087719296	0.0	0.3684210526315789	7886	0	33616	0	21180	0.1258096423215596	0.0	0.5362943109664656	0.0	0.3378960467119747
91100_N1	0.04021535280343415	0.1377760394262429	0.22206049410294512	0	0	20	0.0	0.0	1.0	0	0	59830	0.0	0.0	1.0	0.938701899474821	0.683527904885929	0.49684265506913183	0.34579619688183805	0.0690843254754465	19	0	28	0	14	0.3114754098360656	0.0	0.45901639344262296	0.0	0.22950819672131148	11880	0	27833	0	8410	0.24686740228165327	0.0	0.5783720881906781	0.0	0.1747605095276687
91100_N2	0.05304449781068531	0.17500144851322433	0.26998464586939674	0	19	18	0.0	0.5135135135135135	0.4864864864864865	0	21997	32885	0.0	0.4008053642359972	0.5991946357640028	0.9729740587445668	0.6008771510441723	0.5011961573533702	0.3140111099493261	0.032014223445549043	10	3	20	0	16	0.20408163265306123	0.061224489795918366	0.40816326530612246	0.0	0.32653061224489793	8999	41	21153	0	12914	0.20875959820910758	0.0009511216275778875	0.49070916556475747	0.0	0.2995801145985571
91100_N3	0.042472326111818066	0.11668459879781175	0.19627058856944332	0	23	25	0.0	0.4791666666666667	0.5208333333333334	0	26147	33849	0.0	0.4358123874924995	0.5641876125075005	0.955928163947529	0.6133024203669701	0.5018306209070373	0.3613420595237678	0.04237903389485414	22	6	20	0	14	0.3548387096774194	0.0967741935483871	0.3225806451612903	0.0	0.22580645161290322	19837	303	17238	0	11342	0.4071633825944171	0.0062192118226600986	0.35381773399014776	0.0	0.23279967159277504
91100_N4	0.061450927804426216	0.15769636902415618	0.2470943837885884	0	1	21	0.0	0.045454545454545456	0.9545454545454546	0	3639	80241	0.0	0.04338340486409156	0.9566165951359085	0.9490516973790676	0.7007554434784427	0.5085104515292211	0.3567426671162443	0.06769330421171164	19	5	30	4	20	0.24358974358974358	0.0641025641025641	0.38461538461538464	0.05128205128205128	0.2564102564102564	16778	206	36002	350	14227	0.24833118718825392	0.003049006112813226	0.532865621716028	0.005180350191672957	0.2105738347912319
91113_N1	0.023381110347703512	0.1116057141684442	0.19933275300541825	12	19	16	0.2553191489361702	0.40425531914893614	0.3404255319148936	13701	25404	23054	0.2204186039028942	0.4086938335558809	0.3708875625412249	0.9766342456990389	0.6685540184151799	0.5135252295972025	0.41309991658519707	0.02874772742957812	13	0	20	3	17	0.24528301886792453	0.0	0.37735849056603776	0.05660377358490566	0.32075471698113206	9834	0	22762	223	13458	0.21250297123841216	0.0	0.49186420900231215	0.0048188084793742035	0.2908140112799015
91113_N2	0.049683866044929	0.10296543637197146	0.2039585001249868	0	0	20	0.0	0.0	1.0	0	0	89529	0.0	0.0	1.0	0.9700762809429285	0.7207358383749304	0.49821681994277733	0.2980343831149397	0.034113615883546305	15	1	26	1	10	0.2830188679245283	0.018867924528301886	0.49056603773584906	0.018867924528301886	0.18867924528301888	24547	37	38796	17	12805	0.3221306527387733	0.0004855515603265006	0.5091204955250518	0.0002230912574473111	0.1680402089184011
91113_N3	0.027086011334643258	0.11821845224628749	0.19922791476310228	22	24	17	0.3492063492063492	0.38095238095238093	0.2698412698412698	18890	18374	18883	0.33643827809143856	0.32724811655119596	0.3363136053573655	0.9509458146107785	0.65797748550116	0.4951535539844748	0.36214251912988615	0.05208070985705259	14	4	24	2	21	0.2153846153846154	0.06153846153846154	0.36923076923076925	0.03076923076923077	0.3230769230769231	12052	165	20973	72	13997	0.25502020779110857	0.0034913984637846758	0.4437884847330667	0.001523519329651495	0.2961763896823885
91113_N4	0.04958371672712649	0.15335665323702916	0.2504939965956954	0	0	20	0.0	0.0	1.0	0	0	58744	0.0	0.0	1.0	0.9542245500591211	0.7317531681111366	0.506900972814916	0.3672805914788874	0.04391048268812368	18	0	23	0	23	0.28125	0.0	0.359375	0.0	0.359375	12266	0	21297	0	14835	0.2534402248026778	0.0	0.4400388445803546	0.0	0.30652093061696767
91113_N5	0.0235486816590945	0.06551684796367933	0.12223650469013606	0	21	9	0.0	0.7	0.3	0	29061	11433	0.0	0.7176618758334569	0.2823381241665432	0.9532446446527227	0.66218188072342	0.4912005341890275	0.36453992290519155	0.04038945662238724	12	0	23	2	14	0.23529411764705882	0.0	0.45098039215686275	0.0392156862745098	0.27450980392156865	7068	0	15835	55	9660	0.21669017107118768	0.0	0.48546814642222086	0.0016861855417254277	0.29615549696486604
91113_N6	0.0004976982078739126	0.15859692228564815	0.2425705324907858	0	0	20	0.0	0.0	1.0	0	0	20316	0.0	0.0	1.0	0.9721894504609226	0.5940502583412666	0.4889872297585049	0.40563339932957476	0.028016135367571235	14	0	20	0	13	0.2978723404255319	0.0	0.425531914893617	0.0	0.2765957446808511	3706	0	7502	0	3378	0.2540792540792541	0.0	0.5143288084464555	0.0	0.2315919374742904
91113_N7	0.04068828786781174	0.13829449719821651	0.2340722114045547	0	0	20	0.0	0.0	1.0	0	0	50600	0.0	0.0	1.0	0.9668036103918122	0.5760841088806493	0.4889480467495264	0.3706858577616559	0.03497969409976652	16	3	29	0	11	0.2711864406779661	0.05084745762711865	0.4915254237288136	0.0	0.1864406779661017	9166	909	18883	0	11233	0.22806100868353613	0.02261700380682242	0.4698315543280834	0.0	0.2794904331815581
91114_N1	0.05263655459451728	0.08195450314768706	0.15844471928507048	0	19	20	0.0	0.48717948717948717	0.5128205128205128	0	24899	26357	0.0	0.48577727485562666	0.5142227251443734	0.9655888736018983	0.6243984239188922	0.5077205044243445	0.34705500510926945	0.03232270394973881	9	0	25	1	15	0.18	0.0	0.5	0.02	0.3	3863	0	27719	4	9404	0.09424249817028543	0.0	0.6762381068553306	9.758477677482313e-05	0.22942181019760918
91121_N2	0.02446369579210242	0.04893046433165423	0.09264673450552957	20	10	3	0.6060606060606061	0.30303030303030304	0.09090909090909091	37960	19013	5031	0.6122185665440939	0.3066415069995484	0.08113992645635766	0.9341931296865816	0.7225922336020504	0.5006205628686166	0.3571539033989282	0.06670005367733699	15	3	20	1	11	0.3	0.06	0.4	0.02	0.22	16541	29	21398	17	9569	0.34783614417294023	0.000609833031921605	0.4499726626571897	0.00035748832905749256	0.20122387180889095
91121_N4	0.0389852618593162	0.10188839648807092	0.180855141470947	20	8	27	0.36363636363636365	0.14545454545454545	0.4909090909090909	21508	3874	44234	0.3089519650655022	0.05564812686738681	0.635399908067111	0.9462070228209642	0.6479519257042107	0.5065043016327648	0.3757259981538029	0.05682825403316412	16	7	23	0	15	0.26229508196721313	0.11475409836065574	0.3770491803278688	0.0	0.2459016393442623	10457	290	27917	0	17169	0.18729067039206204	0.0051940608600648365	0.5000089552773449	0.0	0.3075063134705282
91143_N1	0.028668976110184475	0.07715135726922713	0.12583014222110472	20	13	1	0.5882352941176471	0.38235294117647056	0.029411764705882353	31551	15732	468	0.6607400892127914	0.32945906892002264	0.009800841867186027	0.9631262872815832	0.5695224792214004	0.4867407115506315	0.4040402640785864	0.03601999126386231	12	3	26	1	17	0.2033898305084746	0.05084745762711865	0.4406779661016949	0.01694915254237288	0.288135593220339	8547	1615	14853	12	8808	0.25260824589921677	0.04773163883552534	0.43898330131520613	0.0003546623319048323	0.26032215161814687
91208_N1	0.03947686292971818	0.061839347176518955	0.10878860729926307	5	16	7	0.17857142857142858	0.5714285714285714	0.25	9655	39226	6357	0.17478909446395596	0.7101270864260111	0.11508381911003294	0.9703063828104868	0.6693996993165543	0.5015913676755994	0.3674654684383726	0.03152468456759381	16	4	22	1	23	0.24242424242424243	0.06060606060606061	0.3333333333333333	0.015151515151515152	0.3484848484848485	9237	30	18969	6	15015	0.21353769332131214	0.0006935293709688606	0.4385186212636105	0.0001387058741937721	0.3471114501699147
91208_N2	0.052510558906784785	0.12825235942071048	0.17835202067863912	0	8	21	0.0	0.27586206896551724	0.7241379310344828	0	17383	69393	0.0	0.2003203650779017	0.7996796349220983	0.8809323399238048	0.6393414848282977	0.49897038355036555	0.3598070627889066	0.13913654362828348	14	11	24	25	4	0.1794871794871795	0.14102564102564102	0.3076923076923077	0.32051282051282054	0.05128205128205128	224	14483	30338	24942	87	0.0031966207152438852	0.20668150811998745	0.43294231812084366	0.3559380083911294	0.001241544652795616
91213_N1	0.02570453520518866	0.07442593466614485	0.11541677404160988	1	25	5	0.03225806451612903	0.8064516129032258	0.16129032258064516	2127	61901	8989	0.02913020255556925	0.8477614802032404	0.12310831724119041	0.9726059395632652	0.6692670136839844	0.4868966850703366	0.2663798184844643	0.019958096654377432	3	14	26	33	14	0.03333333333333333	0.15555555555555556	0.28888888888888886	0.36666666666666664	0.15555555555555556	1656	8712	13621	17183	8142	0.033580727582430955	0.17666382771626718	0.27620959565235026	0.3484406051019994	0.1651052439469522
91213_N2	0.038743449419025404	0.18010732570392105	0.2661919652458582	1	0	20	0.047619047619047616	0.0	0.9523809523809523	8	0	55339	0.00014454261296908594	0.0	0.999855457387031	0.9640190999951539	0.7620679531288931	0.5054399782598099	0.40167238104265285	0.03160648850812293	13	6	20	1	22	0.20967741935483872	0.0967741935483871	0.3225806451612903	0.016129032258064516	0.3548387096774194	11482	107	16827	29	15164	0.263294274117728	0.002453621958769979	0.3858607168245087	0.0006650003439656951	0.34772638675502765
91213_N3	0.03268398080848188	0.07148891926432215	0.11728863955300883	18	20	3	0.43902439024390244	0.4878048780487805	0.07317073170731707	38200	30562	2324	0.5373772613454126	0.42992994401147905	0.03269279464310835	0.9759656823161731	0.6312957959853096	0.4993588955161111	0.38114633988535396	0.025097412959770745	16	3	29	0	14	0.25806451612903225	0.04838709677419355	0.46774193548387094	0.0	0.22580645161290322	12878	479	29637	0	10300	0.24164071002364243	0.008987878560438324	0.5561038766089992	0.0	0.1932675348069201
91215_N1	0.040855771561305196	0.07966274976689823	0.15260808744389834	15	7	23	0.3333333333333333	0.15555555555555556	0.5111111111111111	14615	2839	36738	0.26968925302627694	0.05238780631827576	0.6779229406554473	0.9557668495968393	0.6983287276827415	0.4957161544658048	0.3945643823964548	0.042658550911661965	24	1	26	0	11	0.3870967741935484	0.016129032258064516	0.41935483870967744	0.0	0.1774193548387097	16535	47	20185	0	6460	0.3825155574062507	0.0010872834108311934	0.46695352441760934	0.0	0.14944363476530872
91215_N2	0.03717849956834719	0.09491265625080222	0.13476887597595144	22	14	7	0.5116279069767442	0.32558139534883723	0.16279069767441862	25498	16151	7897	0.5146328664271586	0.3259798974690187	0.15938723610382272	0.9503998550973518	0.7437177403857338	0.5025606524904774	0.28297932353497973	0.04811112893031037	11	6	17	7	13	0.2037037037037037	0.1111111111111111	0.3148148148148148	0.12962962962962962	0.24074074074074073	8614	78	18656	143	13548	0.20989790199566266	0.0019006311069957845	0.4545919734886328	0.003484490362825605	0.33012500304588316
91215_N4	0.05406175130784837	0.201983034845304	0.2887651292873254	0	12	20	0.0	0.375	0.625	0	19804	42655	0.0	0.31707199923149587	0.6829280007685041	0.969817725345306	0.6459797644937324	0.5078813882958493	0.34561578106644414	0.029494917945640332	16	0	21	0	11	0.3333333333333333	0.0	0.4375	0.0	0.22916666666666666	14058	0	22843	0	8757	0.3078978492268606	0.0	0.5003066275351526	0.0	0.19179552323798676
91215_N5	0.06687922392938367	0.14418332617141974	0.2507563642301417	0	9	16	0.0	0.36	0.64	0	2998	12454	0.0	0.19402019156096298	0.805979808439037	0.9682214667426536	0.6216889573282738	0.5113333866955818	0.4299739095722107	0.025914087250048467	8	0	9	2	14	0.24242424242424243	0.0	0.2727272727272727	0.06060606060606061	0.42424242424242425	1990	0	3052	355	6083	0.17334494773519163	0.0	0.2658536585365854	0.03092334494773519	0.5298780487804878
91215_N6	0.024171464069666176	0.11064104997357567	0.1877483517392068	17	23	7	0.3617021276595745	0.48936170212765956	0.14893617021276595	9998	15038	5643	0.3258906744026859	0.4901724306528896	0.18393689494442453	0.972054418872835	0.6026945669561157	0.49223537529229205	0.39685189923986713	0.030027501091629678	8	1	17	2	14	0.19047619047619047	0.023809523809523808	0.40476190476190477	0.047619047619047616	0.3333333333333333	2351	166	13775	25	7280	0.09963130906471161	0.007034792558376065	0.5837606475399415	0.001059456710598805	0.308513794126372
91215_N7	0.040454138145008485	0.07908099953200678	0.11907199068955059	7	22	15	0.1590909090909091	0.5	0.3409090909090909	18498	45608	33866	0.18880904748295432	0.4655207610337648	0.34567019148328093	0.8864063062318038	0.5759637262617378	0.4812943810009544	0.40142801829335445	0.09828550735939497	5	18	22	11	6	0.08064516129032258	0.2903225806451613	0.3548387096774194	0.1774193548387097	0.0967741935483871	59	24482	37056	10866	90	0.0008131986272104531	0.3374360812095985	0.5107438699984839	0.14976637768252174	0.0012404724821854368
91215_N8	0.04153849465774179	0.07865446010951645	0.18225109088498231	4	14	26	0.09090909090909091	0.3181818181818182	0.5909090909090909	625	14482	37144	0.011961493559931867	0.2771621595758933	0.7108763468641749	0.9789466372102817	0.6066303143130406	0.5162091270126907	0.3329857689761384	0.01959999800052002	12	3	22	2	27	0.18181818181818182	0.045454545454545456	0.3333333333333333	0.030303030303030304	0.4090909090909091	7808	72	14870	40	15668	0.2030266784544178	0.0018721722398460658	0.38665557231265274	0.0010400956888033698	0.40740548130428
91215_N9	0.050549171346388644	0.1264232965708284	0.2119383192524092	0	0	20	0.0	0.0	1.0	0	0	36054	0.0	0.0	1.0	0.9711099137040896	0.5875810036857123	0.49965702741533047	0.2610731345221726	0.029100887185821527	15	0	22	1	11	0.30612244897959184	0.0	0.4489795918367347	0.02040816326530612	0.22448979591836735	8279	0	15429	12	4358	0.2948571835600826	0.0	0.5495049504950495	0.0004273808675831612	0.15521048507728472
91216_N1	0.038545754358570966	0.07107368173633417	0.11219825422852985	11	22	0	0.3333333333333333	0.6666666666666666	0.0	14814	47772	0	0.2366983031348864	0.7633016968651136	0.0	0.9684119709045256	0.627344585667493	0.495391408850174	0.2917528460499277	0.03383513093525086	17	0	23	0	14	0.3148148148148148	0.0	0.42592592592592593	0.0	0.25925925925925924	8851	0	25154	0	13929	0.18464972670755622	0.0	0.5247632160887887	0.0	0.290587057203655
91216_N2	0.02133343833575575	0.1231171550800542	0.21356138384503937	1	15	18	0.029411764705882353	0.4411764705882353	0.5294117647058824	818	16071	12327	0.027998357064622125	0.5500753012048193	0.4219263417305586	0.9803587268629946	0.5802621324057143	0.5018448327054867	0.40932927845607153	0.02429095724030018	19	0	16	0	5	0.475	0.0	0.4	0.0	0.125	6446	0	11223	0	2593	0.31813246471226925	0.0	0.5538939887474089	0.0	0.12797354654032178
91216_N3	0.03462508182415656	0.06867156243275796	0.11857416452150807	16	14	6	0.4444444444444444	0.3888888888888889	0.16666666666666666	28888	10295	4723	0.6579510773015078	0.23447820343461032	0.10757071926388193	0.950903855944382	0.69117167314042	0.5060767088905795	0.3841162409239932	0.054467151606626706	6	0	19	0	18	0.13953488372093023	0.0	0.4418604651162791	0.0	0.4186046511627907	3696	0	11866	0	11662	0.13576256244490156	0.0	0.43586541287099617	0.0	0.42837202468410224
91216_N4	0.04550811256756126	0.129295472311008	0.23774764539822663	0	0	20	0.0	0.0	1.0	0	0	44758	0.0	0.0	1.0	0.965549705119155	0.6110176458795001	0.5028836070435663	0.37562274013129804	0.036345409234519066	15	0	17	0	14	0.32608695652173914	0.0	0.3695652173913043	0.0	0.30434782608695654	9535	0	15324	0	10318	0.27105779344458025	0.0	0.43562555078602494	0.0	0.29331665576939475
91216_N5	0.00757597949359806	0.14596029654925158	0.28834208317099513	0	18	22	0.0	0.45	0.55	0	18412	27822	0.0	0.3982350651036034	0.6017649348963966	0.9773723320008512	0.5898009354716971	0.5081519152110832	0.4162267367501004	0.023854494022828278	18	3	20	2	13	0.32142857142857145	0.05357142857142857	0.35714285714285715	0.03571428571428571	0.23214285714285715	6734	53	17177	1797	8078	0.1990011525163273	0.0015662401371198912	0.5076095629303466	0.053104406158574424	0.23871863825763173
91216_N6	0.04441259023906922	0.14244208829881086	0.2604281489059335	19	23	17	0.3220338983050847	0.3898305084745763	0.288135593220339	14420	27371	25846	0.21319691884619366	0.40467495601519876	0.38212812513860756	0.9663410360220053	0.6591352740280075	0.4988341697679216	0.31321826408396536	0.034102172819200215	14	0	27	1	14	0.25	0.0	0.48214285714285715	0.017857142857142856	0.25	8712	0	27016	10	16012	0.16834782608695653	0.0	0.522048309178744	0.0001932367149758454	0.3094106280193237
91216_N7	0.04766305304446192	0.10329541870434296	0.1944379715936251	2	22	19	0.046511627906976744	0.5116279069767442	0.4418604651162791	2304	57283	27149	0.026563364692861097	0.6604293488286294	0.3130072864785095	0.938207915865669	0.625663162444051	0.4982327642512631	0.19998551466262438	0.08280540076225403	11	2	25	4	8	0.22	0.04	0.5	0.08	0.16	17023	563	32135	2515	3177	0.3072022810531825	0.010160070741522748	0.5799180697670222	0.04538646166062115	0.057333116777651454
91217_N1	0.05256779619833917	0.13226401149120978	0.20177895393743062	0	0	20	0.0	0.0	1.0	0	0	51581	0.0	0.0	1.0	0.9766785418947206	0.7075949286962628	0.5026550149623007	0.30961140617101407	0.02513552474529089	19	1	25	0	17	0.3064516129032258	0.016129032258064516	0.4032258064516129	0.0	0.27419354838709675	10116	19	15876	0	11919	0.266701819140522	0.0005009227524387029	0.4185605061956235	0.0	0.31423675191141576
91217_N2	0.011915722438646305	0.17864050026234254	0.2640179212788875	0	1	20	0.0	0.047619047619047616	0.9523809523809523	0	4	60866	0.0	6.571381632988336e-05	0.9999342861836701	0.9662945343740099	0.6483228571789897	0.49941028109598956	0.33228393295211417	0.030341206781808648	23	1	27	1	12	0.359375	0.015625	0.421875	0.015625	0.1875	12449	102	29559	19	5414	0.2618471699303788	0.002145426245714406	0.6217319058536482	0.00039963822224091877	0.11387585974801759
91217_N3	0.03537696091680954	0.06018813206228987	0.09718226811075348	23	19	0	0.5476190476190477	0.4523809523809524	0.0	70361	57413	0	0.5506675849546856	0.4493324150453144	0.0	0.8825701944833773	0.641163393089608	0.5058427504975804	0.35994431937901394	0.13970688404852677	1	0	22	0	1	0.041666666666666664	0.0	0.9166666666666666	0.0	0.041666666666666664	29	0	79410	0	43	0.0003648624845877054	0.0	0.9990941345210236	0.0	0.0005410029943886666
91218_N1	0.05827016421199798	0.12262185247177095	0.21641487984154095	0	1	20	0.0	0.047619047619047616	0.9523809523809523	0	52	70963	0.0	0.0007322396676758431	0.9992677603323241	0.9620449556077062	0.6885606517124274	0.5026876009042108	0.281979463821835	0.03855635110635278	18	3	28	4	19	0.25	0.041666666666666664	0.3888888888888889	0.05555555555555555	0.2638888888888889	14201	34	30631	142	12107	0.24863871137179375	0.0005952902039744375	0.5363039481747351	0.0024862120283638276	0.2119758382211328
91218_N2	0.028897918023702108	0.0972756250778159	0.1634927982536078	0	18	20	0.0	0.47368421052631576	0.5263157894736842	0	23423	33111	0.0	0.4143170481480171	0.5856829518519828	0.9052556782938834	0.6982219789233851	0.5320286349492616	0.39538406604000326	0.11666003348572648	13	12	22	18	21	0.1511627906976744	0.13953488372093023	0.2558139534883721	0.20930232558139536	0.2441860465116279	8214	3156	16532	8193	10096	0.17782684938624407	0.06832499837630707	0.35790521963152994	0.17737221536662987	0.21857071723928903
91218_N3	0.05820268010444521	0.07333412308318724	0.192969566456697	0	13	26	0.0	0.3333333333333333	0.6666666666666666	0	4964	24932	0.0	0.16604227990366605	0.833957720096334	0.9732253252895879	0.5888538830103294	0.4971814890042492	0.26374574359167985	0.0234655915871122	17	3	17	2	14	0.32075471698113206	0.05660377358490566	0.32075471698113206	0.03773584905660377	0.2641509433962264	8493	115	7669	80	6087	0.37840848333630367	0.005123863838887899	0.34169488504722867	0.003564427018356799	0.27120834075922295
91218_N5	0.04634560843865276	0.08441196352422	0.14494406650138453	4	22	6	0.125	0.6875	0.1875	4552	38528	8389	0.08844158619751695	0.748567098641901	0.1629913151605821	0.9629888564004391	0.6766258882888797	0.4938329095364335	0.3322068232691202	0.034096694518551574	9	0	21	4	16	0.18	0.0	0.42	0.08	0.32	7370	0	22772	44	10409	0.18154945190294372	0.0	0.5609557827318635	0.001083877324793694	0.2564108880403991
91218_N6	0.024474974729825925	0.13028414530445231	0.23934708630086496	2	20	21	0.046511627906976744	0.46511627906976744	0.4883720930232558	1509	25544	26059	0.02841165838228649	0.48094592559120347	0.49064241602651004	0.9687587891374818	0.6443291072263352	0.5071566031890753	0.3951505796413639	0.03256330663924329	7	0	20	1	17	0.15555555555555556	0.0	0.4444444444444444	0.022222222222222223	0.37777777777777777	8403	0	20078	61	13565	0.19956301802550644	0.0	0.47683283064573584	0.001448690241527537	0.32215546108723014
91376_N2	0.03877112337181721	0.08327364909969273	0.16117309191996865	25	15	30	0.35714285714285715	0.21428571428571427	0.42857142857142855	37197	7551	42714	0.4252932702202099	0.08633463675653427	0.4883720930232558	0.9393076063870456	0.6719186141711113	0.49953338325917224	0.3345198510477956	0.06722103044523482	22	3	30	5	16	0.2894736842105263	0.039473684210526314	0.39473684210526316	0.06578947368421052	0.21052631578947367	18635	42	36240	58	12545	0.27599229857819907	0.0006220379146919432	0.5367298578199052	0.0008590047393364929	0.1857968009478673
91414_N1	0.038308266920569024	0.13238559365635674	0.17576637088278768	1	0	20	0.047619047619047616	0.0	0.9523809523809523	11	0	40481	0.00027165859922947743	0.0	0.9997283414007705	0.8839901781485818	0.6180573958423304	0.4781384412025743	0.22982929052126394	0.035815572616125446	7	21	19	12	6	0.1076923076923077	0.3230769230769231	0.2923076923076923	0.18461538461538463	0.09230769230769231	4502	6173	9957	4420	1786	0.16774722408525225	0.23000968775616662	0.37100380058126536	0.1646918548326999	0.06654743274461584
91414_N2	0.05576714865064776	0.15151545223981583	0.2363933313979329	0	18	14	0.0	0.5625	0.4375	0	25906	16987	0.0	0.6039680134287646	0.3960319865712354	0.9786252464775135	0.5768898420967373	0.49543111973655474	0.38279879261966915	0.02321659866989055	15	5	20	1	18	0.2542372881355932	0.0847457627118644	0.3389830508474576	0.01694915254237288	0.3050847457627119	10559	279	12042	29	8891	0.3320440251572327	0.008773584905660377	0.3786792452830189	0.0009119496855345912	0.27959119496855345
91415_N1	0.031984297335288486	0.08748899292890491	0.11888060151740627	24	16	8	0.5	0.3333333333333333	0.16666666666666666	26962	15502	9820	0.5156835743248412	0.29649605998010864	0.18782036569505012	0.9679194055834435	0.6232733331658442	0.5011742532999627	0.3882860203588124	0.035206874013840456	22	1	40	0	16	0.27848101265822783	0.012658227848101266	0.5063291139240507	0.0	0.20253164556962025	8732	239	22426	0	10495	0.20844075241096152	0.005705146567363697	0.5353289410866037	0.0	0.25052515993507113
91415_N2	0.037281333866746175	0.09159692633298952	0.1632483815961812	8	21	10	0.20512820512820512	0.5384615384615384	0.2564102564102564	11091	24206	13991	0.22502434669696478	0.49111345560785585	0.28386219769517934	0.9807052822086983	0.6554677057531695	0.49966168092503316	0.3299682078684416	0.022264452475903092	15	3	22	0	18	0.25862068965517243	0.05172413793103448	0.3793103448275862	0.0	0.3103448275862069	8414	73	16366	0	11152	0.23368976531037355	0.00202749618108596	0.45454797944729897	0.0	0.3097347590612415
91415_N3	0.05071824220673484	0.14207784718921582	0.24043944118570024	2	22	22	0.043478260869565216	0.4782608695652174	0.4782608695652174	1635	30904	24972	0.02842934395159187	0.5373580706299664	0.4342125854184417	0.9568297123015116	0.6303490857007998	0.5016378345839198	0.3057774697794362	0.04832357760001941	15	2	25	0	19	0.2459016393442623	0.03278688524590164	0.4098360655737705	0.0	0.3114754098360656	9363	63	21400	0	12882	0.21421707696531528	0.0014413837283792441	0.48961288551294957	0.0	0.2947286537933559
91415_N5	0.026021668923180766	0.13678144620414107	0.252734960149287	0	26	23	0.0	0.5306122448979592	0.46938775510204084	0	37100	32735	0.0	0.5312522374167681	0.4687477625832319	0.9696117506768013	0.6484028356896492	0.5039653801315699	0.33549713529642355	0.028833219563980928	18	0	21	2	14	0.32727272727272727	0.0	0.38181818181818183	0.03636363636363636	0.2545454545454545	16413	0	22079	35	14377	0.31024119159231817	0.0	0.4173408437925299	0.0006615756842582791	0.2717563889308937
91416_N1	0.04165532238252051	0.10019654191991682	0.12989380477237686	0	16	13	0.0	0.5517241379310345	0.4482758620689655	0	64796	55664	0.0	0.5379046986551552	0.4620953013448448	0.9518848879547012	0.6872638824734554	0.4991251607947475	0.31529297132916795	0.07195555987962667	17	36	25	44	27	0.11409395973154363	0.24161073825503357	0.16778523489932887	0.2953020134228188	0.18120805369127516	11746	27740	20232	25468	8011	0.12603409981007974	0.2976490659570587	0.21708853289268967	0.27327059883901844	0.08595770250115348
91416_N2	0.030449950316422388	0.09589029905103857	0.1532866185161877	12	25	15	0.23076923076923078	0.4807692307692308	0.28846153846153844	17228	30668	17252	0.2644440351200344	0.47074353779087613	0.2648124270890895	0.9715538168597433	0.6389557563215751	0.5057246917249583	0.3792141919923318	0.027193642313244545	17	0	29	0	19	0.26153846153846155	0.0	0.4461538461538462	0.0	0.2923076923076923	12432	0	27667	0	7591	0.2606835814636192	0.0	0.5801425875445586	0.0	0.1591738309918222
91424_N1	0.040442903761200986	0.0836260484287952	0.12796186121227537	11	16	12	0.28205128205128205	0.41025641025641024	0.3076923076923077	16329	37848	27129	0.20083388679802228	0.4655007010552727	0.33366541214670503	0.932674946539602	0.6835126767179964	0.5002913397206623	0.32340084734509994	0.060007389538843575	14	4	22	0	21	0.22950819672131148	0.06557377049180328	0.36065573770491804	0.0	0.3442622950819672	15940	213	27772	0	16313	0.26461701915734254	0.00353597396991932	0.46103788306384674	0.0	0.2708091238088914
91424_N2	0.024918727912255766	0.048570120262419546	0.1198023924816753	22	6	0	0.7857142857142857	0.21428571428571427	0.0	73884	6106	0	0.9236654581822727	0.07633454181772721	0.0	0.8725437318439009	0.7631215448326929	0.49664631747368476	0.22306263096642664	0.11721676236120855	15	7	26	9	15	0.20833333333333334	0.09722222222222222	0.3611111111111111	0.125	0.20833333333333334	19956	501	26099	999	18051	0.3041794957778252	0.007636496661890681	0.39781422430875224	0.01522726579885986	0.275142517452672
91429_N1	0.04619924829144855	0.10509805813008792	0.16808507383029395	17	32	17	0.25757575757575757	0.48484848484848486	0.25757575757575757	28072	39148	27557	0.2961900039039007	0.4130537999725672	0.2907561961235321	0.9425209880958468	0.7036531365102257	0.5083937177586298	0.329049678773778	0.05922419252773471	22	5	32	4	20	0.26506024096385544	0.060240963855421686	0.3855421686746988	0.04819277108433735	0.24096385542168675	13750	126	35696	27	19682	0.19846711219526278	0.001818680446298408	0.5152350572306982	0.000389717238492516	0.28408943288924815
91429_N2	0.03558792194055797	0.12615645456750635	0.17209131162631527	0	0	20	0.0	0.0	1.0	0	0	71810	0.0	0.0	1.0	0.9191863404627235	0.728866970079762	0.5031583957706616	0.284394872270371	0.08691043593124784	19	24	30	11	24	0.17592592592592593	0.2222222222222222	0.2777777777777778	0.10185185185185185	0.2222222222222222	15377	824	26064	563	17619	0.25438814167783347	0.013631776597680613	0.43118765199265474	0.009313944447201681	0.2914784852846295
91429_N4	0.04781816170138981	0.07681105008233145	0.13680547001274515	2	18	22	0.047619047619047616	0.42857142857142855	0.5238095238095238	1795	33083	40915	0.023682925863866056	0.43649149657620095	0.539825577559933	0.9311548493692675	0.8183404674561391	0.5328828490756432	0.3974341961145416	0.08312415314956192	15	16	22	9	9	0.2112676056338028	0.22535211267605634	0.30985915492957744	0.1267605633802817	0.1267605633802817	7935	9826	23986	7126	6845	0.14241358268423132	0.17635234574105316	0.43048924943465305	0.12789403783337522	0.12285078430668725
91430_N2	0.02225855848668591	0.11914245785022537	0.21230519519030278	14	28	7	0.2857142857142857	0.5714285714285714	0.14285714285714285	14121	54233	18630	0.16234020049664305	0.6234824795364665	0.21417731996689046	0.9422146129441151	0.5895089389614167	0.49051933108234047	0.32989213839635845	0.06474512311028947	21	11	20	1	10	0.3333333333333333	0.1746031746031746	0.31746031746031744	0.015873015873015872	0.15873015873015872	27167	3462	26311	7	9197	0.4107250846637639	0.05234034833091437	0.3977836236090953	0.00010582970488630866	0.1390451136913401
91430_N3	0.0287640755055775	0.05995459757590664	0.10660624077435592	20	10	5	0.5714285714285714	0.2857142857142857	0.14285714285714285	44262	12667	3340	0.7344074067928786	0.21017438484129486	0.055418208365826546	0.9173039817661082	0.6335414604890298	0.4970776515698621	0.26117396119021113	0.07678387520321892	19	3	22	5	13	0.3064516129032258	0.04838709677419355	0.3548387096774194	0.08064516129032258	0.20967741935483872	13168	297	22462	115	12130	0.2733538154944781	0.0061654072905422234	0.4662874698995267	0.002387278917213319	0.2518060283982396
91431_N1	0.026897846566193095	0.07388599593233856	0.11498322061254716	21	18	8	0.44680851063829785	0.3829787234042553	0.1702127659574468	19713	16853	4500	0.48003214337895095	0.4103881556518775	0.10957970096917158	0.964031486080154	0.7221933521713298	0.5108485607793982	0.37512703062855907	0.03375871968101387	14	4	22	0	14	0.25925925925925924	0.07407407407407407	0.4074074074074074	0.0	0.25925925925925924	7143	65	14599	0	6689	0.2506667602470522	0.002281021897810219	0.5123175182481752	0.0	0.2347346996069624
91432_N1	0.03225472418942759	0.06886155783207723	0.11180092673233218	4	17	3	0.16666666666666666	0.7083333333333334	0.125	3330	46631	5669	0.05985978788423513	0.8382347654143448	0.1019054467014201	0.9608300955920746	0.6808966704981891	0.49933201664628857	0.34761268939530254	0.04061685904256577	19	4	23	0	12	0.3275862068965517	0.06896551724137931	0.39655172413793105	0.0	0.20689655172413793	14696	66	18319	0	7112	0.3656358072301147	0.0016420769785783593	0.4557758813723783	0.0	0.17694623441892868
91432_N2	0.03677371116122339	0.07442000044846088	0.08944214961167862	26	12	0	0.6842105263157895	0.3157894736842105	0.0	61994	18192	0	0.7731274786122265	0.22687252138777342	0.0	0.9637605949810073	0.6378536030282426	0.49875209982225455	0.33048297363956	0.03461021460835963	23	7	39	3	29	0.22772277227722773	0.06930693069306931	0.38613861386138615	0.0297029702970297	0.2871287128712871	14594	141	18237	26	12622	0.3199035510740903	0.0030907496711968436	0.3997588776852258	0.0005699254712845243	0.27667689609820256
91520_N1	0.029729257617273883	0.06853090006702309	0.1199278107171618	20	15	1	0.5555555555555556	0.4166666666666667	0.027777777777777776	31470	19657	199	0.6131395394147215	0.38298328332618947	0.0038771772590889607	0.9518047754653371	0.6695120628550927	0.4993312061271468	0.37450490305015294	0.046670275355660255	13	1	20	2	16	0.25	0.019230769230769232	0.38461538461538464	0.038461538461538464	0.3076923076923077	10673	50	17424	31	8658	0.2897437289607992	0.0013573677923770225	0.4730155282875448	0.000841568031273754	0.23504180692800522
91520_N2	0.04855685235214015	0.09611629181716287	0.1690422269785265	7	34	19	0.11666666666666667	0.5666666666666667	0.31666666666666665	16557	44506	23763	0.195187796194563	0.5246740386202343	0.2801381651852026	0.9060326523840204	0.7268438155439851	0.5020842922215674	0.38557115583977286	0.09818979455196367	18	8	32	2	13	0.2465753424657534	0.1095890410958904	0.4383561643835616	0.0273972602739726	0.1780821917808219	15304	900	37968	1688	9683	0.2334955677951879	0.01373144347985292	0.5792838289367286	0.025754085104435255	0.14773507468379538
91522_N2	0.03247643759306641	0.05519034719906068	0.11734439814971648	23	9	0	0.71875	0.28125	0.0	94389	9925	0	0.9048545736909714	0.09514542630902852	0.0	0.9384096249310446	0.7226857082035331	0.5350475568257484	0.35098007184867613	0.18181682095293175	14	39	26	9	7	0.14736842105263157	0.4105263157894737	0.2736842105263158	0.09473684210526316	0.07368421052631578	8353	28867	18790	11255	9757	0.10844953389940537	0.3747890213185843	0.2439562722339072	0.14612708057438134	0.1266780919737218
91523_N1	0.05009483181123814	0.17128023246861337	0.24413354241148816	0	5	22	0.0	0.18518518518518517	0.8148148148148148	0	4942	50283	0.0	0.0894884563150747	0.9105115436849253	0.9612460814968294	0.7157597780341992	0.5032122107241975	0.3441208291018099	0.03907539235202658	15	4	17	0	18	0.2777777777777778	0.07407407407407407	0.3148148148148148	0.0	0.3333333333333333	10985	44	15794	0	13344	0.27348320760823563	0.0010954265939701745	0.39320835511738494	0.0	0.3322130106804093
91531_N1	0.03759042916158994	0.15791427739357997	0.22536586709930123	0	2	20	0.0	0.09090909090909091	0.9090909090909091	0	2214	55801	0.0	0.03816254416961131	0.9618374558303887	0.956187594794712	0.6363498507079535	0.5055589368589374	0.3823310731933073	0.04315522890856121	15	0	23	1	15	0.2777777777777778	0.0	0.42592592592592593	0.018518518518518517	0.2777777777777778	9361	0	23255	40	10976	0.21454437110377705	0.0	0.5329803813714705	0.0009167583425009168	0.25155848918225154
91531_N3	0.02839065977166532	0.08398030870457009	0.14254838102300793	3	21	24	0.0625	0.4375	0.5	3250	43162	45150	0.03549507437583277	0.471396430833752	0.49310849479041524	0.9373697147594033	0.7915076700839483	0.4909143936796962	0.3454762868611273	0.0660241683408866	18	20	24	7	20	0.20224719101123595	0.2247191011235955	0.2696629213483146	0.07865168539325842	0.2247191011235955	19966	209	28352	181	23053	0.27822912166775826	0.002912445478741935	0.3950892546090495	0.0025222613954655037	0.3212469168489848
91532_N1	0.02805149791644676	0.06804329592541765	0.13398676122195854	3	21	8	0.09375	0.65625	0.25	2153	62787	8174	0.029447164701698718	0.8587548212380666	0.11179801406023471	0.9440742360842026	0.6914488087046078	0.5039024159373191	0.32835134413347744	0.056699473937876124	15	11	25	5	17	0.2054794520547945	0.1506849315068493	0.3424657534246575	0.0684931506849315	0.2328767123287671	13973	159	30666	220	10198	0.25306070704143724	0.0028796001159084325	0.5553824978267169	0.0039843523616343085	0.1846928426543031
91532_N2	0.04257930121960137	0.1464611801022018	0.2558513259994835	0	0	20	0.0	0.0	1.0	0	0	90348	0.0	0.0	1.0	0.9409692631857538	0.6736391887000445	0.5012970933187783	0.33291916199014654	0.059748077031780165	21	0	31	0	17	0.30434782608695654	0.0	0.4492753623188406	0.0	0.2463768115942029	18604	0	36340	0	15619	0.2636509218712356	0.0	0.5150007794453184	0.0	0.221348298683446
91539_N1	0.03706423192601432	0.08175294419745198	0.14663139334846664	22	23	12	0.38596491228070173	0.40350877192982454	0.21052631578947367	37152	17118	16797	0.5227742834226856	0.24087129047237113	0.23635442610494323	0.9538577275088711	0.6747752509013953	0.502906902983858	0.27791722042817657	0.044535924549347905	18	2	24	1	15	0.3	0.03333333333333333	0.4	0.016666666666666666	0.25	18734	47	30195	28	10129	0.3168112559822772	0.0007948184600815112	0.510628583024707	0.00047350886983579387	0.17129183366309844
91539_N3	0.032478212948092625	0.1256616339537152	0.17844779178896636	0	16	20	0.0	0.4444444444444444	0.5555555555555556	0	23976	69283	0.0	0.2570904684802539	0.742909531519746	0.9787448454887476	0.6201448684374771	0.50552756609946	0.34918338783247915	0.022182579252110927	14	3	23	1	19	0.23333333333333334	0.05	0.38333333333333336	0.016666666666666666	0.31666666666666665	12725	29	19939	7	13864	0.2732797869598832	0.0006227987286315608	0.4282063396615411	0.0001503307276007216	0.29774074392234345
91539_N4	0.029972699166377882	0.12455028704989539	0.214532460294834	0	0	20	0.0	0.0	1.0	0	0	68262	0.0	0.0	1.0	0.9603903759824505	0.6323315864781378	0.5073787989633616	0.22958218673302405	0.03732569002537963	18	2	22	2	16	0.3	0.03333333333333333	0.36666666666666664	0.03333333333333333	0.26666666666666666	11114	44	24726	20	11616	0.23388047138047138	0.000925925925925926	0.5203282828282828	0.00042087542087542086	0.24444444444444444
91539_N5	0.04062877545806233	0.10401934886178243	0.1583528451923518	9	21	14	0.20454545454545456	0.4772727272727273	0.3181818181818182	11031	16274	26054	0.20673176034033622	0.30499072321445303	0.4882775164452107	0.9425563790177085	0.6601019879795976	0.4966116293028118	0.3142632020821302	0.047870636848940225	16	2	25	1	14	0.27586206896551724	0.034482758620689655	0.43103448275862066	0.017241379310344827	0.2413793103448276	10804	10	22267	27	7735	0.2645251328256984	0.00024483999706192	0.5451852214577774	0.0006610679920671841	0.18938373772739514
91540_N1	0.05864165063720879	0.2272211324855276	0.3176390513082419	0	1	20	0.0	0.047619047619047616	0.9523809523809523	0	1483	72296	0.0	0.020100570623077026	0.979899429376923	0.9357605106037667	0.6985906556315811	0.5054346135141113	0.3592473248557295	0.05839057269945117	15	0	26	1	18	0.25	0.0	0.43333333333333335	0.016666666666666666	0.3	11198	0	30504	270	19196	0.18306957886476588	0.0	0.4986921266021449	0.004414072717760921	0.31382422181532826
91577_N1	0.03718325291634151	0.07274162330159452	0.1345868080187974	1	20	16	0.02702702702702703	0.5405405405405406	0.43243243243243246	1760	47187	17721	0.02639947201055979	0.7077908441831163	0.26580968380632386	0.9276381590971136	0.7725401193898324	0.4738777257756672	0.1982739962908302	0.09144377099511304	4	19	19	12	18	0.05555555555555555	0.2638888888888889	0.2638888888888889	0.16666666666666666	0.25	2181	8162	19299	12691	8157	0.04319667260843731	0.1616557734204793	0.3822341057635175	0.25135670429788076	0.16155674390968508
91577_N3	0.027434264378357	0.09197440818645514	0.13415922398777547	0	25	19	0.0	0.5681818181818182	0.4318181818181818	0	71866	49022	0.0	0.5944841506187546	0.40551584938124546	0.9501041100879097	0.7200475957196674	0.4928188751298951	0.27651384728793715	0.04690312250684621	8	21	41	27	10	0.07476635514018691	0.19626168224299065	0.38317757009345793	0.2523364485981308	0.09345794392523364	9337	12986	43006	22075	3212	0.10303919837556282	0.14330802507283483	0.4745960978193696	0.2436103999293723	0.03544627880286042
91585_N3	0.0407791390135069	0.08495533465803258	0.1338888400347634	23	19	3	0.5111111111111111	0.4222222222222222	0.06666666666666667	55336	31724	4585	0.6038081728408533	0.3461618200665612	0.05003000709258552	0.9481668414331758	0.7241443435234642	0.4955344702543314	0.3366636553420382	0.05131882527376263	21	12	25	2	19	0.26582278481012656	0.1518987341772152	0.31645569620253167	0.02531645569620253	0.24050632911392406	22965	191	29035	39	18074	0.326652822030041	0.002716772872098316	0.4129921483841602	0.0005547337278106509	0.2570835229858898
91588_N1	0.032612235094753576	0.06115074452217686	0.1093098979114466	21	6	1	0.75	0.21428571428571427	0.03571428571428571	53196	10667	206	0.8302923410697841	0.16649237540776352	0.003215283522452356	0.9413335081916452	0.6861361954411664	0.5040163482186758	0.21389592086565146	0.0570674285522957	26	0	31	4	19	0.325	0.0	0.3875	0.05	0.2375	13776	0	20905	38	12495	0.2917778624984115	0.0	0.44277121192866525	0.0008048460202482315	0.26464607955267505
91589_N1	0.032016234412028374	0.12122639277812701	0.21079734355862267	0	0	20	0.0	0.0	1.0	0	0	66803	0.0	0.0	1.0	0.9390256496027148	0.7152877646742805	0.49796491270266435	0.2996178877428247	0.059808918583807776	19	0	19	9	16	0.30158730158730157	0.0	0.30158730158730157	0.14285714285714285	0.25396825396825395	9662	0	29528	144	10098	0.19546043049037062	0.0	0.5973458488428548	0.0029130927334520148	0.20428062793332255
91590_N1	0.03264563765018477	0.05932559266997518	0.10939005493889752	5	20	1	0.19230769230769232	0.7692307692307693	0.038461538461538464	5836	82710	1239	0.06499972155705296	0.9212006459876372	0.013799632455309907	0.918063980514463	0.6902693114830002	0.5026061188863614	0.2973115728430922	0.08292627863611664	21	1	26	10	21	0.26582278481012656	0.012658227848101266	0.3291139240506329	0.12658227848101267	0.26582278481012656	18529	128	34537	159	16990	0.26340929445715994	0.0018196551184908236	0.4909799127134185	0.0022603528425003197	0.2415307848684304
91598_N1	0.03465934132563626	0.05775211614916491	0.14022612957334638	5	19	0	0.20833333333333334	0.7916666666666666	0.0	8713	55377	0	0.13594944609143392	0.8640505539085661	0.0	0.9714287730657398	0.7104567473189349	0.5028653391829563	0.3704245041351222	0.029184708610013235	11	0	23	0	9	0.2558139534883721	0.0	0.5348837209302325	0.0	0.20930232558139536	7095	0	35424	0	7649	0.14142481262956466	0.0	0.7061074788709935	0.0	0.15246770849944188
91599_N1	0.0755332930292648	0.15779029060634792	0.24210522357095832	0	19	19	0.0	0.5	0.5	0	25339	27127	0.0	0.4829603933976289	0.517039606602371	0.9583817577967266	0.5850304796370746	0.5064045761149945	0.39214885410464057	0.04201462940308116	18	3	29	0	13	0.2857142857142857	0.047619047619047616	0.4603174603174603	0.0	0.20634920634920634	15288	1191	16869	0	9210	0.35922740730297475	0.027985337656844776	0.39637670943183423	0.0	0.21641054560834624
91599_N2	0.03329934523319992	0.06041891371018591	0.10770508783431174	28	16	5	0.5714285714285714	0.32653061224489793	0.10204081632653061	78747	19945	2383	0.7790947316349246	0.19732871629977738	0.023576552065298045	0.9721078851609986	0.626611697688919	0.5068920771084353	0.3884404645701298	0.028284220033641214	20	1	39	4	32	0.20833333333333334	0.010416666666666666	0.40625	0.041666666666666664	0.3333333333333333	10576	78	21273	157	15735	0.2211673184299128	0.0016311507978000377	0.4448650118153872	0.0032832137853154603	0.32905330517158454
91599_N3	0.05634485220033735	0.1237899334899542	0.2053187711333118	5	27	15	0.10638297872340426	0.574468085106383	0.3191489361702128	4242	37383	16844	0.07255126648309361	0.6393644495373617	0.2880842839795447	0.9249836321753089	0.677217876343529	0.4984927496324023	0.34626771215573754	0.08810635069511696	21	3	31	0	14	0.30434782608695654	0.043478260869565216	0.4492753623188406	0.0	0.2028985507246377	14337	587	26610	0	6243	0.30008162923582477	0.01228624652029219	0.5569625552043871	0.0	0.130669569039496
91603_N1	0.04352705829384845	0.08871463004872344	0.14849218960010055	0	19	20	0.0	0.48717948717948717	0.5128205128205128	0	64578	45455	0.0	0.5868966582752447	0.4131033417247553	0.8743706112854797	0.6767749693489195	0.4975812042198812	0.29714205003881133	0.11528026576192386	11	25	30	35	20	0.09090909090909091	0.2066115702479339	0.24793388429752067	0.2892561983471074	0.1652892561983471	3388	25599	26876	22002	9163	0.03892999954037781	0.29414671140322657	0.30882014983683415	0.25281518591717606	0.10528795330238544
91604_C1	0.033919057591300907	0.133947730035304	0.24545067385139238	12	25	13	0.24	0.5	0.26	8201	26204	12726	0.1740043707962912	0.5559822622053425	0.27001336699836626	0.9587859831820906	0.6152410735453278	0.5056964169025547	0.36969340439608916	0.038751029024152166	9	3	24	0	20	0.16071428571428573	0.05357142857142857	0.42857142857142855	0.0	0.35714285714285715	6023	92	19872	0	11585	0.16030554668370062	0.0024486319599701907	0.5289045033535612	0.0	0.30834131800276804
91604_N1	0.030621237998489426	0.07382279851957005	0.11981635031770661	1	20	0	0.047619047619047616	0.9523809523809523	0.0	1469	51318	0	0.027828821490139617	0.9721711785098603	0.0	0.9691643141381878	0.5961416289233907	0.5015651569125752	0.29110477794399814	0.03116051960163728	13	1	19	0	19	0.25	0.019230769230769232	0.36538461538461536	0.0	0.36538461538461536	9802	56	19843	0	12016	0.2349641632907448	0.0013423784068844835	0.4756574058537287	0.0	0.28803605244864205
91605_N1	0.039447237745554344	0.08409429626932435	0.1727060067028377	24	14	2	0.6	0.35	0.05	44000	15316	2001	0.7175823996607792	0.2497839098455567	0.032633690493664075	0.969038271604321	0.600685823642875	0.4962798477584466	0.3153655268588511	0.02965359125475597	15	2	31	0	21	0.21739130434782608	0.028985507246376812	0.4492753623188406	0.0	0.30434782608695654	11071	138	21853	0	14013	0.23517790759426446	0.0029314922995220395	0.4642166755177908	0.0	0.29767392458842273
91611_N1	0.017965260050104563	0.07586673447037928	0.1541575649338962	1	25	18	0.022727272727272728	0.5681818181818182	0.4090909090909091	1957	46411	21483	0.02801677857153083	0.6644285693834018	0.3075546520450674	0.973723455867396	0.6707624025511232	0.49534016055859953	0.3490665196524965	0.027726975562319837	25	0	23	0	12	0.4166666666666667	0.0	0.38333333333333336	0.0	0.2	19819	0	24634	0	8243	0.3761006528009716	0.0	0.46747381205404587	0.0	0.15642553514498253
91612_N2	0.02781422642939693	0.05504378063638625	0.09447728498490607	23	6	1	0.7666666666666667	0.2	0.03333333333333333	54133	7822	1448	0.8537924072993391	0.12336955664558459	0.02283803605507626	0.957951615561783	0.6497260288662223	0.49574210884464737	0.34992019470535884	0.043056243519806525	14	0	25	1	13	0.2641509433962264	0.0	0.4716981132075472	0.018867924528301886	0.24528301886792453	9529	0	31571	71	8638	0.1913108072838242	0.0	0.6338412736654019	0.001425445200666546	0.17342247385010742
91613_N1	0.029139003275188258	0.06732379579526271	0.09643506805445416	23	5	0	0.8214285714285714	0.17857142857142858	0.0	38295	5156	0	0.8813375986743688	0.11866240132563118	0.0	0.9590718963332592	0.7253348628136916	0.4996431310387975	0.28435058886668635	0.04457642382300938	20	27	17	12	21	0.20618556701030927	0.27835051546391754	0.17525773195876287	0.12371134020618557	0.21649484536082475	7439	860	18748	289	7841	0.21147340591864003	0.02444779259175029	0.5329618785001563	0.008215595417460272	0.22290132757199307
91613_N2	0.035437016770564836	0.1189436927397856	0.22489662493459567	0	0	20	0.0	0.0	1.0	0	0	53177	0.0	0.0	1.0	0.9123154819750907	0.6845797765370873	0.5073190241040837	0.3700273608563901	0.08319150917755352	15	0	13	2	11	0.36585365853658536	0.0	0.3170731707317073	0.04878048780487805	0.2682926829268293	15010	0	16406	83	8764	0.37279884757718	0.0	0.4074708789707672	0.0020614459925986637	0.2176688274594541
91615_N2	0.03381228138645519	0.111107564264479	0.22116326807624617	0	0	20	0.0	0.0	1.0	0	0	67183	0.0	0.0	1.0	0.9556770222591595	0.7469766706773711	0.5042786764337241	0.35213681639550987	0.044746391629555834	14	1	25	3	12	0.2545454545454545	0.01818181818181818	0.45454545454545453	0.05454545454545454	0.21818181818181817	14601	7	27488	131	14323	0.25819628647214854	0.0001237842617152962	0.48608311229000883	0.0023165340406719717	0.25328028293545535
91615_N3	0.05668754176802621	0.10992428251101306	0.15489237768967964	0	3	19	0.0	0.13636363636363635	0.8636363636363636	0	1763	51554	0.0	0.03306637657782696	0.966933623422173	0.9392539585587515	0.750906991340066	0.49492976018488954	0.3856701559396034	0.051147349617215	18	1	22	1	11	0.33962264150943394	0.018867924528301886	0.41509433962264153	0.018867924528301886	0.20754716981132076	10775	33	24815	151	7471	0.24916175280379235	0.0007630939993062782	0.5738235634177361	0.0034917331483408486	0.17275985663082438
91615_N4	0.020930027201090096	0.08749294785327409	0.15854652146892792	1	19	16	0.027777777777777776	0.5277777777777778	0.4444444444444444	1101	16935	25290	0.02541199279878133	0.39087384018833954	0.5837141670128791	0.9707897245789056	0.6132334124521619	0.5025092265479905	0.3392943641516797	0.026017083467210277	9	5	17	0	10	0.21951219512195122	0.12195121951219512	0.4146341463414634	0.0	0.24390243902439024	9063	454	12908	0	10565	0.2747196120036375	0.013761745983631403	0.39127008184298273	0.0	0.3202485601697484
91615_N5	0.042185726490914524	0.07946276846634742	0.13137811937470242	7	23	14	0.1590909090909091	0.5227272727272727	0.3181818181818182	11148	26454	18401	0.19906076460189634	0.47236755173829975	0.32857168365980394	0.9136477119076729	0.6967968804218424	0.502049240537406	0.22076137263755558	0.0924072739931705	26	3	33	6	23	0.2857142857142857	0.03296703296703297	0.3626373626373626	0.06593406593406594	0.25274725274725274	13533	39	23042	865	8911	0.29172235395559387	0.0008406984263849967	0.4967018754041819	0.018646259969821083	0.1920888122440181
91615_N6	0.0307802751201846	0.11439563887815325	0.23147560798031735	2	20	23	0.044444444444444446	0.4444444444444444	0.5111111111111111	1854	22493	38905	0.029311326124075127	0.3556093087965598	0.6150793650793651	0.9383267117169134	0.7548956328346617	0.5107947679428274	0.3792073346668165	0.06559597461597384	15	5	25	2	18	0.23076923076923078	0.07692307692307693	0.38461538461538464	0.03076923076923077	0.27692307692307694	19476	48	18334	18	13139	0.3817700676271685	0.0009408997353719495	0.3593844947564442	0.00035283740076448106	0.2575517004802509
91615_N7	0.025087294333397417	0.09320338029825131	0.14537238154258905	1	18	16	0.02857142857142857	0.5142857142857142	0.45714285714285713	1296	28584	22406	0.024786749799181426	0.5466855372375015	0.42852771296331715	0.9447220359292042	0.6773541067194623	0.5040010466683802	0.34734334199667805	0.058361296118318445	15	0	27	0	13	0.2727272727272727	0.0	0.4909090909090909	0.0	0.23636363636363636	8436	0	24281	0	10368	0.1957990019728444	0.0	0.563560403852849	0.0	0.2406405941743066
91615_N8	0.012947452608544489	0.09756368547441004	0.2030201150232664	2	23	22	0.0425531914893617	0.48936170212765956	0.46808510638297873	1416	23224	23922	0.029158601375561137	0.47823401013137845	0.4926073884930604	0.9481365969156746	0.6871394194265362	0.5038261564918622	0.38877828808578013	0.04684864886410102	18	0	41	3	16	0.23076923076923078	0.0	0.5256410256410257	0.038461538461538464	0.20512820512820512	7848	0	24167	217	8088	0.19464285714285715	0.0	0.5993799603174603	0.005381944444444444	0.2005952380952381
91618_N1	0.052016524324713154	0.09242219263518636	0.17208411499491982	9	18	12	0.23076923076923078	0.46153846153846156	0.3076923076923077	11552	21648	18703	0.2225690229851839	0.4170857175885787	0.3603452594262374	0.9675489721720408	0.7057866657381439	0.4991994840643129	0.40406410371638607	0.035156873657646616	15	0	18	1	9	0.3488372093023256	0.0	0.4186046511627907	0.023255813953488372	0.20930232558139536	15335	0	17001	65	7582	0.3835380036515519	0.0	0.4252057124277818	0.0016256909186404221	0.18963059300202587
91618_N2	0.02912567665278694	0.05315874270774869	0.10483262182730917	4	20	1	0.16	0.8	0.04	8044	44267	22	0.15370798540118089	0.8458716297556036	0.0004203848432155619	0.9714295391955807	0.6330980871821932	0.4936757945345589	0.3222216348830502	0.025892275357711502	17	0	16	1	13	0.3617021276595745	0.0	0.3404255319148936	0.02127659574468085	0.2765957446808511	15877	0	13999	5	9615	0.40199007494429817	0.0	0.35444095604618187	0.00012659509823779622	0.24344237391128215
91618_N3	0.05722342666225896	0.12643212356595107	0.27781272675873375	0	0	20	0.0	0.0	1.0	0	0	48597	0.0	0.0	1.0	0.9746402676447307	0.6517963006933547	0.49871100759759157	0.37574688073124535	0.029164052177133967	17	0	20	0	10	0.3617021276595745	0.0	0.425531914893617	0.0	0.2127659574468085	7795	0	20993	0	8528	0.208891628255976	0.0	0.5625736949297888	0.0	0.22853467681423517
91619_N1	0.049582523549318365	0.13327130430682468	0.21743749559887524	0	21	12	0.0	0.6363636363636364	0.36363636363636365	0	55359	22974	0.0	0.7067136455899813	0.29328635441001877	0.9697335404014131	0.6557377413127756	0.4970470182272955	0.3503879556446279	0.02887442406787667	17	3	29	2	20	0.23943661971830985	0.04225352112676056	0.4084507042253521	0.028169014084507043	0.28169014084507044	23622	134	26681	30	11848	0.3790740592152772	0.0021503650806386906	0.4281633635561261	0.0004814250180534382	0.19013078712990453
91619_N2	0.03335194509555108	0.06768282240145608	0.11394334368447756	13	19	0	0.40625	0.59375	0.0	26372	60023	0	0.3052491463626367	0.6947508536373632	0.0	0.9696449001081925	0.830533991034951	0.5707058678122633	0.3724969152932912	0.0958963477442398	11	15	18	15	9	0.16176470588235295	0.22058823529411764	0.2647058823529412	0.22058823529411764	0.1323529411764706	11981	17857	22566	8631	7503	0.17480813563278766	0.26054159736204735	0.329248008404097	0.12593014094371005	0.10947211765735797
91620_N1	0.034828739427612054	0.07110045278588502	0.12181165882348938	15	20	11	0.32608695652173914	0.43478260869565216	0.2391304347826087	31120	26296	10524	0.458051221666176	0.38704739476008243	0.15490138357374153	0.9652729915523574	0.6806084076701834	0.5015945858682329	0.3507448839156776	0.03166474338034564	16	0	24	1	13	0.2962962962962963	0.0	0.4444444444444444	0.018518518518518517	0.24074074074074073	12171	0	24756	15	16218	0.22895033860045147	0.0	0.4656884875846501	0.0002821670428893905	0.30507900677200905
91620_N2	0.025959443587359035	0.07344660804535535	0.1195501770099586	12	18	16	0.2608695652173913	0.391304347826087	0.34782608695652173	21818	24613	27004	0.2971062844692585	0.33516715462654045	0.36772656090420097	0.9620044125638266	0.6860476893945475	0.5007049076723814	0.33699544282426624	0.03489852616536865	11	3	20	0	15	0.22448979591836735	0.061224489795918366	0.40816326530612246	0.0	0.30612244897959184	6700	42	35220	0	15695	0.11620445045701303	0.000728445808835007	0.6108538425516417	0.0	0.2722132611825104
91620_N3	0.04008527928718414	0.08013002275749923	0.13431512307389426	1	19	10	0.03333333333333333	0.6333333333333333	0.3333333333333333	36	49696	15813	0.0005492409794797468	0.7581966587840415	0.24125410023647875	0.9294225711217006	0.6387045491639817	0.5102396733608113	0.33043381134745237	0.06930915918845676	22	0	33	4	23	0.2682926829268293	0.0	0.4024390243902439	0.04878048780487805	0.2804878048780488	10262	0	26569	71	16905	0.19071867972568624	0.0	0.4937833367405728	0.0013195309160518149	0.3141784526176892
91620_N4	0.03661335884121701	0.0799864631168708	0.14803311268558614	25	26	8	0.423728813559322	0.4406779661016949	0.13559322033898305	49056	36918	6063	0.5330030313895499	0.40112128817758075	0.06587568043286939	0.9794090553154186	0.6820189334067605	0.50471244681718	0.31491604811842794	0.022090228799301753	15	0	28	1	21	0.23076923076923078	0.0	0.4307692307692308	0.015384615384615385	0.3230769230769231	12450	0	21812	4	14868	0.2533886921480034	0.0	0.4439288476411446	8.141002157365571e-05	0.3026010501892783
91620_N5	0.03097319564527864	0.08500705655791788	0.14240982688513965	20	18	3	0.4878048780487805	0.43902439024390244	0.07317073170731707	44646	23110	3069	0.6303706318390399	0.3262972114366396	0.04333215672432051	0.9708899834401119	0.6403845446260459	0.4982441051242732	0.32652875964518874	0.029845111786629047	19	0	18	2	17	0.3392857142857143	0.0	0.32142857142857145	0.03571428571428571	0.30357142857142855	16490	0	25766	62	12460	0.3010332615283508	0.0	0.470371316952061	0.0011318412501369164	0.22746358026945124
91620_N6	0.061235322821241917	0.10468349637825004	0.20186587539161388	0	18	19	0.0	0.4864864864864865	0.5135135135135135	0	20132	31734	0.0	0.38815408938418233	0.6118459106158177	0.9782442541632089	0.6200418842980997	0.5083505805535575	0.34588884074242454	0.02212966511718545	19	0	25	0	15	0.3220338983050847	0.0	0.423728813559322	0.0	0.2542372881355932	8991	0	21251	0	8760	0.23052663965950465	0.0	0.5448694938721091	0.0	0.22460386646838623
91620_N7	0.04441729670347677	0.14517715758130634	0.2139843139605698	0	15	17	0.0	0.46875	0.53125	0	19930	26927	0.0	0.4253366626117763	0.5746633373882237	0.9750453051574788	0.6416081704398925	0.5109940411560242	0.3560015084720578	0.025133148707311845	10	0	27	0	17	0.18518518518518517	0.0	0.5	0.0	0.3148148148148148	7578	0	17180	0	10241	0.2165204720134861	0.0	0.49087116774764994	0.0	0.29260836023886394
91622_N1	0.026246678372928732	0.07208778706089378	0.12654017212959082	3	20	15	0.07894736842105263	0.5263157894736842	0.39473684210526316	2670	41946	23255	0.039339334914764774	0.6180253716609451	0.3426352934242902	0.9752383729500457	0.6558585714045039	0.496467242865647	0.30219730009701007	0.02361777392534503	18	1	22	0	14	0.32727272727272727	0.01818181818181818	0.4	0.0	0.2545454545454545	13836	53	29189	0	10122	0.2600751879699248	0.0009962406015037594	0.5486654135338346	0.0	0.19026315789473683
91831_N1	0.03176731705353415	0.056883336633209367	0.0716642449804928	22	8	0	0.7333333333333333	0.26666666666666666	0.0	68927	8474	0	0.8905182103590393	0.10948178964096071	0.0	0.9423582489508906	0.6302670332254838	0.5056345538746767	0.3641869912387293	0.05780575577457948	15	4	38	1	27	0.17647058823529413	0.047058823529411764	0.4470588235294118	0.011764705882352941	0.3176470588235294	12412	68	30362	54	16006	0.2107228956571933	0.0011544599504261315	0.5154663678652678	0.0009167770194560456	0.2717394995076568
91832_N1	0.039686781035852145	0.07659367294491352	0.12271725452370918	10	20	1	0.3225806451612903	0.6451612903225806	0.03225806451612903	11993	28672	1060	0.28742959856201317	0.6871659676452966	0.025404433792690233	0.9639285372417734	0.6155061874309252	0.4916523622373293	0.39037485355935275	0.033740243643258234	20	0	33	1	24	0.2564102564102564	0.0	0.4230769230769231	0.01282051282051282	0.3076923076923077	8322	0	13755	27	7153	0.2844447482653724	0.0	0.470143897186998	0.0009228560686331477	0.24448849847899648
91833_N1	0.03315972837300964	0.061579883533910425	0.08706145212115168	22	18	0	0.55	0.45	0.0	60901	33916	0	0.642300431357246	0.35769956864275393	0.0	0.9256186872295556	0.7427629339645265	0.5052440615391952	0.2576543422782748	0.07070083234072999	21	1	29	1	17	0.30434782608695654	0.014492753623188406	0.42028985507246375	0.014492753623188406	0.2463768115942029	14273	239	38521	25	19700	0.19617086780835097	0.0032848621457434233	0.529440061573985	0.00034360482696060916	0.27076060364496
91834_N2	0.02700896708743913	0.09158815825440816	0.14906210850345863	25	20	6	0.49019607843137253	0.39215686274509803	0.11764705882352941	46108	31890	11416	0.5156686872301877	0.35665555729527815	0.1276757554745342	0.9387507855329494	0.7284469221378781	0.5058360136606547	0.38685471813180045	0.09537650673959377	7	9	23	4	16	0.11864406779661017	0.15254237288135594	0.3898305084745763	0.06779661016949153	0.2711864406779661	6171	228	36275	1141	22959	0.09241620990205769	0.003414502650732321	0.5432503669092761	0.017087489142480605	0.3438314313954533
91835_N1	0.020038399586245145	0.08981265686858554	0.1568155211820544	1	17	21	0.02564102564102564	0.4358974358974359	0.5384615384615384	1278	20903	33820	0.02282102105319548	0.3732611917644328	0.6039177871823718	0.9535728877002004	0.6219930277344685	0.501320660812159	0.3578878597979905	0.04649955852838518	20	4	32	1	22	0.25316455696202533	0.05063291139240506	0.4050632911392405	0.012658227848101266	0.27848101265822783	19772	230	17569	68	8742	0.4262952502102154	0.004958927146892046	0.3787973523641146	0.0014661175912550398	0.18848235268752292
91835_N2	0.08515103475290582	0.19092607121047717	0.27947577960759346	0	11	21	0.0	0.34375	0.65625	0	12408	28910	0.0	0.30030495183697176	0.6996950481630282	0.9676043478019909	0.6566022523172418	0.498577746083609	0.3521309797674395	0.02981986754465602	11	0	20	1	10	0.2619047619047619	0.0	0.47619047619047616	0.023809523809523808	0.23809523809523808	5497	0	16871	141	9947	0.16936775942814888	0.0	0.5198114370224304	0.0043443431106729114	0.3064764604387478
91837_N1	0.04711032524982933	0.14353363326811866	0.23948979033468987	0	16	21	0.0	0.43243243243243246	0.5675675675675675	0	18304	35300	0.0	0.3414670546974106	0.6585329453025893	0.9683134339664096	0.6186268961045447	0.51064025006533	0.3090782810987027	0.030672806747832883	20	1	23	2	11	0.3508771929824561	0.017543859649122806	0.40350877192982454	0.03508771929824561	0.19298245614035087	17757	28	12716	24	10990	0.42772491870408286	0.0006744550162591835	0.30629892809827775	0.0005781042996507287	0.2647235938817295
91837_N2	0.05286094251217272	0.11886413240940064	0.16331144276063955	0	3	20	0.0	0.13043478260869565	0.8695652173913043	0	4368	75134	0.0	0.054942014037382705	0.9450579859626173	0.9763156554552216	0.6283931483759977	0.48981755744513517	0.38427103481927627	0.02542243319648636	20	1	27	3	17	0.29411764705882354	0.014705882352941176	0.39705882352941174	0.04411764705882353	0.25	6682	1283	19772	54	10427	0.17483908106128002	0.033570568841906956	0.5173478465644461	0.0014129467790046574	0.2728295567533623
91837_N3	0.0444316275040329	0.0945030963211688	0.17666675977690438	3	18	19	0.075	0.45	0.475	2528	31106	26316	0.04216847372810675	0.5188657214345288	0.43896580483736447	0.9645975600241348	0.7185885611613927	0.4954372048603776	0.23692018169123544	0.035866536891549276	22	3	28	7	20	0.275	0.0375	0.35	0.0875	0.25	12193	52	20386	95	16586	0.24726232965606748	0.001054510058403634	0.4134085009733939	0.0019265087605451006	0.3363481505515899
91837_N4	0.03407852362347807	0.06484428387109781	0.10545090861760087	14	25	8	0.2978723404255319	0.5319148936170213	0.1702127659574468	42086	51479	11652	0.399992396665938	0.4892650427212333	0.11074256061282872	0.9710391516054943	0.7596816493078823	0.5058248039799663	0.24185577182806592	0.030342617583089926	12	24	38	26	4	0.11538461538461539	0.23076923076923078	0.36538461538461536	0.25	0.038461538461538464	11787	24089	22178	13505	8460	0.14730251565253252	0.30104100276184403	0.2771591746960097	0.16877241655106912	0.1057248903385446
91837_N5	0.03704710215880322	0.13082419465001907	0.21420992465987304	0	0	20	0.0	0.0	1.0	0	0	72559	0.0	0.0	1.0	0.9809026098817328	0.6408606195447119	0.5138196455451396	0.34394981621428583	0.0198704302849244	15	1	15	1	17	0.30612244897959184	0.02040816326530612	0.30612244897959184	0.02040816326530612	0.3469387755102041	11812	6	21180	18	19556	0.22468234040934337	0.00011412919424788861	0.4028760556950468	0.0003423875827436658	0.3719850871186183
91837_N6	0.04178211590015879	0.08489531923760245	0.12963965607975161	21	17	6	0.4772727272727273	0.38636363636363635	0.13636363636363635	38394	21041	4345	0.6019755409219191	0.3298996550642835	0.06812480401379743	0.9724198523850998	0.6292749035345248	0.4949412395592087	0.3646452626596964	0.02864143592448797	11	0	21	2	11	0.24444444444444444	0.0	0.4666666666666667	0.044444444444444446	0.24444444444444444	9488	0	29133	33	11174	0.19041502769527174	0.0	0.5846712691659308	0.000662278237135747	0.22425142490166172
91838_N1	0.034133212065042065	0.08559813980469261	0.1353745160086826	2	21	1	0.08333333333333333	0.875	0.041666666666666664	1502	47144	976	0.0302688323727379	0.9500624722905163	0.019668695336745798	0.9510469840617191	0.6138671267134642	0.5009089614062239	0.35610802384505497	0.05468793467339268	13	6	16	1	11	0.2765957446808511	0.1276595744680851	0.3404255319148936	0.02127659574468085	0.23404255319148937	8174	306	16671	93	14175	0.20736193206321824	0.007762754001877268	0.42291788223952914	0.0023592683731195616	0.35959816332225575
91838_N2	0.047262108063719326	0.09530247406799017	0.23734467049119437	2	31	34	0.029850746268656716	0.4626865671641791	0.5074626865671642	1454	43727	39092	0.017253450096709505	0.5188731859551695	0.463873363948121	0.9633959269359803	0.7048427270253668	0.49407886075617613	0.34158201450419445	0.03769137401270294	14	2	20	1	16	0.2641509433962264	0.03773584905660377	0.37735849056603776	0.018867924528301886	0.3018867924528302	15150	101	21294	54	11578	0.31446540880503143	0.0020964360587002098	0.44199514291051745	0.0011208668036614981	0.24032214542208938
91838_N3	0.03162871986304902	0.07241381560135644	0.13352850856196208	12	16	14	0.2857142857142857	0.38095238095238093	0.3333333333333333	29081	22199	16929	0.4263513612573121	0.32545558504009736	0.24819305370259057	0.9642927345771025	0.6353412158939725	0.5045851180441777	0.32192316288511064	0.0359718581299268	10	0	21	0	17	0.20833333333333334	0.0	0.4375	0.0	0.3541666666666667	7099	0	31629	0	14933	0.1322934719815136	0.0	0.58942248560407	0.0	0.27828404241441645
91838_N4	0.06213798173543567	0.13487874886275722	0.18111685822954562	0	0	20	0.0	0.0	1.0	0	0	35306	0.0	0.0	1.0	0.974953661313131	0.6336876025177278	0.49736845621258857	0.40178210402753756	0.028688221961554017	21	1	31	0	18	0.29577464788732394	0.014084507042253521	0.43661971830985913	0.0	0.2535211267605634	6394	2	14454	0	6918	0.23026505329876115	7.202535292422933e-05	0.5205272255834054	0.0	0.24913569576490924
91838_N5	0.03320717802365276	0.10787608559108526	0.21999089956652645	0	0	20	0.0	0.0	1.0	0	0	34392	0.0	0.0	1.0	0.973171204250784	0.6400661070557566	0.4964173410882252	0.3982146561251695	0.026358052329109153	21	0	31	0	17	0.30434782608695654	0.0	0.4492753623188406	0.0	0.2463768115942029	6199	0	14113	0	6778	0.2288298265042451	0.0	0.5209671465485419	0.0	0.25020302694721297
91839_N1	0.049220554182133426	0.12369213700118455	0.19741949967090294	11	22	10	0.2558139534883721	0.5116279069767442	0.23255813953488372	8896	21812	11884	0.20886551465063863	0.512114951164538	0.27901953418482345	0.9714173139119286	0.5854836689462561	0.4986454186472115	0.28249630248616925	0.02976689663106128	17	2	17	7	17	0.2833333333333333	0.03333333333333333	0.2833333333333333	0.11666666666666667	0.2833333333333333	8120	479	15769	30	8775	0.24477737919392276	0.01443945377264643	0.4753564645947005	0.0009043499231302565	0.2645223525156
91839_N2	0.08080682039555441	0.1757818923106784	0.24450485463510066	0	12	22	0.0	0.35294117647058826	0.6470588235294118	0	18392	50203	0.0	0.26812449887018003	0.7318755011298199	0.9592175757605967	0.6629211965922808	0.5035495369356054	0.30301657554998734	0.03366196377904015	15	0	34	0	22	0.2112676056338028	0.0	0.4788732394366197	0.0	0.30985915492957744	10224	0	28994	0	15645	0.1863551027103877	0.0	0.5284800320799081	0.0	0.2851648652097042
91839_N3	0.04581053954355818	0.0922538443319482	0.15216367561592606	13	21	22	0.23214285714285715	0.375	0.39285714285714285	16828	26792	23129	0.2521086458224093	0.4013842904013543	0.34650706377623636	0.966101349075779	0.6314211105610343	0.4997358785848508	0.36020141708929426	0.030928580149073535	20	3	38	2	16	0.25316455696202533	0.0379746835443038	0.4810126582278481	0.02531645569620253	0.20253164556962025	11534	220	34952	125	9385	0.2051729045111712	0.003913476590294578	0.6217446990180732	0.0022235662444855557	0.1669453536359755
91841_N2	0.04360435874595167	0.06927647820742892	0.09968428258994266	12	22	1	0.34285714285714286	0.6285714285714286	0.02857142857142857	30969	43360	3368	0.3985868180238619	0.5580653049667297	0.04334787700940834	0.9213674622829289	0.6586257876609064	0.4653996590701328	0.2062914613802137	0.06878262987795448	13	24	29	15	6	0.14942528735632185	0.27586206896551724	0.3333333333333333	0.1724137931034483	0.06896551724137931	10027	17998	20396	8979	6724	0.15636891023641694	0.2806749422992951	0.31807123697835443	0.14002557544757033	0.10485933503836317
91842_N1	0.0017577249641027102	0.12330064715897929	0.2377329571359096	0	0	20	0.0	0.0	1.0	0	0	88115	0.0	0.0	1.0	0.9747990743001161	0.7529226745928551	0.5033019030195778	0.35118286320496095	0.0220049369161507	16	2	29	3	20	0.22857142857142856	0.02857142857142857	0.4142857142857143	0.04285714285714286	0.2857142857142857	12773	78	28862	1731	16387	0.21348464842640102	0.0013036720094934064	0.48239207099998327	0.02893149036452675	0.2738881181995955
91842_N2	0.00097113197755033	0.13079956651362137	0.22962075633834514	0	0	20	0.0	0.0	1.0	0	0	20326	0.0	0.0	1.0	0.9105796196128844	0.665150871046757	0.5070332614688253	0.38567663356800896	0.08658395611596707	24	7	31	13	23	0.24489795918367346	0.07142857142857142	0.3163265306122449	0.1326530612244898	0.23469387755102042	2647	332	7753	655	2171	0.19523528544033042	0.02448738752028323	0.5718395043516743	0.048310960318631066	0.160126862369081
91842_N3	0.04112502849618835	0.14217859577323808	0.20876884252475805	0	1	20	0.0	0.047619047619047616	0.9523809523809523	0	72	80132	0.0	0.00089771083736472	0.9991022891626353	0.9752246427912378	0.6600489407314989	0.5028291266896738	0.36405394195008506	0.02296728396456046	20	2	21	2	13	0.3448275862068966	0.034482758620689655	0.3620689655172414	0.034482758620689655	0.22413793103448276	15636	503	27711	3873	11524	0.2639120968150286	0.008489881344203082	0.4677198845511165	0.06537039850118993	0.19450773878846186
91842_N4	0.03911453189935522	0.09525808916848674	0.19348154085687963	0	0	20	0.0	0.0	1.0	0	0	26150	0.0	0.0	1.0	0.9788402227894137	0.5825130387783236	0.506356269405527	0.33074822472350707	0.026095228657655605	12	0	14	1	8	0.34285714285714286	0.0	0.4	0.02857142857142857	0.22857142857142856	7106	0	5741	1080	4170	0.39266176714372547	0.0	0.31723490081228933	0.05967839973476267	0.23042493230922254
91842_N5	0.06209075558801593	0.19037479992441406	0.24554954176301474	0	1	20	0.0	0.047619047619047616	0.9523809523809523	0	3	49542	0.0	6.0551014229488346e-05	0.9999394489857705	0.9751755858389337	0.6549758249530658	0.505089160914978	0.38453817104128263	0.03023447179424468	16	2	20	0	7	0.35555555555555557	0.044444444444444446	0.4444444444444444	0.0	0.15555555555555556	8839	40	22628	0	4913	0.2426963207029105	0.001098297638660077	0.6213069741900055	0.0	0.13489840746842394
91863_N3	0.028226432527134526	0.0566547640837986	0.11888547560833007	21	19	0	0.525	0.475	0.0	39479	30897	0	0.5609724906218029	0.4390275093781971	0.0	0.9457697426115496	0.7004801263847992	0.5040710625508898	0.33373849526964944	0.05618222686980632	11	10	21	9	24	0.14666666666666667	0.13333333333333333	0.28	0.12	0.32	7057	206	25108	152	20997	0.13185724962630793	0.0038490284005979073	0.46913303437967113	0.0028400597907324364	0.39232062780269056
91864_N1	0.01899339741205078	0.0762037070405656	0.15883121633673214	4	7	24	0.11428571428571428	0.2	0.6857142857142857	1558	9102	40815	0.03026711996114619	0.17682370082564353	0.7929091792132102	0.921492925105759	0.6312939873067316	0.4954185149555513	0.3624796045209157	0.08292356155826794	17	0	20	0	10	0.3617021276595745	0.0	0.425531914893617	0.0	0.2127659574468085	15259	0	18674	0	7645	0.366996969551205	0.0	0.4491317523690413	0.0	0.1838712780797537
91864_N2	0.04760755633092899	0.08196287023447225	0.14272975436276428	1	24	12	0.02702702702702703	0.6486486486486487	0.32432432432432434	1141	59434	20719	0.014035476172903289	0.7310994661352621	0.2548650576918346	0.9507146240398718	0.6757999625290636	0.5006368859227939	0.33043568222996617	0.0493794881403893	12	4	26	1	27	0.17142857142857143	0.05714285714285714	0.37142857142857144	0.014285714285714285	0.38571428571428573	7395	133	34056	29	21631	0.11692808803997218	0.002102966289292265	0.5384858642717095	0.0004585415217253811	0.34202453987730064
91864_N3	0.04279321542264499	0.11319665821750544	0.18101680236324483	10	21	15	0.21739130434782608	0.45652173913043476	0.32608695652173914	15922	39958	23086	0.20163108173137806	0.5060152470683585	0.2923536712002634	0.9208066752849438	0.76487265193586	0.4969181859181139	0.3056971821806666	0.0715822709374601	11	2	21	11	12	0.19298245614035087	0.03508771929824561	0.3684210526315789	0.19298245614035087	0.21052631578947367	15677	69	28355	267	16185	0.2588971644674913	0.0011394976301752184	0.46826746816838144	0.0044093603950258456	0.2672865093389262
91864_N4	0.041755736187654276	0.09136017430552641	0.15210727469429702	12	28	13	0.22641509433962265	0.5283018867924528	0.24528301886792453	19556	39645	21442	0.24250089902409386	0.4916111751794948	0.26588792579641135	0.9053103507038487	0.7554823153098581	0.5080597620621262	0.26836259073988206	0.10031574100075642	15	11	17	16	15	0.20270270270270271	0.14864864864864866	0.22972972972972974	0.21621621621621623	0.20270270270270271	19337	694	28541	566	15160	0.30074030296432236	0.01079349279915394	0.44388627951102677	0.008802762138791253	0.23577716258670564
91865_N2	0.028893355779593278	0.08564880273345342	0.12942438836571385	1	19	10	0.03333333333333333	0.6333333333333333	0.3333333333333333	2163	67376	9136	0.027492850333651096	0.8563838576421989	0.11612329202414999	0.9241310218807471	0.6917066541579686	0.4983448741752913	0.3060817073984161	0.08387170854592738	17	12	21	3	16	0.2463768115942029	0.17391304347826086	0.30434782608695654	0.043478260869565216	0.2318840579710145	23396	311	31118	79	5935	0.38455595917092655	0.005111852594552836	0.5114811223064153	0.0012985091799667975	0.09755255674813854
91865_N3	0.047514334477159394	0.09763262820207474	0.17459162860377622	1	25	12	0.02631578947368421	0.6578947368421053	0.3157894736842105	1460	51078	20299	0.020044757472163874	0.7012644672350591	0.278690775292777	0.9436294125720098	0.7754485979053535	0.49554843626450623	0.2529205877886734	0.05003703629148501	13	9	20	10	17	0.18840579710144928	0.13043478260869565	0.2898550724637681	0.14492753623188406	0.2463768115942029	15978	167	23757	72	15419	0.28844799884461936	0.0030148213673207806	0.4288809055295795	0.001299803224234109	0.2783564710342462
91865_N6	0.03271178329103563	0.0535126709820001	0.10788213531444003	19	13	0	0.59375	0.40625	0.0	57444	17845	0	0.7629799837957736	0.23702001620422639	0.0	0.9432957815213044	0.7576983219267709	0.5022288634997787	0.3000632477457865	0.056790943846451857	19	6	27	2	12	0.2878787878787879	0.09090909090909091	0.4090909090909091	0.030303030303030304	0.18181818181818182	17494	221	29091	42	9968	0.30790622359898623	0.003889749366375669	0.5120212616164461	0.0007392283863700366	0.17544353703182203
91867_N1	0.05095324567071367	0.10603580855704506	0.21157929470494272	8	30	33	0.11267605633802817	0.4225352112676056	0.4647887323943662	7616	33174	40333	0.09388212960566054	0.4089345808217152	0.4971832895726243	0.9566867136355709	0.6205913117673838	0.4912406681255353	0.33074135363120283	0.04351847072225412	21	2	28	4	14	0.30434782608695654	0.028985507246376812	0.4057971014492754	0.057971014492753624	0.2028985507246377	14563	319	34787	87	10700	0.2408859335715231	0.005276564774381368	0.5754102156940585	0.0014390631202858277	0.1769882228397512
91867_N2	0.059568827652861096	0.13146355772376528	0.22733470383066962	12	28	30	0.17142857142857143	0.4	0.42857142857142855	9695	31548	24776	0.14685166391493357	0.47786243354185914	0.37528590254320726	0.9575558540919515	0.6423981373540634	0.5125367372614547	0.32865981880149187	0.04484433175122563	13	1	22	3	15	0.24074074074074073	0.018518518518518517	0.4074074074074074	0.05555555555555555	0.2777777777777778	10834	93	23432	100	14388	0.22179458308596228	0.0019039040268593772	0.4797019264233218	0.0020472086310315885	0.29455237783282495
91868_N2	0.0016773868431162592	0.12604268485470713	0.2068721552942436	0	0	20	0.0	0.0	1.0	0	0	66652	0.0	0.0	1.0	0.9036066226408686	0.5939266625476279	0.47754484776352346	0.15385457006744002	0.047236694605047806	14	4	20	4	11	0.2641509433962264	0.07547169811320754	0.37735849056603776	0.07547169811320754	0.20754716981132076	13884	712	20792	2703	11173	0.2818285157518675	0.014452744397531666	0.42205261448522247	0.05486765183501137	0.226798473530367
91868_N3	0.02753221949142462	0.0802770621383713	0.12845491953824026	1	20	0	0.047619047619047616	0.9523809523809523	0.0	1535	70362	0	0.02134998678665313	0.9786500132133469	0.0	0.9186670570244504	0.7196038123775055	0.5009264928245531	0.2592367584575516	0.0781591634739188	15	8	22	7	17	0.21739130434782608	0.11594202898550725	0.3188405797101449	0.10144927536231885	0.2463768115942029	16879	171	24014	428	13238	0.3084048967659419	0.003124429015165357	0.43877215421158416	0.007820208295267677	0.24187831171204094
91868_N7	0.030774395446815525	0.09039734615316396	0.12982589333309164	2	23	8	0.06060606060606061	0.696969696969697	0.24242424242424243	1204	83503	14954	0.01208095443553647	0.8378703805902008	0.15004866497426275	0.9319319840486728	0.7214194366969036	0.5063576740502083	0.282347101255318	0.06473072325048669	2	15	36	20	9	0.024390243902439025	0.18292682926829268	0.43902439024390244	0.24390243902439024	0.10975609756097561	1015	18273	30042	17184	7498	0.013713992325568827	0.24689239582770361	0.4059071501918608	0.23217856563800465	0.10130789601686213
91928_N1	0.051368001664515765	0.1641658483508186	0.2346782374089666	0	3	21	0.0	0.125	0.875	0	2951	101396	0.0	0.02828064055507106	0.9717193594449289	0.9272307394836367	0.6982463065991177	0.48892073914730294	0.2829836910530083	0.07431214615041692	17	1	23	2	21	0.265625	0.015625	0.359375	0.03125	0.328125	20448	87	31030	27	31343	0.24655453065653826	0.0010490142882980647	0.37414842949297644	0.00032555615843733043	0.3779224694037499
91928_N2	0.039281643104284815	0.06413745615655767	0.1253224891150179	12	19	20	0.23529411764705882	0.37254901960784315	0.39215686274509803	27179	46154	42646	0.234344148509644	0.3979513532622285	0.3677044982281275	0.9362838241019145	0.8297758450222085	0.48990439705078237	0.2926093922492206	0.11691171298573906	9	18	32	11	12	0.10975609756097561	0.21951219512195122	0.3902439024390244	0.13414634146341464	0.14634146341463414	9801	11043	41159	1563	23693	0.1123207921245946	0.12655428093377188	0.4716877342165278	0.01791219243860232	0.2715250002865034
91928_N3	0.003349018998775773	0.11068946209432418	0.24867576929406182	1	0	20	0.047619047619047616	0.0	0.9523809523809523	15	0	24561	0.0006103515625	0.0	0.9993896484375	0.9591777409718187	0.6102953780766835	0.4959407289366399	0.37911844844064124	0.04078329363823499	14	2	13	0	16	0.3111111111111111	0.044444444444444446	0.28888888888888886	0.0	0.35555555555555557	6689	20	5464	0	6136	0.3653394505434486	0.0010923589491506909	0.29843246490796876	0.0	0.335135725599432
91928_N4	0.05545949813568347	0.10539335059234746	0.158600608694326	11	24	18	0.20754716981132076	0.4528301886792453	0.33962264150943394	19273	54196	36954	0.17453791329704862	0.49080354636262374	0.33465854034032766	0.8782560050663356	0.7083425865215198	0.49441952903764697	0.24820202437599828	0.12474874518482126	25	3	27	1	12	0.36764705882352944	0.04411764705882353	0.39705882352941174	0.014705882352941176	0.17647058823529413	30004	296	35938	145	17307	0.3585135619548333	0.0035368622296570677	0.42941809057235036	0.001732584538176604	0.20679890070498266
91929_N2	0.029198686632533707	0.05598244335037094	0.07027159940233448	19	11	0	0.6333333333333333	0.36666666666666664	0.0	59389	22471	0	0.725494747129245	0.27450525287075495	0.0	0.9554249667037458	0.700431228993432	0.5006585139001687	0.3326954264472765	0.044805569826941616	19	1	28	4	20	0.2638888888888889	0.013888888888888888	0.3888888888888889	0.05555555555555555	0.2777777777777778	18573	30	23633	39	17190	0.31233498696712353	0.0005044984444631295	0.397427057933238	0.0006558479778020685	0.28907760867737325
91929_N3	0.027272100999109046	0.05077199751095462	0.16156764051501052	18	6	1	0.72	0.24	0.04	40317	6345	270	0.8590513935054973	0.13519560214778828	0.005753004346714395	0.9361559991802859	0.834134343242706	0.5056671346314577	0.18827848596768185	0.0760040804373544	11	3	18	11	14	0.19298245614035087	0.05263157894736842	0.3157894736842105	0.19298245614035087	0.24561403508771928	6419	2262	14294	2100	7871	0.19483397073999878	0.06865780367874703	0.4338614702847083	0.06374066654525587	0.23890608875129
91929_N5	0.026332929212333774	0.14999917953551875	0.216306356230784	0	1	20	0.0	0.047619047619047616	0.9523809523809523	0	750	66567	0.0	0.011141316457952672	0.9888586835420473	0.9432654891035818	0.7065229215165484	0.49935859184407183	0.3148914695533908	0.055604714257145506	12	5	21	1	18	0.21052631578947367	0.08771929824561403	0.3684210526315789	0.017543859649122806	0.3157894736842105	12770	78	18725	57	19303	0.2507215361357077	0.0015314236349714331	0.36763984057487287	0.0011191172717098933	0.3789880823827381
91930_N1	0.022351277539793334	0.09464979391706863	0.15503626988680963	20	19	7	0.43478260869565216	0.41304347826086957	0.15217391304347827	26960	31363	9408	0.3980452082502842	0.46305236893003204	0.13890242281968374	0.9414762751616841	0.6801194421442223	0.49453284001078024	0.373041821623364	0.05386011747717948	8	4	19	8	21	0.13333333333333333	0.06666666666666667	0.31666666666666665	0.13333333333333333	0.35	10329	122	21827	166	22755	0.18712295512599866	0.0022101849671189696	0.3954238301418504	0.0030073008568995813	0.41223572890813237
91930_N2	0.03573676349853096	0.06664702918062013	0.11525042511772339	22	6	6	0.6470588235294118	0.17647058823529413	0.17647058823529413	54972	6530	8882	0.7810297794953398	0.09277676744714708	0.12619345305751306	0.9741506998377018	0.6412811045793309	0.5044283002260399	0.27207367691350254	0.02735359840688666	16	0	19	1	9	0.35555555555555557	0.0	0.4222222222222222	0.022222222222222223	0.2	22560	0	19766	4	11414	0.4197677880321524	0.0	0.36778058946114917	7.442691277165823e-05	0.21237719559392676
91931_N1	0.018633173185599188	0.09830645313329721	0.1856384550842445	17	22	10	0.3469387755102041	0.4489795918367347	0.20408163265306123	11522	21852	5387	0.29725755269471893	0.5637625448259849	0.1389799024792962	0.9761013598062465	0.6393461373295449	0.49736019663313535	0.35249061173752977	0.02487740914791577	15	2	23	1	18	0.2542372881355932	0.03389830508474576	0.3898305084745763	0.01694915254237288	0.3050847457627119	4521	59	10933	19	8392	0.18897341581675306	0.0024661427854873767	0.45698879785988966	0.0007941815749874602	0.35077746196288245
91931_N2	0.03897751274978832	0.06376564812914609	0.09584681799162391	16	7	7	0.5333333333333333	0.23333333333333334	0.23333333333333334	43655	12269	9232	0.6700073669347413	0.188301921542145	0.14169071152311377	0.9708743631280115	0.6951556731453394	0.49283463911930525	0.2783595926006086	0.029586825237534742	20	0	22	0	14	0.35714285714285715	0.0	0.39285714285714285	0.0	0.25	18525	0	16329	0	14946	0.37198795180722893	0.0	0.3278915662650602	0.0	0.30012048192771085
91931_N3	0.04051492006330477	0.10459864189075416	0.21121603757243973	0	0	20	0.0	0.0	1.0	0	0	53384	0.0	0.0	1.0	0.9506052571459997	0.7020462854257473	0.49852483094813854	0.35434444955232924	0.04839772180235658	16	2	18	4	16	0.2857142857142857	0.03571428571428571	0.32142857142857145	0.07142857142857142	0.2857142857142857	17953	65	16624	102	9161	0.40890559161826673	0.0014804691948525225	0.37863569069582054	0.0023231978134608815	0.20865505067759937
91931_N4	0.036842191380366304	0.09295705254628786	0.15126691731704625	18	31	7	0.32142857142857145	0.5535714285714286	0.125	21098	40334	11496	0.28929903466432644	0.5530660377358491	0.15763492759982448	0.9800840831836708	0.6146940826213846	0.5007794220674983	0.27968144371065246	0.02174001897255054	22	0	32	0	22	0.2894736842105263	0.0	0.42105263157894735	0.0	0.2894736842105263	11265	0	20679	0	15998	0.23497142380376287	0.0	0.4313336948813149	0.0	0.3336948813149222
91931_N5	0.00942101213623345	0.14556329377274038	0.2361590059650591	1	1	20	0.045454545454545456	0.045454545454545456	0.9090909090909091	19	574	66778	0.00028202045390449896	0.008519986344272758	0.9911979932018228	0.96365794219735	0.709721672146811	0.5069744785276681	0.36753886307452155	0.04221994642313395	13	5	21	3	16	0.22413793103448276	0.08620689655172414	0.3620689655172414	0.05172413793103448	0.27586206896551724	16340	101	22250	240	15796	0.29857291647632794	0.0018455241471303013	0.4065634878579129	0.004385403913972993	0.28863266760465583
91931_N6	0.04948163639113047	0.12858901567566797	0.20266116430711517	0	1	21	0.0	0.045454545454545456	0.9545454545454546	0	1000	63818	0.0	0.01542781326174828	0.9845721867382518	0.9612752626460972	0.7027063361312216	0.49554615652035033	0.33834775352012025	0.04131323036977008	19	0	24	1	12	0.3392857142857143	0.0	0.42857142857142855	0.017857142857142856	0.21428571428571427	18549	0	27078	11	5904	0.3598812618835125	0.0	0.5253579604982345	0.00021341818322921112	0.11454735943502387
91932_N1	0.03680537241386664	0.0980325425202931	0.16310699095568748	9	22	13	0.20454545454545456	0.5	0.29545454545454547	9860	34773	13457	0.1697366155964882	0.5986056119814082	0.23165777242210364	0.8593675480456711	0.7481769765302024	0.5059685217027267	0.2274771920032128	0.13779501776921968	16	2	21	3	11	0.3018867924528302	0.03773584905660377	0.39622641509433965	0.05660377358490566	0.20754716981132076	18001	100	16395	506	10479	0.3957916492601306	0.00219872034475935	0.36048020052329544	0.011125524944482311	0.2304039049273323
91932_N2	0.07380382157838955	0.1916621686598976	0.278989460705359	0	8	22	0.0	0.26666666666666666	0.7333333333333333	0	12479	37900	0.0	0.2477024156890768	0.7522975843109232	0.976057016886916	0.6153488931174435	0.5154944803987362	0.3629099320552556	0.027481048557397192	17	3	20	2	16	0.29310344827586204	0.05172413793103448	0.3448275862068966	0.034482758620689655	0.27586206896551724	9753	100	15563	104	10543	0.2704433907328841	0.0027729251587499653	0.4315503424562571	0.002883842165099964	0.29234949948700883
91932_N3	0.048228863756747085	0.12416913228179137	0.19973035935781563	0	0	20	0.0	0.0	1.0	0	0	36224	0.0	0.0	1.0	0.977879724920219	0.630588077454729	0.5023639796511506	0.36971537594828013	0.026931361684885052	14	0	19	1	13	0.2978723404255319	0.0	0.40425531914893614	0.02127659574468085	0.2765957446808511	6013	0	15660	24	5024	0.22502900340556117	0.0	0.5860559110811722	0.000898169978668463	0.18801691553459826
91932_N4	0.033882677436922186	0.05994603126127186	0.09664876016141126	19	6	0	0.76	0.24	0.0	61540	8991	0	0.8725241383221563	0.12747586167784378	0.0	0.9763619792845486	0.694475395315403	0.5046823780978069	0.3182599270665185	0.021553868634710243	11	1	21	0	15	0.22916666666666666	0.020833333333333332	0.4375	0.0	0.3125	11876	33	16767	0	11277	0.29724926788977046	0.0008259705153555427	0.4196681100292844	0.0	0.28225665156558954
91932_N5	0.15237144582671552	0.11682687555502769	0.26346724732366295	0	0	20	0.0	0.0	1.0	0	0	54899	0.0	0.0	1.0	0.9412661574964887	0.6304344362660514	0.5029153778900666	0.33170909339905336	0.06331848391222475	19	0	23	1	11	0.35185185185185186	0.0	0.42592592592592593	0.018518518518518517	0.2037037037037037	16872	0	18529	7	10822	0.3649578195976639	0.0	0.40080034609560894	0.00015141682889898333	0.23409041747782824
91932_N6	0.04911988158920176	0.10462270297312126	0.18432113009363338	5	26	16	0.10638297872340426	0.5531914893617021	0.3404255319148936	3223	25363	10478	0.0825056317837395	0.6492678681138644	0.26822650010239607	0.9684377266790601	0.6483051614079164	0.5092802939527271	0.3479397494944073	0.043175179266036284	37	20	37	12	28	0.27611940298507465	0.14925373134328357	0.27611940298507465	0.08955223880597014	0.208955223880597	6569	306	9134	758	6581	0.2813517217748844	0.013106047627205757	0.3912112386499914	0.03246530752098681	0.28186568442693166
91932_N7	0.02433581481060596	0.052643221369780266	0.08932954466187754	20	8	0	0.7142857142857143	0.2857142857142857	0.0	62408	13584	0	0.8212443415096325	0.1787556584903674	0.0	0.9208830916457517	0.6448613547336701	0.501747763496202	0.36317481910331056	0.08380261730888179	2	0	21	0	1	0.08333333333333333	0.0	0.875	0.0	0.041666666666666664	39	0	64003	0	8	0.0006088992974238876	0.0	0.9992661982825918	0.0	0.0001249024199843872
91942_N1	0.03643129911604103	0.07842168977974177	0.1019191437966246	24	12	0	0.6666666666666666	0.3333333333333333	0.0	38597	15256	0	0.7167103039756374	0.2832896960243626	0.0	0.9647131228169576	0.5579162399323928	0.5009646644907935	0.3256524331268644	0.0356016515860061	49	24	49	11	37	0.28823529411764703	0.1411764705882353	0.28823529411764703	0.06470588235294118	0.21764705882352942	6709	448	14145	574	8433	0.22135339338150384	0.014781088125639249	0.46669306146689105	0.01893826916097529	0.2782341878649906
91942_N2	0.03357058608374465	0.06282904341974671	0.10937419958253425	12	15	5	0.375	0.46875	0.15625	19944	31445	7690	0.3375818818869649	0.5322534233822509	0.1301646947307842	0.9805374301914755	0.6546157499083213	0.502833712572348	0.3492628571353018	0.021217228473051134	22	0	29	0	15	0.3333333333333333	0.0	0.4393939393939394	0.0	0.22727272727272727	13127	0	18873	0	10900	0.305990675990676	0.0	0.43993006993006994	0.0	0.2540792540792541
91942_N3	0.05628952971245419	0.0955686998714867	0.15164847469320644	0	15	21	0.0	0.4166666666666667	0.5833333333333334	0	24688	30663	0.0	0.4460262687214323	0.5539737312785676	0.9543654370067503	0.6772865379215366	0.4989210422772468	0.38474856613484704	0.041465732302087804	17	0	25	1	16	0.288135593220339	0.0	0.423728813559322	0.01694915254237288	0.2711864406779661	7141	0	23181	27	15112	0.15707969468335498	0.0	0.509909592837817	0.0005939156639757154	0.3324167968148523
91943_N1	0.0388263955000745	0.08381607749452635	0.19410675790809245	13	23	21	0.22807017543859648	0.40350877192982454	0.3684210526315789	16542	6414	38407	0.26957612893763344	0.10452552841288724	0.6258983426494793	0.971250452738977	0.6761174316575929	0.5086640337286489	0.3941118465433975	0.02819800674365327	20	1	19	0	5	0.4444444444444444	0.022222222222222223	0.4222222222222222	0.0	0.1111111111111111	22657	45	21099	0	3005	0.48406187240952014	0.0009614152031790796	0.4507755415972311	0.0	0.06420117079006965
91943_N2	0.01660473576000933	0.08113286580709726	0.1701053131127477	17	21	9	0.3617021276595745	0.44680851063829785	0.19148936170212766	17394	23593	6653	0.3651133501259446	0.4952350965575147	0.13965155331654072	0.967671397411083	0.6430148261154288	0.5127453156096896	0.3351262417901504	0.029797068499203376	15	0	18	2	12	0.3191489361702128	0.0	0.3829787234042553	0.0425531914893617	0.2553191489361702	11258	0	14387	200	5048	0.3644191240734147	0.0	0.465704204836047	0.006473958501926003	0.1634027125886123
91944_N1	0.0420703128291909	0.14830152835062455	0.25200057781307666	0	0	20	0.0	0.0	1.0	0	0	68675	0.0	0.0	1.0	0.9678678165654541	0.6797083083432524	0.4938703163830873	0.33707219632883756	0.03413068615761296	12	0	27	3	22	0.1875	0.0	0.421875	0.046875	0.34375	9992	0	28048	86	18117	0.17765766406486141	0.0	0.4986931707056878	0.001529079174297246	0.3221200860551535
91944_N2	0.04569873834474637	0.15546854893549752	0.25521890125519536	0	20	25	0.0	0.4444444444444444	0.5555555555555556	0	27424	32426	0.0	0.45821219715956557	0.5417878028404344	0.9730977943745314	0.6514514680404299	0.499778754967683	0.35686740047381327	0.030559886719044107	20	2	31	0	12	0.3076923076923077	0.03076923076923077	0.47692307692307695	0.0	0.18461538461538463	16802	97	21661	0	8914	0.35392004044319	0.0020432236592661246	0.4562708008594178	0.0	0.18776593503812614
91944_N3	0.049342711996864075	0.08358328665169944	0.12341901953243656	2	21	11	0.058823529411764705	0.6176470588235294	0.3235294117647059	1860	63823	22400	0.021116446987500426	0.7245779548834622	0.25430559812903736	0.8722068991226701	0.6948658214152131	0.5142998334782759	0.309926804759123	0.09852733162893594	12	35	28	34	17	0.09523809523809523	0.2777777777777778	0.2222222222222222	0.2698412698412698	0.1349206349206349	11937	17105	13905	15317	10550	0.1734676083355131	0.24856860522568083	0.20206643996861104	0.22258552038829307	0.15331182608190194
91945_N1	0.035568312191992524	0.1173781171821114	0.19593507206264799	17	29	10	0.30357142857142855	0.5178571428571429	0.17857142857142858	22160	26144	17504	0.33673717481157306	0.3972769268174082	0.2659858983710187	0.9671142918924739	0.6478297168729792	0.5068435807150129	0.2709106937199256	0.030291406195656748	13	0	20	2	11	0.2826086956521739	0.0	0.43478260869565216	0.043478260869565216	0.2391304347826087	16006	0	23092	15	11999	0.31315542338394114	0.0	0.4517921427453436	0.0002934731569885741	0.2347589607137267
91948_N1	0.03178061197143032	0.12584543383745642	0.22551371777228107	0	0	20	0.0	0.0	1.0	0	0	68291	0.0	0.0	1.0	0.9766805269628062	0.6495476241457304	0.513166343662958	0.3693483570826817	0.02379906267011389	20	2	22	3	12	0.3389830508474576	0.03389830508474576	0.3728813559322034	0.05084745762711865	0.2033898305084746	20760	17	21799	178	7348	0.4143547163785877	0.00033930781206339066	0.43509241148057964	0.003552752385134326	0.14666081194363498
91948_N2	0.0567787642222878	0.1266627016487353	0.18895490811438997	0	0	20	0.0	0.0	1.0	0	0	58943	0.0	0.0	1.0	0.9608827132491137	0.6474017833542591	0.4966273697829313	0.27554498315151543	0.036905313004869045	21	0	29	1	18	0.30434782608695654	0.0	0.42028985507246375	0.014492753623188406	0.2608695652173913	11410	0	28517	11	8807	0.23407528977331007	0.0	0.585024105036414	0.00022566417068417273	0.18067494101959175
91948_N4	0.05026642680176063	0.09071797803540403	0.15332548982339475	1	26	15	0.023809523809523808	0.6190476190476191	0.35714285714285715	1534	74737	16665	0.016505982611689764	0.8041770680898683	0.17931694929844194	0.9714244481408325	0.6388403971400021	0.4999194185042684	0.3322534136038848	0.027964373952672573	16	0	28	0	13	0.2807017543859649	0.0	0.49122807017543857	0.0	0.22807017543859648	7109	0	32043	0	8339	0.14969152049862078	0.0	0.6747173148596576	0.0	0.1755911646417216
92057_N1	0.012254297143326461	0.13717956706914722	0.25878901281457894	0	0	20	0.0	0.0	1.0	0	0	61390	0.0	0.0	1.0	0.9760976136022893	0.6779115857798074	0.49628332934680075	0.3455574765932765	0.024263860348755897	23	6	23	1	10	0.36507936507936506	0.09523809523809523	0.36507936507936506	0.015873015873015872	0.15873015873015872	19322	122	13940	72	10070	0.44391857740201257	0.0028029223912144465	0.3202683453567982	0.001654183706290493	0.23135597114368422
92057_N2	0.047054174036600185	0.12126911413807909	0.16061909117986556	0	5	18	0.0	0.21739130434782608	0.782608695652174	0	8410	47973	0.0	0.14915843427983613	0.8508415657201639	0.9582371305964832	0.6357864266232208	0.5057739495213533	0.2811430662646118	0.040739361243421514	11	0	23	2	20	0.19642857142857142	0.0	0.4107142857142857	0.03571428571428571	0.35714285714285715	9780	0	19886	27	16367	0.21233174120712114	0.0	0.43174120712114633	0.0005861919235779418	0.3553408597481546
92057_N3	0.05719665308666962	0.10420251839933706	0.19207816163359392	5	22	15	0.11904761904761904	0.5238095238095238	0.35714285714285715	5475	25842	20364	0.10593835258605677	0.500029024206188	0.3940326232077553	0.976991643973104	0.6403569398919564	0.5032117049879893	0.3834609366907142	0.023741165120780883	15	0	24	0	17	0.26785714285714285	0.0	0.42857142857142855	0.0	0.30357142857142855	9589	0	20006	0	8161	0.25397287848289013	0.0	0.5298760461913339	0.0	0.21615107532577604
92057_N4	0.02750650395638937	0.08930847705114735	0.13877000156619285	15	22	1	0.39473684210526316	0.5789473684210527	0.02631578947368421	23339	32892	754	0.4095639203299114	0.5772045275072387	0.013231552162849873	0.9782135578157493	0.6796349951203684	0.5095845939834434	0.3554222669154518	0.0211945507807644	15	3	22	0	15	0.2727272727272727	0.05454545454545454	0.4	0.0	0.2727272727272727	17012	39	14848	0	9878	0.40720970869138523	0.0009335280178088422	0.3554108720109151	0.0	0.23644589127989085
92057_N5	0.030261538293254793	0.11198110129073467	0.14480485839898305	0	0	20	0.0	0.0	1.0	0	0	47630	0.0	0.0	1.0	0.9571467414419896	0.7035419494864725	0.49282068600573725	0.36025516938450275	0.0392978255175486	12	4	17	3	10	0.2608695652173913	0.08695652173913043	0.3695652173913043	0.06521739130434782	0.21739130434782608	11274	131	18941	81	8135	0.2923603547533842	0.0033971267050464187	0.49118302992583374	0.0021005134588454955	0.21095897515689022
92058_N1	0.03610026145306638	0.1003455866965129	0.191626858264633	4	17	13	0.11764705882352941	0.5	0.38235294117647056	1315	13409	7667	0.05872895359742754	0.5988566834889018	0.34241436291367067	0.966995557279516	0.7377560720256171	0.5016782984729977	0.4214055505106109	0.037391669123498214	14	2	28	0	20	0.21875	0.03125	0.4375	0.0	0.3125	3003	45	6752	0	4714	0.20690367920628358	0.0031004547333608927	0.4652060079922833	0.0	0.3247898580680722
92058_N2	0.02615690321787244	0.06276075428790276	0.10809850227255606	6	21	0	0.2222222222222222	0.7777777777777778	0.0	3618	26851	0	0.11874364107781679	0.8812563589221832	0.0	0.9585753683514907	0.6179203437015782	0.5011095194291479	0.35219780943821394	0.03871188003375953	14	1	19	0	14	0.2916666666666667	0.020833333333333332	0.3958333333333333	0.0	0.2916666666666667	6689	132	12525	0	5432	0.2699572201146178	0.005327306481556219	0.5054887400113004	0.0	0.21922673339252563
92058_N3	0.04000975966883041	0.07749556432944095	0.11337998490913007	4	19	3	0.15384615384615385	0.7307692307692307	0.11538461538461539	4821	83977	3442	0.05226582827406765	0.910418473547268	0.037315698178664355	0.8848205498289393	0.7098493631592894	0.516176557320381	0.3060523919914575	0.15298839677617718	11	24	31	33	16	0.09565217391304348	0.20869565217391303	0.26956521739130435	0.28695652173913044	0.1391304347826087	3195	12891	17302	15764	5885	0.058051856024129225	0.23422424914148662	0.31437033268528447	0.2864254955757036	0.10692806657339608
92104_N1	0.03735681577138187	0.1287591853092517	0.22668171602197454	18	28	15	0.29508196721311475	0.45901639344262296	0.2459016393442623	17374	30746	25160	0.2370906113537118	0.4195687772925764	0.3433406113537118	0.9673986985300621	0.6277969531015604	0.5079355857388637	0.34977297572868477	0.03706880046386101	19	4	26	0	18	0.2835820895522388	0.05970149253731343	0.3880597014925373	0.0	0.26865671641791045	19040	25	27183	0	10392	0.3361581920903955	0.00044138418079096045	0.4799258474576271	0.0	0.18347457627118643
92104_N2	0.04514948685395557	0.12568492391805614	0.23930443466972984	0	0	20	0.0	0.0	1.0	0	0	52171	0.0	0.0	1.0	0.9709363003307598	0.661452891716781	0.49918208478536436	0.39444396066156373	0.029210941578364544	14	0	20	4	17	0.2545454545454545	0.0	0.36363636363636365	0.07272727272727272	0.3090909090909091	9348	0	14262	119	17500	0.22673360983773558	0.0	0.3459215600669432	0.002886317883043489	0.42445851221227776
92104_N3	0.034407538371144394	0.0776081145426689	0.12846358607147002	5	24	13	0.11904761904761904	0.5714285714285714	0.30952380952380953	5161	31496	17682	0.09497782439868234	0.5796205303741327	0.3254016452271849	0.9568901215298442	0.6530638926999734	0.5034767228698448	0.3681525239888578	0.04390393044904337	24	4	27	1	14	0.34285714285714286	0.05714285714285714	0.38571428571428573	0.014285714285714285	0.2	16010	182	17722	91	8190	0.379428842279891	0.004313307263893827	0.4200023699490461	0.0021566536319469133	0.19409882687522217
92104_N4	0.02495067730488089	0.0715979738329549	0.12104065273120547	11	20	9	0.275	0.5	0.225	8792	23739	6174	0.22715411445549671	0.6133316109029842	0.15951427464151918	0.9721081462254194	0.6332119836841336	0.5057948301909069	0.3779969685036301	0.034447625379758456	12	1	22	1	17	0.22641509433962265	0.018867924528301886	0.41509433962264153	0.018867924528301886	0.32075471698113206	3424	24	17022	7	8267	0.11912051210687448	0.0008349568605622043	0.5921931533537433	0.00024352908433064292	0.2876078485944893
92104_N5	0.03387208669542734	0.07689433636820207	0.13782536535741235	3	22	3	0.10714285714285714	0.7857142857142857	0.10714285714285714	1147	33106	2679	0.031057077872847394	0.8964042023177732	0.0725387198093794	0.9749123358434864	0.6066146377017894	0.5067426843703703	0.36443788873960337	0.02667959001310975	16	1	26	4	15	0.25806451612903225	0.016129032258064516	0.41935483870967744	0.06451612903225806	0.24193548387096775	5708	43	15367	114	6072	0.20905361851743334	0.0015748608262525637	0.5628113096982127	0.004175212423088192	0.22238499853501317
92105_N1	0.08623462782513523	0.20611654291728243	0.30214199303834693	0	2	19	0.0	0.09523809523809523	0.9047619047619048	0	238	7780	0.0	0.029683212771264653	0.9703167872287354	0.9734147018671107	0.5860814368112279	0.5035498006695011	0.29046968184484356	0.03318599696675175	6	2	15	0	14	0.16216216216216217	0.05405405405405406	0.40540540540540543	0.0	0.3783783783783784	918	557	2482	0	1626	0.16442772702847933	0.09976715027762852	0.44456385455848113	0.0	0.29124126813541107
92105_N2	0.04451876138491959	0.16308910155368206	0.22868159804026453	0	12	21	0.0	0.36363636363636365	0.6363636363636364	0	15849	36892	0.0	0.30050624751142374	0.6994937524885763	0.9506328353090625	0.6461285590408593	0.4964630024372023	0.29289009972656843	0.04662370566963218	18	5	23	1	7	0.3333333333333333	0.09259259259259259	0.42592592592592593	0.018518518518518517	0.12962962962962962	13603	274	22101	7	4089	0.33944702300743623	0.006837350900833458	0.5515047162748915	0.0001746768478315117	0.10203623296900734
92105_N3	0.00391729843483422	0.13071700809573525	0.241573809699734	0	0	20	0.0	0.0	1.0	0	0	48554	0.0	0.0	1.0	0.9428023015063011	0.6079609516116302	0.49757887474799467	0.34779415517758355	0.0584857920103831	12	4	18	0	12	0.2608695652173913	0.08695652173913043	0.391304347826087	0.0	0.2608695652173913	10718	771	17320	0	11245	0.26758875518050634	0.019249013831327707	0.4324162380785939	0.0	0.2807459929095721
92105_N4	0.04591560139492884	0.12489799339306626	0.223834526009913	16	32	19	0.23880597014925373	0.47761194029850745	0.2835820895522388	17172	37153	19403	0.23291015625	0.5039198133680556	0.2631700303819444	0.9777252520311868	0.5906982339509659	0.4906044294836303	0.34404184736802185	0.020390986272773987	17	2	23	2	21	0.26153846153846155	0.03076923076923077	0.35384615384615387	0.03076923076923077	0.3230769230769231	12016	323	20840	70	12320	0.2636880335315675	0.007088152033180452	0.4573284469705282	0.001536132019574711	0.2703592354451491
92105_N5	0.05562897602416178	0.12113189227674703	0.16980430951365688	0	9	17	0.0	0.34615384615384615	0.6538461538461539	0	12075	17354	0.0	0.4103095585986612	0.5896904414013389	0.9766137093321241	0.695953075208233	0.4940117077333624	0.37764202046468254	0.02263245700848723	10	1	13	0	11	0.2857142857142857	0.02857142857142857	0.37142857142857144	0.0	0.3142857142857143	4337	25	7426	0	7536	0.22443593458911199	0.0012937280066238875	0.3842889670875595	0.0	0.3899813703167046
92105_N6	0.052967627002935454	0.10751949021518649	0.19045149108940443	1	22	11	0.029411764705882353	0.6470588235294118	0.3235294117647059	1009	39729	10950	0.019520971985760718	0.7686310168704535	0.2118480111437858	0.9681247680093286	0.642270164498574	0.4956549662950759	0.36207028126194135	0.03478436479270158	23	0	23	1	12	0.3898305084745763	0.0	0.3898305084745763	0.01694915254237288	0.2033898305084746	16541	0	18405	7	6605	0.3980220414841908	0.0	0.44287501804706675	0.00016843928966745272	0.15893450117907504
92105_N7	0.0261874642935196	0.06207847736941279	0.12344349812644945	22	10	3	0.6285714285714286	0.2857142857142857	0.08571428571428572	31571	10585	507	0.7400089070154466	0.248107259217589	0.011883833766964348	0.9701251883806291	0.64832940102979	0.49312855938108907	0.3094443782163798	0.03144071027298061	13	0	19	0	11	0.3023255813953488	0.0	0.4418604651162791	0.0	0.2558139534883721	10653	0	13519	0	7900	0.33215889249189323	0.0	0.4215203292591669	0.0	0.2463207782489399
92105_N8	0.02205404565701345	0.12521225128135052	0.20379258900487787	0	0	20	0.0	0.0	1.0	0	0	54019	0.0	0.0	1.0	0.9622718405160244	0.5980903641223995	0.5040121509191038	0.3738924220952051	0.04273955977811518	23	4	36	2	20	0.27058823529411763	0.047058823529411764	0.4235294117647059	0.023529411764705882	0.23529411764705882	14153	133	23737	31	6458	0.3179592020129403	0.0029879583033788643	0.5332719266714594	0.0006964414090582315	0.14508447160316318
92186_N1	0.034827440274805326	0.1120425843142883	0.14826487694897467	0	0	20	0.0	0.0	1.0	0	0	47738	0.0	0.0	1.0	0.9412833427650916	0.6341329161336148	0.45184104013736576	0.16429118578025145	0.019936436607795503	11	20	13	15	7	0.16666666666666666	0.30303030303030304	0.19696969696969696	0.22727272727272727	0.10606060606060606	6339	8282	3917	6211	3285	0.22611828493971606	0.295426981522437	0.13972319326532068	0.22155240065634588	0.11717913961618036
92186_N3	0.035625012717633596	0.12953816226003542	0.19770478980893236	0	0	20	0.0	0.0	1.0	0	0	46820	0.0	0.0	1.0	0.9790914433663098	0.6177010423749129	0.5036046466295422	0.32263081161368984	0.021695833497360872	19	0	33	2	22	0.25	0.0	0.4342105263157895	0.02631578947368421	0.2894736842105263	10082	0	14449	33	11549	0.27917924293190816	0.0	0.40010522526514	0.0009137983551629607	0.3198017334477889
92186_N4	0.03216488784460274	0.06751239913190649	0.11156148124180677	17	23	7	0.3617021276595745	0.48936170212765956	0.14893617021276595	30183	38288	14296	0.36467432672441913	0.46259982843403774	0.17272584484154313	0.955474413413387	0.6986359446211102	0.5002352683214991	0.2782804080416406	0.051840850991854634	7	23	22	20	7	0.08860759493670886	0.2911392405063291	0.27848101265822783	0.25316455696202533	0.08860759493670886	6638	14715	17271	23011	7476	0.09604838592988092	0.21291834874332596	0.24990233103268655	0.33295712694071855	0.10817380735338802
92186_N5	0.029550031767029195	0.05046895958418725	0.12251670181797199	21	0	1	0.9545454545454546	0.0	0.045454545454545456	49178	0	78	0.9984164365762547	0.0	0.0015835634237453306	0.9610630376965102	0.6212572073651162	0.5010381078465708	0.32663640446983067	0.04087338387527654	18	0	18	7	8	0.35294117647058826	0.0	0.35294117647058826	0.13725490196078433	0.1568627450980392	12660	0	16866	89	9463	0.3239674497159527	0.0	0.4315983417779825	0.0022774962894723375	0.24215671221659246
92186_N6	0.035119163708391625	0.06070686787229241	0.10388955746465281	17	19	7	0.3953488372093023	0.4418604651162791	0.16279069767441862	59205	50621	11512	0.48793452999060477	0.4171899981868829	0.09487547182251233	0.9651951757994964	0.7254893340882642	0.5314758392999417	0.2863068998837683	0.041497374974618334	18	29	24	15	2	0.20454545454545456	0.32954545454545453	0.2727272727272727	0.17045454545454544	0.022727272727272728	12806	33977	19417	10445	1528	0.1638161513566065	0.43463855806992185	0.248384992260755	0.13361390761516123	0.019546390697555423
92186_N7	0.02006162905129405	0.07652424513823627	0.14914005638895622	15	26	9	0.3	0.52	0.18	16576	23979	7813	0.34270592127026134	0.49576166060205096	0.16153241812768773	0.9623179085433939	0.6269934637936054	0.5114990965070847	0.355473334058264	0.04648935305381778	11	1	20	2	15	0.22448979591836735	0.02040816326530612	0.40816326530612246	0.04081632653061224	0.30612244897959184	11761	15	17296	96	11132	0.29183622828784117	0.00037220843672456576	0.42918114143920594	0.002382133995037221	0.2762282878411911
92187_N1	0.038908896921245884	0.11029188859630425	0.19250418786575588	21	33	10	0.328125	0.515625	0.15625	21766	42568	13084	0.28114908677568523	0.5498462889767237	0.169004624247591	0.9786016798697699	0.635668038058181	0.4964921399748632	0.36189910091797467	0.022764686531077688	22	0	33	4	31	0.24444444444444444	0.0	0.36666666666666664	0.044444444444444446	0.34444444444444444	13325	0	28488	99	17284	0.22509966889654706	0.0	0.48124873302250154	0.0016724102979931077	0.2919791877829583
92187_N2	0.04357249743754249	0.11080155222690082	0.18314354077125128	25	32	21	0.32051282051282054	0.41025641025641024	0.2692307692307692	16950	24110	24151	0.25992547269632427	0.3697228995108187	0.370351627792857	0.975504929733895	0.6364739638167795	0.49482991693953665	0.40913199623968854	0.024375876047603492	35	1	47	8	25	0.3017241379310345	0.008620689655172414	0.4051724137931034	0.06896551724137931	0.21551724137931033	13466	282	21906	308	12716	0.27663420847199965	0.005793171453223222	0.45001848884506346	0.006327293643945931	0.2612268375857677
92187_N3	0.04115629303675073	0.08267484995743121	0.11719508424181545	1	20	0	0.047619047619047616	0.9523809523809523	0.0	13	89417	0	0.00014536509001453652	0.9998546349099855	0.0	0.8588350250016826	0.6269958884550989	0.4997978197591169	0.37427145289190267	0.09897206478801077	1	1	22	0	2	0.038461538461538464	0.038461538461538464	0.8461538461538461	0.0	0.07692307692307693	14	134	70480	0	42	0.000198103863025329	0.001896136974671006	0.9973114475732276	0.0	0.000594311589075987
92187_N4	0.023562714498757364	0.1000321972444829	0.18209151679744318	20	17	11	0.4166666666666667	0.3541666666666667	0.22916666666666666	16204	22084	7963	0.3503491816393159	0.47748156796609803	0.17216925039458605	0.9518040736641652	0.6383984721618412	0.5051936909625957	0.3941941856781937	0.055859380581366296	12	0	23	0	14	0.24489795918367346	0.0	0.46938775510204084	0.0	0.2857142857142857	8973	0	17457	0	12430	0.230905815748842	0.0	0.44922799794132784	0.0	0.31986618630983016
92187_N5	0.028257824663283908	0.053596140361335066	0.10843358905696517	19	13	3	0.5428571428571428	0.37142857142857144	0.08571428571428572	48982	17423	984	0.7268545311549363	0.25854367923548355	0.0146017896095802	0.8975167805542339	0.6318748858793795	0.5035034427052952	0.3726347176260777	0.08511441766493721	1	0	21	0	1	0.043478260869565216	0.0	0.9130434782608695	0.0	0.043478260869565216	5	0	55332	0	28	9.030976248532467e-05	0.0	0.9994039555675969	0.0	0.0005057346699178181
92187_N6	0.03411509761193067	0.06379060442937391	0.15135135733015204	8	23	0	0.25806451612903225	0.7419354838709677	0.0	11531	49897	0	0.18771569968092727	0.8122843003190727	0.0	0.9334487600675379	0.6059151157263066	0.49979214499395264	0.31216928736405064	0.07546720871955402	23	1	33	1	18	0.3026315789473684	0.013157894736842105	0.4342105263157895	0.013157894736842105	0.23684210526315788	11063	86	23222	69	11938	0.2385398249169865	0.0018543274828582517	0.5007115442666782	0.0014877743757816205	0.25740652895769545
92187_N7	0.03257521840476616	0.0704755773648947	0.11834121232426448	1	21	3	0.04	0.84	0.12	1984	82091	2514	0.022912841123006386	0.948053447897539	0.029033710979454664	0.9401977279381113	0.6368230415109657	0.5020611255645266	0.3192747205164608	0.06577468653418009	10	1	27	3	17	0.1724137931034483	0.017241379310344827	0.46551724137931033	0.05172413793103448	0.29310344827586204	9881	37	25683	77	16179	0.19054322463698248	0.0007135005881558903	0.49526582717858725	0.0014848525753514473	0.3119925950209229
92188_N1	0.07248178613847399	0.10628921299112562	0.13724716603221715	0	0	20	0.0	0.0	1.0	0	0	11876	0.0	0.0	1.0	0.8533115726494443	0.7037870744172254	0.5054734621568358	0.23506735219439068	0.1351373310148899	11	1	13	0	11	0.3055555555555556	0.027777777777777776	0.3611111111111111	0.0	0.3055555555555556	2254	55	4294	0	2577	0.24553376906318083	0.005991285403050109	0.46775599128540307	0.0	0.280718954248366
92188_N2	0.039129611147549544	0.13083296691034443	0.22752271024856865	16	27	16	0.2711864406779661	0.4576271186440678	0.2711864406779661	16243	25459	24966	0.24364012719745606	0.38187736245275095	0.374482510349793	0.9711919854053117	0.7055010740023254	0.49864201599648383	0.3664949677885081	0.03175039413753454	22	0	27	0	9	0.3793103448275862	0.0	0.46551724137931033	0.0	0.15517241379310345	15902	0	28617	0	7732	0.3043386729440585	0.0	0.5476832979273124	0.0	0.14797802912862912
92188_N3	0.0339628212691813	0.10045267498895549	0.18077877685850433	14	22	10	0.30434782608695654	0.4782608695652174	0.21739130434782608	15891	23378	13006	0.3039885222381636	0.44721186035389765	0.2487996174079388	0.9800475113000469	0.6159322886391169	0.5043957998178212	0.38301103832501265	0.022073351379599135	14	0	22	1	14	0.27450980392156865	0.0	0.43137254901960786	0.0196078431372549	0.27450980392156865	9102	0	15059	12	9927	0.2669208211143695	0.0	0.44161290322580643	0.00035190615835777126	0.2911143695014663
92188_N4	0.0644436570824617	0.13720453792394505	0.19979373956261207	0	0	20	0.0	0.0	1.0	0	0	43042	0.0	0.0	1.0	0.9762056614277895	0.6311933547802775	0.5024428725295905	0.29083530698984444	0.026483466315054313	11	0	21	0	16	0.22916666666666666	0.0	0.4375	0.0	0.3333333333333333	4657	0	15447	0	13502	0.13857644468249716	0.0	0.45965006248884127	0.0	0.40177349282866154
92188_N5	0.032178236936184816	0.12178502989825092	0.17047181537135067	0	2	19	0.0	0.09523809523809523	0.9047619047619048	0	1543	52995	0.0	0.02829219993399098	0.971707800066009	0.9679565291889775	0.6657235450551463	0.49658409127728775	0.3749730496975274	0.030821600936647847	8	0	22	1	13	0.18181818181818182	0.0	0.5	0.022727272727272728	0.29545454545454547	8248	0	24083	78	10191	0.19361502347417842	0.0	0.5653286384976526	0.0018309859154929577	0.23922535211267607
92188_N6	0.03707113572723054	0.11726405658202559	0.1956282911101982	8	28	12	0.16666666666666666	0.5833333333333334	0.25	9452	33792	15060	0.162115806805708	0.579582875960483	0.258301317233809	0.9677757358098025	0.7002690917042905	0.4924738879640847	0.3186161194891195	0.034854098118398506	14	2	20	4	11	0.27450980392156865	0.0392156862745098	0.39215686274509803	0.0784313725490196	0.21568627450980393	10491	49	24590	86	10931	0.2273387219104167	0.0010618241705853035	0.5328623745855635	0.0018636097687823694	0.23687346956465208
92188_N7	0.03179967581726982	0.06218236186255303	0.0707874752573144	17	6	0	0.7391304347826086	0.2608695652173913	0.0	33901	8614	0	0.7973891567681994	0.20261084323180054	0.0	0.9441749487629357	0.6239497018557832	0.5036284255394604	0.3626413792472247	0.07062884653820374	15	2	24	0	17	0.25862068965517243	0.034482758620689655	0.41379310344827586	0.0	0.29310344827586204	10264	163	17579	0	8086	0.28438435110273746	0.004516236285049318	0.4870608445084783	0.0	0.2240385681037349
92189_N1	0.033007904930129936	0.13349817534750025	0.21830003431661452	1	0	20	0.047619047619047616	0.0	0.9523809523809523	9	0	56624	0.00015891794536754188	0.0	0.9998410820546325	0.9676282529461333	0.6898812456304633	0.5039614280702446	0.36306567319785227	0.030638367389419028	16	1	21	0	9	0.3404255319148936	0.02127659574468085	0.44680851063829785	0.0	0.19148936170212766	17818	60	19272	0	7713	0.3971647014243363	0.001337404988520607	0.42957448231281903	0.0	0.17192341127432406
92189_N2	0.04925751866709763	0.11954045806219386	0.2157368570834201	0	0	20	0.0	0.0	1.0	0	0	48213	0.0	0.0	1.0	0.9677126082720985	0.5506447944440124	0.5067684356008088	0.3480263206996427	0.033477592039935854	22	4	22	0	14	0.3548387096774194	0.06451612903225806	0.3548387096774194	0.0	0.22580645161290322	12320	197	18495	0	8565	0.31129191196907297	0.0049776385274275465	0.467316875963312	0.0	0.21641357354018748
92189_N6	0.039929895582017816	0.13776832854571927	0.19230853773158973	0	6	20	0.0	0.23076923076923078	0.7692307692307693	0	6203	49888	0.0	0.11058815139683728	0.8894118486031627	0.9786635030750899	0.6005470409562754	0.5034028050545774	0.24075378702816813	0.020812154347600257	8	0	18	3	23	0.15384615384615385	0.0	0.34615384615384615	0.057692307692307696	0.4423076923076923	9111	0	17543	93	17310	0.20680028145357152	0.0	0.39818871008012346	0.0021109017863222643	0.39290010667998276
92189_N7	0.047963130425755	0.11807885614166769	0.18309050547444528	0	0	20	0.0	0.0	1.0	0	0	68554	0.0	0.0	1.0	0.9741892588059794	0.6413726819768916	0.5111288392908974	0.40358128943199273	0.025256951429709348	15	0	20	0	17	0.28846153846153844	0.0	0.38461538461538464	0.0	0.3269230769230769	14829	0	20067	0	15329	0.295251368840219	0.0	0.3995420607267297	0.0	0.30520657043305127
92294_N1	0.04031371695635813	0.07949153295711983	0.13959868620967578	5	11	10	0.19230769230769232	0.4230769230769231	0.38461538461538464	2354	5138	4383	0.19823157894736843	0.4326736842105263	0.36909473684210525	0.9750614756582646	0.6423347995265876	0.49031266327586226	0.3675169416615116	0.037564951269395894	15	2	15	0	7	0.38461538461538464	0.05128205128205128	0.38461538461538464	0.0	0.1794871794871795	2348	26	3696	0	2397	0.2773119168536672	0.0030707452462501476	0.4365182473130979	0.0	0.2830990905869848
92294_N2	0.004652799315101297	0.12590953334041494	0.24322694845584827	1	0	20	0.047619047619047616	0.0	0.9523809523809523	14	0	56677	0.0002469527791007391	0.0	0.9997530472208993	0.9209947890020939	0.7237407162618661	0.49853613748324666	0.27020439256117884	0.06745934381744746	15	10	23	8	14	0.21428571428571427	0.14285714285714285	0.32857142857142857	0.11428571428571428	0.2	12823	85	23456	262	12552	0.2607466753426329	0.0017284151449835292	0.47696124283216074	0.005327585505713937	0.2552360811745089
93091_N1	0.032702078190713614	0.06713492259743155	0.11934278206071783	1	20	1	0.045454545454545456	0.9090909090909091	0.045454545454545456	588	12258	22	0.04569474665837737	0.9525955859496426	0.0017096673919801057	0.9420444450868964	0.5965604462692078	0.5022753364254678	0.3974406961827117	0.04948499598876371	13	0	23	1	5	0.30952380952380953	0.0	0.5476190476190477	0.023809523809523808	0.11904761904761904	2791	0	5967	59	1299	0.27589956504547253	0.0	0.5898576512455516	0.00583234480031633	0.12841043890865955
93091_N2	0.03650724828401144	0.12719418237494498	0.1660493296580372	0	0	20	0.0	0.0	1.0	0	0	32790	0.0	0.0	1.0	0.847114862439785	0.6942845534971511	0.5031597042792145	0.32244667368773006	0.03177273830545342	0	12	16	10	0	0.0	0.3157894736842105	0.42105263157894735	0.2631578947368421	0.0	0	8274	11594	3839	0	0.0	0.34901084067996796	0.48905386594676675	0.1619352933732653	0.0
93091_N3	0.02371888838075592	0.06652972922980119	0.11455417568600403	1	19	0	0.05	0.95	0.0	1041	37017	0	0.027352987545325554	0.9726470124546744	0.0	0.9701459961538063	0.6946117316654252	0.5012463902393901	0.37421112786868294	0.03442306336111074	7	0	17	0	14	0.18421052631578946	0.0	0.4473684210526316	0.0	0.3684210526315789	3973	0	17994	0	8536	0.13024948365734518	0.0	0.5899091892600727	0.0	0.279841327082582
93091_N4	0.02175520445357302	0.059354338032489254	0.10663570383255098	25	13	7	0.5555555555555556	0.28888888888888886	0.15555555555555556	41873	18051	10499	0.5945926756883405	0.2563225082714454	0.14908481604021415	0.9724008304568652	0.7190085885677775	0.5029700024898668	0.3501284510673035	0.028729820096050625	14	1	26	0	21	0.22580645161290322	0.016129032258064516	0.41935483870967744	0.0	0.3387096774193548	10620	71	29712	0	13131	0.1983786005155602	0.001326259946949602	0.5550117682220644	0.0	0.2452833713154257
93091_N5	0.02327733474160375	0.05930619740867114	0.1263962527562995	16	15	0	0.5161290322580645	0.4838709677419355	0.0	35805	26083	0	0.578545113753878	0.42145488624612204	0.0	0.943864587784014	0.6580688890304458	0.5082079833713995	0.3535127057801864	0.06232538241760747	24	0	22	7	10	0.38095238095238093	0.0	0.3492063492063492	0.1111111111111111	0.15873015873015872	21420	0	21889	305	7363	0.4201894972242384	0.0	0.429389724777841	0.005983090413323656	0.14443768758459696
93091_N6	0.016800587748201166	0.05579549829147529	0.07557595445555851	23	4	0	0.8518518518518519	0.14814814814814814	0.0	69221	4518	0	0.9387298444513758	0.0612701555486242	0.0	0.9663049118089871	0.6053170663031776	0.5050005343317153	0.33259246674745363	0.028313789856313276	8	0	24	1	24	0.14035087719298245	0.0	0.42105263157894735	0.017543859649122806	0.42105263157894735	11105	0	22651	77	20430	0.20465141993623648	0.0	0.4174299246263568	0.0014190147982971822	0.3764996406391095
93091_N7	0.021325177637367677	0.04084538128752428	0.16088398734430695	21	1	1	0.9130434782608695	0.043478260869565216	0.043478260869565216	26971	212	37	0.9908523144746509	0.007788390889052168	0.0013592946362968406	0.9732519641245337	0.69082309036019	0.4990969199129977	0.4049251977889031	0.02857534120445318	12	1	11	1	12	0.32432432432432434	0.02702702702702703	0.2972972972972973	0.02702702702702703	0.32432432432432434	6654	40	7354	5	5616	0.33829884589963904	0.002033657023742946	0.37388784381514056	0.00025420712796786824	0.2855254461335096
93091_N8	0.048062227059720665	0.10827658279103829	0.13996252634785253	0	2	19	0.0	0.09523809523809523	0.9047619047619048	0	1661	38954	0.0	0.0408962206081497	0.9591037793918503	0.9785983856901846	0.715406213559638	0.5063207786229946	0.2705035263710175	0.022957013895569433	19	2	21	2	11	0.34545454545454546	0.03636363636363636	0.38181818181818183	0.03636363636363636	0.2	8265	57	14913	34	5945	0.2829123023208051	0.00195111932635038	0.5104744300677757	0.0011638255630861914	0.20349832272198262
93092_N1	0.037984431550720545	0.11628750824554081	0.19536252182219147	29	30	19	0.3717948717948718	0.38461538461538464	0.24358974358974358	18809	22587	22143	0.29602291506004186	0.3554824595917468	0.34849462534821135	0.9715855284133331	0.7132612420107477	0.5037818265265306	0.34925210695066566	0.031194938973613983	19	1	28	1	20	0.2753623188405797	0.014492753623188406	0.4057971014492754	0.014492753623188406	0.2898550724637681	12315	5	23910	124	12461	0.2522790125985865	0.00010242753252074157	0.4898084605141862	0.002540202806514391	0.25526989654819215
93092_N2	0.05312540654245109	0.11183494867483885	0.1514074225390561	0	18	9	0.0	0.6666666666666666	0.3333333333333333	0	62443	22275	0.0	0.7370688637597677	0.2629311362402323	0.9269831717507262	0.6492569413710455	0.4953080721253653	0.3231966983127859	0.0690452789138788	9	4	24	2	11	0.18	0.08	0.48	0.04	0.22	13430	201	35244	134	15920	0.20684131897919267	0.00309568913736543	0.5428082982950607	0.00206379275824362	0.24519090083013753
93092_N3	0.036694163249198004	0.11525862593886686	0.20739306502910934	16	22	10	0.3333333333333333	0.4583333333333333	0.20833333333333334	11437	15671	5441	0.3513779225168208	0.4814587237703155	0.16716335371286367	0.9422295304955032	0.6781053031532318	0.5126025099862912	0.3327544475705662	0.050013682718973974	9	0	14	0	10	0.2727272727272727	0.0	0.42424242424242425	0.0	0.30303030303030304	5039	0	13412	0	8684	0.18570112400958172	0.0	0.49426939377188134	0.0	0.32002948221853694
93092_N4	0.04007731876094209	0.10286363254307292	0.16817169124914	0	9	21	0.0	0.3	0.7	0	12567	52263	0.0	0.1938454419250347	0.8061545580749653	0.9304264974282207	0.6330369454797132	0.5147309802654713	0.3686514088290452	0.0806336680417089	10	1	25	1	13	0.2	0.02	0.5	0.02	0.26	8373	70	30307	13	8621	0.1767052169508695	0.0014772919128819854	0.6396040857673476	0.00027435421239236876	0.18193905115650852
93092_N5	0.04559053932652999	0.11473264998424207	0.19215879446613057	0	12	17	0.0	0.41379310344827586	0.5862068965517241	0	12166	16226	0.0	0.4285009861932939	0.5714990138067061	0.9833316864896916	0.5968839217790192	0.4984271710312136	0.3577219835495722	0.025290629399795875	8	0	25	0	11	0.18181818181818182	0.0	0.5681818181818182	0.0	0.25	2720	0	12586	0	4654	0.13627254509018036	0.0	0.630561122244489	0.0	0.23316633266533066
93092_N6	0.05166878549055264	0.12722573504221787	0.19943501495956711	0	0	20	0.0	0.0	1.0	0	0	29163	0.0	0.0	1.0	0.9653796534510797	0.6188669926811309	0.5049432392106761	0.3433980968863607	0.0353169704085414	8	0	17	2	21	0.16666666666666666	0.0	0.3541666666666667	0.041666666666666664	0.4375	3773	0	8867	18	9060	0.17372686251036007	0.0	0.4082788470393222	0.0008288055990422691	0.4171654848512754
93092_N7	0.03765916953172646	0.08831401346962918	0.19863966173511727	0	22	26	0.0	0.4583333333333333	0.5416666666666666	0	22650	35245	0.0	0.3912254944295708	0.6087745055704292	0.9707919318332014	0.6606833196877625	0.49227069807012014	0.333251176132684	0.030408375949967464	16	1	21	1	18	0.2807017543859649	0.017543859649122806	0.3684210526315789	0.017543859649122806	0.3157894736842105	13851	49	22115	33	9029	0.3072742196685671	0.001087028861725492	0.49060496483794397	0.0007320806619783925	0.20030170596978503
93092_N8	0.03922372040914918	0.16854823499302823	0.24468709856593876	0	8	23	0.0	0.25806451612903225	0.7419354838709677	0	10717	58716	0.0	0.15435023691904426	0.8456497630809557	0.9477148110531664	0.6617223191537006	0.5021733264136228	0.2911332056942787	0.04886361906022198	19	1	32	2	12	0.2878787878787879	0.015151515151515152	0.48484848484848486	0.030303030303030304	0.18181818181818182	12822	5	28017	48	18131	0.21723734815241516	8.471273910170612e-05	0.4746793622825	0.0008132422953763787	0.3071853345306067
93093_N1	0.05977841420234849	0.13137788296403188	0.23189139296555925	8	23	17	0.16666666666666666	0.4791666666666667	0.3541666666666667	7619	24469	25872	0.13145272601794342	0.4221704623878537	0.4463768115942029	0.9531774684462962	0.6196037403326482	0.4989332509350829	0.37687058058375145	0.04935050598529123	17	2	26	1	22	0.25	0.029411764705882353	0.38235294117647056	0.014705882352941176	0.3235294117647059	8157	97	15902	52	22782	0.1735901255586295	0.0020642689934028515	0.3384124281762077	0.001106618429453075	0.48482655884230685
93094_N1	0.02871281658844343	0.05537597708323493	0.09582642062778146	2	19	0	0.09523809523809523	0.9047619047619048	0.0	1636	51197	0	0.03096549505044196	0.969034504949558	0.0	0.9454372329020246	0.6819037089498323	0.5046294249260763	0.35831387616017013	0.051079429653917825	15	0	33	0	15	0.23809523809523808	0.0	0.5238095238095238	0.0	0.23809523809523808	6384	0	31018	0	6301	0.146076928357321	0.0	0.7097453264077981	0.0	0.1441777452348809
93094_N2	0.035257059841949566	0.14634589771403428	0.24579284220426648	0	0	20	0.0	0.0	1.0	0	0	50132	0.0	0.0	1.0	0.9620647227749067	0.643086165462806	0.507540720689212	0.3052149318173244	0.03903401721411949	19	0	16	1	9	0.4222222222222222	0.0	0.35555555555555557	0.022222222222222223	0.2	16337	0	17056	8	8369	0.39111802729231504	0.0	0.40833133828106294	0.00019152501795547042	0.2003591094086665
93096_N1	0.040530480501855454	0.1408317046617772	0.25989461366901667	0	0	20	0.0	0.0	1.0	0	0	45074	0.0	0.0	1.0	0.945470513775452	0.6997025715729586	0.49779501712006885	0.33921257507246594	0.06039396159807878	19	1	21	3	12	0.3392857142857143	0.017857142857142856	0.375	0.05357142857142857	0.21428571428571427	11904	109	18622	27	7122	0.315053991107347	0.002884818970993013	0.49285411814524666	0.0007145881854753335	0.18849248359093795
93096_N2	0.03525313998951287	0.06586602311070075	0.10310411854297603	21	10	7	0.5526315789473685	0.2631578947368421	0.18421052631578946	42064	8738	9032	0.7030116656081826	0.14603737005715814	0.1509509643346592	0.9530238056316163	0.6236439534575617	0.5021034079929428	0.33795614914264616	0.06100655298017844	19	0	24	2	12	0.3333333333333333	0.0	0.42105263157894735	0.03508771929824561	0.21052631578947367	15144	0	25707	11	4631	0.332886378124107	0.0	0.5650759457498956	0.0002417954410568659	0.10179588068494054
93096_N3	0.05169358776471143	0.1420351126397255	0.22170533248015284	0	2	20	0.0	0.09090909090909091	0.9090909090909091	0	667	45824	0.0	0.014346862833666731	0.9856531371663333	0.980970013453971	0.6561257462183014	0.5037640441984047	0.33055707152469493	0.019702922135874695	18	1	21	1	13	0.3333333333333333	0.018518518518518517	0.3888888888888889	0.018518518518518517	0.24074074074074073	8853	30	14199	52	11106	0.2585572429906542	0.0008761682242990654	0.4146904205607477	0.0015186915887850467	0.324357476635514
93096_N4	0.03660778978540313	0.08487387549618285	0.1472548168351469	14	20	5	0.358974358974359	0.5128205128205128	0.1282051282051282	11770	19977	6663	0.30643061702681595	0.5200989325696433	0.17347045040354075	0.9719126158684341	0.7319499725445808	0.4875977264713149	0.35288435568972654	0.027560049606922942	21	1	22	2	15	0.3442622950819672	0.01639344262295082	0.36065573770491804	0.03278688524590164	0.2459016393442623	11957	5	10955	82	6201	0.409486301369863	0.00017123287671232877	0.37517123287671234	0.0028082191780821916	0.21236301369863014
93096_N5	0.03703646765603561	0.0692777470080192	0.11118812485482732	1	20	0	0.047619047619047616	0.9523809523809523	0.0	1799	65554	0	0.02671002034059359	0.9732899796594064	0.0	0.9614799920152624	0.6908284609298181	0.498343206041466	0.2861029053962011	0.04125402442535468	13	2	19	0	16	0.26	0.04	0.38	0.0	0.32	15657	58	25424	0	13700	0.28550848848447274	0.0010576414595452142	0.46361166323237113	0.0	0.24982220682361092
93096_N6	0.015516446346679464	0.13781704470581768	0.2521276796389607	18	33	13	0.28125	0.515625	0.203125	9349	34654	22989	0.1395539765942202	0.5172856460472892	0.3431603773584906	0.9476372342942471	0.65755805175681	0.49767301301788375	0.36437129009611086	0.04660304661038327	13	0	28	2	21	0.203125	0.0	0.4375	0.03125	0.328125	8153	0	28273	135	19092	0.14649704418450038	0.0	0.5080229277846657	0.0024257452428440517	0.3430542827879899
93097_N1	0.008596508482693575	0.17534844099477842	0.2459287318053962	1	3	21	0.04	0.12	0.84	10	4617	44799	0.00020232266418484198	0.09341237405414154	0.9063853032816737	0.9636098850507204	0.6247366343067069	0.5078324454634555	0.4089053916648245	0.04133091690674912	20	4	22	0	9	0.36363636363636365	0.07272727272727272	0.4	0.0	0.16363636363636364	20656	115	15388	0	5053	0.5012132388624673	0.002790449383674658	0.3733863923129186	0.0	0.12260991944093953
93098_N1	0.055350692913015455	0.14234870069925942	0.26128167837479344	0	0	20	0.0	0.0	1.0	0	0	52418	0.0	0.0	1.0	0.9443373449698708	0.6455521130454634	0.5050971942075847	0.35136100280016686	0.052597009094006913	21	1	34	4	19	0.26582278481012656	0.012658227848101266	0.43037974683544306	0.05063291139240506	0.24050632911392406	8472	30	23557	30	12514	0.18994238055736162	0.0006726004977243683	0.5281483308297649	0.0006726004977243683	0.28056408761742485
93099_N1	0.04001568390177446	0.10276466608663705	0.17072974227482499	12	15	15	0.2857142857142857	0.35714285714285715	0.35714285714285715	5647	10448	17392	0.16863260369695704	0.3120016722907397	0.5193657240123033	0.9522985382768666	0.6459747216060263	0.5039002742622157	0.3233862724718574	0.04485145364893374	26	6	31	3	11	0.33766233766233766	0.07792207792207792	0.4025974025974026	0.03896103896103896	0.14285714285714285	6895	449	14308	174	5589	0.25150465073864675	0.01637789531278497	0.521904067116542	0.0063468903884734635	0.20386649644355279
93099_N2	0.04669946142047117	0.11299902941453543	0.16464662149182532	0	0	20	0.0	0.0	1.0	0	0	74108	0.0	0.0	1.0	0.9187035867229597	0.6100285083463651	0.5021184963263567	0.35308585735985526	0.0791478261633962	18	1	21	1	12	0.33962264150943394	0.018867924528301886	0.39622641509433965	0.018867924528301886	0.22641509433962265	11210	225	20618	260	11191	0.25767745494667155	0.005171938212578154	0.4739334314086061	0.005976461934534756	0.2572407134976094
93100_N1	0.07846386586317079	0.1705676700516886	0.2417592242468014	0	11	19	0.0	0.36666666666666664	0.6333333333333333	0	23814	44372	0.0	0.34925057929780307	0.6507494207021969	0.9575927305504688	0.6854710151548503	0.5098086589665769	0.2916890586204047	0.04395548980695853	18	3	22	3	14	0.3	0.05	0.36666666666666664	0.05	0.23333333333333334	19278	57	23039	63	12608	0.35022254519029883	0.001035516395676265	0.4185484603506222	0.0011445181215369244	0.22904895994186575
93100_N3	0.04553173120241852	0.09237467237575545	0.17232440010761874	2	20	21	0.046511627906976744	0.46511627906976744	0.4883720930232558	2467	35851	39716	0.03161442448163621	0.45942794166645307	0.5089576338519107	0.8703567909643108	0.7171159794966603	0.5104419340087045	0.2959260092971569	0.07602583064991407	7	17	27	16	0	0.1044776119402985	0.2537313432835821	0.40298507462686567	0.23880597014925373	0.0	158	22605	29181	9301	0	0.002579802432851661	0.36909135439627727	0.47646338476610334	0.15186545840476773	0.0
93100_N4	0.04993177137530589	0.11353173889466942	0.20747553863912108	11	28	26	0.16923076923076924	0.4307692307692308	0.4	7422	23916	30389	0.12023911740405333	0.3874479563238129	0.49231292627213374	0.948915068970536	0.6990973324280223	0.5054884337237742	0.36073823172410013	0.05228692915550592	19	0	25	0	20	0.296875	0.0	0.390625	0.0	0.3125	11675	0	22108	0	18063	0.22518612814874822	0.0	0.42641669559850326	0.0	0.3483971762527485
93100_N6	0.034065949041170475	0.09866829531139484	0.18181356929187115	27	27	8	0.43548387096774194	0.43548387096774194	0.12903225806451613	28246	21426	4471	0.5216925549009106	0.3957298265703784	0.08257761852871101	0.9471115922613191	0.6180740440126375	0.5054400773882586	0.4092534507898866	0.04492232319074745	15	1	28	0	19	0.23809523809523808	0.015873015873015872	0.4444444444444444	0.0	0.30158730158730157	7048	26	22943	0	14968	0.1566744470379015	0.0005779704345893076	0.5100144492608647	0.0	0.33273313326664444
93129_N10	0.026361428989013957	0.058423638743708546	0.12198352690814909	18	19	0	0.4864864864864865	0.5135135135135135	0.0	31333	27515	0	0.532439505165851	0.467560494834149	0.0	0.9574035285050078	0.6919461569042936	0.5052927135680199	0.34215796047809716	0.0421151606186635	13	5	18	1	18	0.23636363636363636	0.09090909090909091	0.32727272727272727	0.01818181818181818	0.32727272727272727	11665	93	17465	21	17030	0.2520854043307257	0.0020097679042226737	0.3774257682499892	0.0004538185590180231	0.36802524095604444
93129_N1	0.02011932978397823	0.052527944972514944	0.1229101453016837	19	9	2	0.6333333333333333	0.3	0.06666666666666667	34203	15333	1206	0.6740569942059832	0.3021757124275748	0.023767293366442	0.9616460286570495	0.6453681121207352	0.49930554331824467	0.3689945227478432	0.04071382720955694	16	0	30	3	17	0.24242424242424243	0.0	0.45454545454545453	0.045454545454545456	0.25757575757575757	5440	0	24012	159	11089	0.13366093366093365	0.0	0.58997542997543	0.0039066339066339065	0.27245700245700244
93129_N2	0.03507945518793601	0.10142638966108106	0.18106307980886005	7	22	14	0.16279069767441862	0.5116279069767442	0.32558139534883723	5664	35172	16741	0.09837261406464387	0.6108689233548118	0.29075846258054433	0.9701195649921245	0.7105299981240369	0.5028832188473759	0.3209431926347853	0.03352545691725373	16	0	24	2	23	0.24615384615384617	0.0	0.36923076923076925	0.03076923076923077	0.35384615384615387	6786	0	23545	44	15054	0.14937594928349732	0.0	0.5182812740760308	0.0009685443219089128	0.33137423231856306
93129_N3	0.04040169407803912	0.08235701188414722	0.17674289109548025	0	17	17	0.0	0.5	0.5	0	16265	18933	0.0	0.46210011932496164	0.5378998806750384	0.9772384122515879	0.6767522403109433	0.5005051624118831	0.37315261478496015	0.02054828443365684	11	0	14	1	15	0.2682926829268293	0.0	0.34146341463414637	0.024390243902439025	0.36585365853658536	6127	0	12046	121	8144	0.23174975414176563	0.0	0.45563204478402297	0.0045767455934639534	0.3080414554807474
93129_N4	0.022910554631253854	0.07684228761023602	0.16917004973377142	22	17	22	0.36065573770491804	0.2786885245901639	0.36065573770491804	12273	15880	18730	0.2617793229955421	0.33871552588358256	0.39950515112087537	0.9530906737840719	0.6450584758438681	0.4997202922334601	0.3337429943710927	0.05488604720856475	18	1	34	0	14	0.26865671641791045	0.014925373134328358	0.5074626865671642	0.0	0.208955223880597	8992	50	19129	0	8726	0.2437054503076131	0.0013551237227958912	0.5184432338672521	0.0	0.23649619210233894
93129_N6	0.023482107043266507	0.07564651310090377	0.15821256636734746	14	20	8	0.3333333333333333	0.47619047619047616	0.19047619047619047	10153	16019	5874	0.31682581289396494	0.49987517942957	0.1832990076764651	0.9744465820487328	0.6416067208800906	0.5053030936510221	0.4118498512211311	0.0248153999109784	14	1	23	0	10	0.2916666666666667	0.020833333333333332	0.4791666666666667	0.0	0.20833333333333334	3203	13	11299	0	4850	0.1654014975471211	0.0006713142266976503	0.5834753421120579	0.0	0.2504518461141234
93129_N7	0.06340576135305476	0.1130980981701228	0.20760818046241106	1	0	20	0.047619047619047616	0.0	0.9523809523809523	19	0	61778	0.00030745829085554314	0.0	0.9996925417091445	0.9648237320752316	0.7112770118147259	0.4973903974118065	0.36899091100360454	0.03715742000144541	10	7	16	0	18	0.19607843137254902	0.13725490196078433	0.3137254901960784	0.0	0.35294117647058826	8095	208	21745	0	20185	0.16114904544821135	0.0041407043178786854	0.4328827663090001	0.0	0.4018274839249099
93129_N8	0.03903250443600892	0.17495983128251752	0.26152717435678197	0	2	22	0.0	0.08333333333333333	0.9166666666666666	0	1456	42905	0.0	0.032821622596424786	0.9671783774035753	0.9549249997611555	0.6220165745302907	0.4995558512902697	0.3524209568330493	0.04350530089772897	10	0	15	0	12	0.2702702702702703	0.0	0.40540540540540543	0.0	0.32432432432432434	8151	0	16104	0	9095	0.24440779610194902	0.0	0.4828785607196402	0.0	0.2727136431784108
93129_N9	0.03297225183504976	0.09646100932675568	0.16228972509956965	15	21	10	0.32608695652173914	0.45652173913043476	0.21739130434782608	8542	27854	9786	0.18496383872504438	0.60313542072669	0.21190074054826555	0.9642306382330673	0.678489389669424	0.4867284241135039	0.40815197984463014	0.039659257311267904	11	1	15	4	17	0.22916666666666666	0.020833333333333332	0.3125	0.08333333333333333	0.3541666666666667	12854	49	11272	89	11634	0.35807008747005403	0.001364978550337066	0.31400077998774306	0.0024792467546938548	0.324084907237172
93131_N1	0.03786270097253481	0.07897459390230505	0.14518666503792424	1	21	10	0.03125	0.65625	0.3125	646	42274	14001	0.011349062736072803	0.7426784490785474	0.24597248818537973	0.9781845292870256	0.6113545414867443	0.50701399588765	0.3608167088489628	0.01809202555638561	14	2	16	6	14	0.2692307692307692	0.038461538461538464	0.3076923076923077	0.11538461538461539	0.2692307692307692	14088	65	18376	110	8647	0.3412294724603982	0.0015743835682798042	0.4450903453955336	0.0026643414232427457	0.20944145715254567
93131_N2	0.04203672249609842	0.07258929190498	0.15883164970090843	0	24	14	0.0	0.631578947368421	0.3684210526315789	0	46140	30386	0.0	0.6029323367221597	0.3970676632778402	0.9601187637777953	0.6464722919876533	0.5030718339554728	0.31896201141920777	0.03325398201871337	10	0	22	2	18	0.19230769230769232	0.0	0.4230769230769231	0.038461538461538464	0.34615384615384615	9686	0	24190	33	24724	0.16519707332048505	0.0	0.41256630225299745	0.0005628229836440229	0.4216738014428735
93131_N3	0.01949029003500825	0.07540888818891846	0.17201241030708028	31	41	16	0.3522727272727273	0.4659090909090909	0.18181818181818182	39324	50463	19096	0.3611583075411221	0.4634607790013133	0.17538091345756454	0.9783224882662496	0.6255263238280241	0.5074075607454817	0.34098799121097184	0.020440838766385236	31	0	46	0	18	0.3263157894736842	0.0	0.4842105263157895	0.0	0.18947368421052632	12569	0	26279	0	15235	0.23240204870291958	0.0	0.4859012998539282	0.0	0.2816966514431522
93131_N4	0.019454436249242032	0.06361461459657172	0.16787016649823322	25	22	5	0.4807692307692308	0.4230769230769231	0.09615384615384616	59731	36507	2768	0.6033068702906894	0.3687352281679898	0.027957901541320728	0.982451092907924	0.718865996051094	0.5038932675391325	0.3916239466658243	0.02402042202943632	20	3	30	3	20	0.2631578947368421	0.039473684210526314	0.39473684210526316	0.039473684210526314	0.2631578947368421	12805	107	26268	67	13573	0.24242711094282468	0.002025747822794396	0.4973116243847028	0.0012684589170768648	0.2569670579326013
93131_N5	0.028560633443771726	0.08573228440272121	0.17759171789239028	2	18	18	0.05263157894736842	0.47368421052631576	0.47368421052631576	1268	8586	23622	0.03787788266220576	0.2564822559445573	0.705639861393237	0.968940468116454	0.6092100377791332	0.5052681345444735	0.4515941101596552	0.031823453778256294	12	0	16	0	9	0.32432432432432434	0.0	0.43243243243243246	0.0	0.24324324324324326	8869	0	9222	0	7377	0.3482409297942516	0.0	0.3621014606565101	0.0	0.28965760954923825
93131_N6	0.027621720764648326	0.08899218341102358	0.15539907097323866	28	13	4	0.6222222222222222	0.28888888888888886	0.08888888888888889	37052	13843	4115	0.6735502635884385	0.2516451554262861	0.0748045809852754	0.9536434464275811	0.6325413814393246	0.5010074824303327	0.32860613603574085	0.05675814386039406	15	6	25	3	21	0.21428571428571427	0.08571428571428572	0.35714285714285715	0.04285714285714286	0.3	12391	153	18931	173	12603	0.28001627081873853	0.0034575489819439107	0.42780954102732144	0.003909516169126121	0.28480712300287
93131_N7	0.056920242555116414	0.15948249991348978	0.28597917867270406	0	0	20	0.0	0.0	1.0	0	0	26914	0.0	0.0	1.0	0.964550171525677	0.6346391979789747	0.49284850176556927	0.3294700571812364	0.043212915292836836	14	0	16	0	13	0.32558139534883723	0.0	0.37209302325581395	0.0	0.3023255813953488	7294	0	7829	0	6573	0.3361910029498525	0.0	0.36084992625368734	0.0	0.3029590707964602
93131_N8	0.0668977108210289	0.15022142750871953	0.22600789291426518	0	1	20	0.0	0.047619047619047616	0.9523809523809523	0	1353	53333	0.0	0.02474125004571554	0.9752587499542844	0.9567111748480535	0.6415998569126143	0.49850791414938406	0.307135237558692	0.04500017251815844	12	2	20	0	11	0.26666666666666666	0.044444444444444446	0.4444444444444444	0.0	0.24444444444444444	8010	28	29275	0	7066	0.18049077266274588	0.0006309290430158408	0.6596588476531693	0.0	0.15921945064106896
93132_N1	0.030739358069055554	0.0768766110644271	0.11196773450871185	21	18	0	0.5384615384615384	0.46153846153846156	0.0	27094	18867	0	0.5894997933030178	0.41050020669698223	0.0	0.9789942386559068	0.5788877704217593	0.5022147326230558	0.2861131699556431	0.02193339910082673	14	0	21	1	16	0.2692307692307692	0.0	0.40384615384615385	0.019230769230769232	0.3076923076923077	6130	0	14073	4	10078	0.20241043420835397	0.0	0.46468548786527986	0.00013207858675912167	0.33277199933960705
93132_N2	0.021182046077278624	0.10121334833714155	0.17972487690152866	15	26	14	0.2727272727272727	0.4727272727272727	0.2545454545454545	15697	33900	16431	0.23773247713091417	0.5134185497061853	0.24884897316290058	0.9681780723229573	0.6853524566883166	0.4962646734363345	0.339127571086878	0.03075620491717392	17	0	25	1	11	0.3148148148148148	0.0	0.46296296296296297	0.018518518518518517	0.2037037037037037	21348	0	19062	14	9142	0.4306984626558528	0.0	0.38457813823992254	0.0002824516805874995	0.18444094742363717
93133_N1	0.03299083446236026	0.07293104924184547	0.11636902856218588	10	20	0	0.3333333333333333	0.6666666666666666	0.0	8757	27738	0	0.23995067817509247	0.7600493218249075	0.0	0.9577442756066713	0.6484654421074479	0.5127452577508422	0.23696232167098444	0.038752026760697014	10	1	13	0	17	0.24390243902439024	0.024390243902439025	0.3170731707317073	0.0	0.4146341463414634	6263	7	9258	0	11875	0.22855161843593766	0.00025544648396161004	0.3378462212166551	0.0	0.4333467138634456
93133_N4	0.05700972215885682	0.14160366612813943	0.1895316104283674	0	6	22	0.0	0.21428571428571427	0.7857142857142857	0	14892	59722	0.0	0.19958720883480313	0.8004127911651969	0.9672521265500864	0.7031304086583148	0.49919952089400327	0.314891391769364	0.029485032153809983	20	1	28	1	18	0.29411764705882354	0.014705882352941176	0.4117647058823529	0.014705882352941176	0.2647058823529412	14448	200	24547	8	16827	0.25786185971800824	0.003569516330537212	0.43810458682848474	0.0001427806532214885	0.30032125646974833
93241_N1	0.04220033114316854	0.09011641482215627	0.1790310474054519	2	15	19	0.05555555555555555	0.4166666666666667	0.5277777777777778	559	20247	28466	0.011345185906803052	0.4109230394544569	0.57773177463874	0.8263198630758153	0.7656998126196732	0.49937534187498306	0.2511004208066999	0.16961820483085155	0	12	18	10	1	0.0	0.2926829268292683	0.43902439024390244	0.24390243902439024	0.024390243902439025	0	8128	19113	9908	109	0.0	0.21815449031080572	0.5129904986848463	0.26592946481292606	0.0029255461914219766
93241_N2	0.042160228725501514	0.10454898000470635	0.18309744578573076	11	18	19	0.22916666666666666	0.375	0.3958333333333333	5840	15264	16539	0.1551417262173578	0.4054937172913955	0.4393645564912467	0.968930127226326	0.5774385428156534	0.5025762037970671	0.41375780655660194	0.03363557398384896	12	0	24	1	10	0.2553191489361702	0.0	0.5106382978723404	0.02127659574468085	0.2127659574468085	7835	0	15818	19	6551	0.2592396519207226	0.0	0.5233762366409688	0.0006286602918307249	0.21675545114647785
93242_N1	0.036585976185891246	0.08727621953398582	0.12584152648836047	0	19	11	0.0	0.6333333333333333	0.36666666666666664	0	56410	24962	0.0	0.6932360025561618	0.3067639974438382	0.9046936397688218	0.612061489275686	0.5134459107488902	0.4111969260804229	0.13526634525929926	4	1	26	8	0	0.10256410256410256	0.02564102564102564	0.6666666666666666	0.20512820512820512	0.0	79	349	56659	6274	0	0.0012468237559381955	0.005508120136992787	0.8942251542747116	0.09901990183235744	0.0
93242_N2	0.021025266407710484	0.09452099567175043	0.16818739421564965	17	22	4	0.3953488372093023	0.5116279069767442	0.09302325581395349	11742	20441	2683	0.3367750817415247	0.5862731600986635	0.07695175815981185	0.9746132043588478	0.5934949797725892	0.48788422654532915	0.32730200610031235	0.027506701241721512	9	0	14	0	11	0.2647058823529412	0.0	0.4117647058823529	0.0	0.3235294117647059	6304	0	11201	0	9390	0.23439300985313255	0.0	0.41647146309723	0.0	0.34913552704963746
93243_N1	0.02707572470861174	0.13099557153718205	0.23477579795532694	0	13	20	0.0	0.3939393939393939	0.6060606060606061	0	15387	37453	0.0	0.2911998485995458	0.7088001514004542	0.9719413185351048	0.5997287980512269	0.504961799306436	0.3531569980299465	0.02790890576812249	14	4	20	0	17	0.2545454545454545	0.07272727272727272	0.36363636363636365	0.0	0.3090909090909091	9381	146	18060	0	15447	0.2179904261746526	0.0033926662638843704	0.41966816935446394	0.0	0.35894873820699913
93243_N2	0.03466648140910251	0.06352429465189131	0.10976923953812569	14	16	8	0.3684210526315789	0.42105263157894735	0.21052631578947367	15986	20136	9566	0.3498949395902644	0.44072841884083347	0.20937664156890212	0.9655801148529103	0.6933664702173643	0.4962422627638569	0.3385405125159151	0.029975459469781113	18	2	23	1	20	0.28125	0.03125	0.359375	0.015625	0.3125	10866	15	12585	18	12353	0.3032061835533108	0.0004185618215810475	0.35117336830649887	0.000502274185897257	0.344699612132712
93244_N1	0.02476281811927615	0.08608935619077722	0.16778675951433267	11	20	11	0.2619047619047619	0.47619047619047616	0.2619047619047619	7352	15180	9642	0.2285074905202959	0.47180953564990363	0.29968297382980047	0.9113646509485119	0.6366899146636722	0.4963278691411489	0.28260652707819756	0.06599095031474264	10	0	21	3	16	0.2	0.0	0.42	0.06	0.32	2449	0	17718	100	8274	0.08580638379874567	0.0	0.6207911425668337	0.003503731474019831	0.28989874216040085
93244_N2	0.02317506720692872	0.04717819800101918	0.0655222707168763	23	5	1	0.7931034482758621	0.1724137931034483	0.034482758620689655	115284	5302	18	0.9558886935756691	0.04396205764319591	0.00014924878113495407	0.8805817090129825	0.6629699291773136	0.4951844836346796	0.33959446069416854	0.10895504117228048	2	0	22	0	1	0.08	0.0	0.88	0.0	0.04	48	0	94169	0	26	0.0005093216472310941	0.0	0.9992147957938521	0.0	0.00027588255891684263
93244_N3	0.03539030957793768	0.06711797646240422	0.13330334062771154	17	12	9	0.4473684210526316	0.3157894736842105	0.23684210526315788	16572	12145	11647	0.41056386879397483	0.3008869289465861	0.2885492022594391	0.9650643118840592	0.7389569407827522	0.49953630778519725	0.3004951524485109	0.03611568959273947	10	4	20	2	17	0.18867924528301888	0.07547169811320754	0.37735849056603776	0.03773584905660377	0.32075471698113206	5734	124	15429	35	10975	0.17753970957054835	0.0038393658853763508	0.4777223890763848	0.0010836919837755828	0.33981484348391494
93244_N4	0.016858928310909196	0.15201612324570232	0.2048113834913415	0	5	20	0.0	0.2	0.8	0	6174	47718	0.0	0.114562458249833	0.885437541750167	0.8295971958342653	0.7978915085289524	0.4971832217260019	0.21227016850409997	0.173361792348004	15	0	18	1	14	0.3125	0.0	0.375	0.020833333333333332	0.2916666666666667	12323	0	17487	99	12654	0.28952376477222	0.0	0.41084979912130254	0.002325963865329042	0.2973004722411484
93244_N5	0.02006872151273524	0.11998388497851885	0.23081676065589954	0	0	20	0.0	0.0	1.0	0	0	48357	0.0	0.0	1.0	0.9471307126338667	0.6115542576372599	0.49955365719346945	0.3230904668607068	0.051427868171086036	11	0	25	0	14	0.22	0.0	0.5	0.0	0.28	10366	0	17297	0	11796	0.2627030588712334	0.0	0.4383537342558098	0.0	0.2989432068729567
93244_N6	0.02601461885244497	0.05136935866346083	0.07759728790412741	11	19	0	0.36666666666666664	0.6333333333333333	0.0	12166	25263	0	0.3250420796708435	0.6749579203291566	0.0	0.9579505182156741	0.5872132780864676	0.50248008937661	0.3647996531053429	0.04125880414474039	23	2	48	0	30	0.22330097087378642	0.019417475728155338	0.46601941747572817	0.0	0.2912621359223301	7725	60	14707	0	8882	0.2462229871868426	0.0019124115509657677	0.4687639446675591	0.0	0.2831006565946325
93244_N8	0.024653542353836662	0.05596594867611589	0.0726515279575665	20	2	0	0.9090909090909091	0.09090909090909091	0.0	90360	4747	0	0.9500877958509889	0.04991220414901111	0.0	0.9066008994328263	0.6559640182800146	0.5000547440278443	0.35480757482688885	0.09864066852829884	2	1	24	0	2	0.06896551724137931	0.034482758620689655	0.8275862068965517	0.0	0.06896551724137931	69	515	75754	0	32	0.0009034961372266597	0.006743485661909127	0.9919340054995417	0.0	0.0004190127013225088
93256_N1	0.053389764811237306	0.11785754883080012	0.19927091967160326	2	20	24	0.043478260869565216	0.43478260869565216	0.5217391304347826	2636	26197	37149	0.03995028947288654	0.3970325240217029	0.5630171865054105	0.9729437252921581	0.6252779207147454	0.5080574680471729	0.35113354203482744	0.025653304148238347	21	0	28	2	10	0.3442622950819672	0.0	0.45901639344262296	0.03278688524590164	0.16393442622950818	18845	0	24772	13	7764	0.3666770440129198	0.0	0.48200179009222865	0.00025294781492002957	0.1510682180799315
93258_N10	0.037363984337865794	0.08800985853194701	0.14570556388781963	1	18	15	0.029411764705882353	0.5294117647058824	0.4411764705882353	928	44274	20184	0.014192640626433793	0.6771174257486312	0.308689933624935	0.9720651425661141	0.6285010532265394	0.4982337635022426	0.39178894378444296	0.029460920468684045	18	1	25	0	19	0.2857142857142857	0.015873015873015872	0.3968253968253968	0.0	0.30158730158730157	10313	73	21884	0	15581	0.21552318655827465	0.0015255689536268836	0.45733631481055775	0.0	0.3256149296775407
93258_N11	0.048177712725388414	0.07413528244756898	0.11975251191607053	1	20	2	0.043478260869565216	0.8695652173913043	0.08695652173913043	408	29896	1428	0.0128576830959284	0.9421404260683222	0.0450018908357494	0.9657402845111244	0.6256041665232587	0.5036708082442909	0.3754324325102455	0.036707005164071625	21	1	33	0	21	0.27631578947368424	0.013157894736842105	0.4342105263157895	0.0	0.27631578947368424	4494	98	9858	0	4507	0.23706282639658174	0.005169594345096798	0.5200189903465738	0.0	0.23774858891174763
93258_N12	0.041654902849288605	0.11296422412303471	0.14747454150267275	0	6	19	0.0	0.24	0.76	0	22200	80143	0.0	0.21691762015965918	0.7830823798403408	0.9767688763997309	0.6583329100569058	0.5041281238257946	0.3975506027450819	0.021631016556583803	11	5	20	3	21	0.18333333333333332	0.08333333333333333	0.3333333333333333	0.05	0.35	6042	234	27819	268	10663	0.13418913516634834	0.0051969972904544045	0.6178430240305601	0.005952116554879403	0.23681872695775774
93258_N1	0.03813597223391363	0.12654627846659763	0.2129774240090633	0	0	20	0.0	0.0	1.0	0	0	28520	0.0	0.0	1.0	0.976469604049253	0.5938620064611204	0.49048389370338047	0.4076847239620957	0.02536737477076282	7	2	18	0	12	0.1794871794871795	0.05128205128205128	0.46153846153846156	0.0	0.3076923076923077	2920	291	10698	0	6765	0.14124020508851698	0.014075650575602205	0.5174615459030667	0.0	0.32722259843281415
93258_N2	0.016415483437435457	0.0771501801348162	0.1832604324553996	20	33	9	0.3225806451612903	0.532258064516129	0.14516129032258066	22449	40707	9661	0.3082933930263537	0.559031544831564	0.13267506214208222	0.9758484206000707	0.7079526567674945	0.49844985322637936	0.3153710033380042	0.025461777672832305	14	2	25	1	20	0.22580645161290322	0.03225806451612903	0.4032258064516129	0.016129032258064516	0.3225806451612903	10488	71	19655	4	10903	0.25505216312832857	0.0017266117069137425	0.47797962111816344	9.727389898105591e-05	0.2651443301476131
93258_N3	0.06372461427821503	0.15941124767361317	0.25802128197732827	0	0	20	0.0	0.0	1.0	0	0	44398	0.0	0.0	1.0	0.9458234954120156	0.7116052099747092	0.5008449499012462	0.3765653095159248	0.06070922190088169	15	5	22	4	14	0.25	0.08333333333333333	0.36666666666666664	0.06666666666666667	0.23333333333333334	9882	128	16572	177	9947	0.2692202909606059	0.0034871683103579795	0.45147932218165965	0.004822099929166893	0.27099111861820957
93258_N4	0.049102862650692476	0.1256210111884538	0.21216978715724621	0	0	20	0.0	0.0	1.0	0	0	31248	0.0	0.0	1.0	0.9771219987344462	0.6018482214382247	0.5100964286308444	0.32249307819395834	0.02503329954230713	11	2	14	2	9	0.2894736842105263	0.05263157894736842	0.3684210526315789	0.05263157894736842	0.23684210526315788	6511	309	10088	64	3759	0.314070715353818	0.014905214413197627	0.4866142491920313	0.0030871641503063046	0.18132265689064686
93258_N5	0.05130936747839805	0.10576983993274292	0.16591117387813256	15	22	10	0.3191489361702128	0.46808510638297873	0.2127659574468085	12174	24790	14128	0.2382760510451734	0.48520316292178817	0.2765207860330384	0.9526223302526164	0.6627580691949074	0.506861563781853	0.25415151953911513	0.053455990794786995	12	1	22	1	16	0.23076923076923078	0.019230769230769232	0.4230769230769231	0.019230769230769232	0.3076923076923077	9369	58	21454	80	11529	0.220498940927277	0.0013650270651918098	0.5049188044245705	0.0018827959519887032	0.271334431630972
93258_N6	0.037683896394476675	0.1255534501312278	0.22382474665181137	24	37	16	0.3116883116883117	0.4805194805194805	0.2077922077922078	23551	45158	19967	0.2655848256574496	0.5092471469168659	0.2251680274256845	0.9710839275819753	0.6194666032214919	0.49264986163061575	0.32931762113831126	0.02649160623133511	20	1	31	0	19	0.28169014084507044	0.014084507042253521	0.43661971830985913	0.0	0.2676056338028169	13825	34	31372	0	20102	0.21160822249093109	0.000520410818422543	0.4801861233985888	0.0	0.3076852432920576
93258_N7	0.03793096991077905	0.07648603166985021	0.1528305897324556	13	25	6	0.29545454545454547	0.5681818181818182	0.13636363636363635	24179	42182	14494	0.2990414940325274	0.521699338321687	0.17925916764578567	0.9686358866800607	0.6754466958976236	0.5003947691850892	0.32613716332077375	0.031091391096399343	13	2	26	0	18	0.22033898305084745	0.03389830508474576	0.4406779661016949	0.0	0.3050847457627119	13379	18	32257	0	14634	0.2219181263269639	0.0002985668789808917	0.5350484341825902	0.0	0.24273487261146498
93258_N8	0.010615449949972709	0.04655657137155862	0.0762954506879521	20	0	0	1.0	0.0	0.0	71364	0	0	1.0	0.0	0.0	0.9761388213342445	0.6714438083034452	0.5046663539789608	0.3866602560311511	0.025794717213429064	15	2	27	0	15	0.2542372881355932	0.03389830508474576	0.4576271186440678	0.0	0.2542372881355932	7017	14	32171	0	15669	0.12788175903482715	0.0002551438829254069	0.5863024183995189	0.0	0.2855606786827286
93258_N9	0.029435238239686603	0.12550275997931132	0.17495828595082066	0	0	20	0.0	0.0	1.0	0	0	98285	0.0	0.0	1.0	0.9639828199832766	0.6522648454917651	0.5031171286479416	0.3461805630750663	0.036358900042533636	15	13	21	0	17	0.22727272727272727	0.19696969696969696	0.3181818181818182	0.0	0.25757575757575757	19810	190	27156	0	16760	0.3099380436823331	0.002972651605231867	0.4248701420614557	0.0	0.2622191626509794
93259_N1	0.03316930820947168	0.10465097864711172	0.1823800006454655	22	29	16	0.3283582089552239	0.43283582089552236	0.23880597014925373	21369	30935	21055	0.2912935018198176	0.42169331643015856	0.2870131817500239	0.9728994234455668	0.5956833643419328	0.49596875805997953	0.36881220271806936	0.029859487297449427	25	0	24	4	9	0.4032258064516129	0.0	0.3870967741935484	0.06451612903225806	0.14516129032258066	23450	0	22733	100	9149	0.42304084283446386	0.0	0.41010607591283016	0.0018040121229614663	0.16504906912974454
93259_N2	0.0646258307764608	0.19519194207801538	0.28381005381618946	0	13	16	0.0	0.4482758620689655	0.5517241379310345	0	22233	37246	0.0	0.3737957934733267	0.6262042065266733	0.9420269351580349	0.6198693935211638	0.5128200995060418	0.28286307768984387	0.052283667322255575	18	5	25	0	16	0.28125	0.078125	0.390625	0.0	0.25	8637	181	24374	0	16522	0.173733757090558	0.0036408255219857587	0.4902844269219938	0.0	0.33234099046546245
93259_N3	0.04056461474207413	0.07197156335565959	0.14967898942814972	2	20	4	0.07692307692307693	0.7692307692307693	0.15384615384615385	972	25939	4965	0.030493160998870623	0.8137470197013427	0.15575981929978666	0.9689831146598601	0.5912332422898025	0.507019100343786	0.3264076881286896	0.03562489545565688	10	0	16	0	9	0.2857142857142857	0.0	0.45714285714285713	0.0	0.2571428571428571	5558	0	12849	0	5213	0.2353090601185436	0.0	0.5439881456392888	0.0	0.22070279424216765
93260_N1	0.011312423348159593	0.060187148701174586	0.1196390885290839	13	24	22	0.22033898305084745	0.4067796610169492	0.3728813559322034	10385	47308	27754	0.1215373272320854	0.5536531417135768	0.3248095310543378	0.8775311702639084	0.6402985224204619	0.5007855918889436	0.33845585092293284	0.12057684694569677	15	6	31	4	12	0.22058823529411764	0.08823529411764706	0.45588235294117646	0.058823529411764705	0.17647058823529413	15428	2257	37832	973	9052	0.23539104696225321	0.03443593421012481	0.5772176619572182	0.014845442616947912	0.1381099142534558
93260_N2	0.030983150584842502	0.08752609579906917	0.17666659440154825	18	32	22	0.25	0.4444444444444444	0.3055555555555556	11395	22588	11064	0.2529580216218616	0.501431837858237	0.24561014051990143	0.9775911666794763	0.5838280628868245	0.49928031512558035	0.347566637773585	0.024709082650551648	19	1	21	1	19	0.3114754098360656	0.01639344262295082	0.3442622950819672	0.01639344262295082	0.3114754098360656	9684	189	11616	14	9295	0.31443600233781416	0.0061367621274108705	0.37716734852912526	0.00045457497240080524	0.3018053120332489
93260_N3	0.05667741164986335	0.1292073027622027	0.1899036721907167	0	0	20	0.0	0.0	1.0	0	0	72932	0.0	0.0	1.0	0.9535197033727734	0.7132092092818244	0.49039056732548875	0.3437188563747884	0.04398803742682104	17	2	26	0	15	0.2833333333333333	0.03333333333333333	0.43333333333333335	0.0	0.25	16077	98	28384	0	11826	0.2851290236765097	0.0017380509000620731	0.5033962933404275	0.0	0.2097366320830008
93260_N4	0.03975002103996526	0.07137837976333272	0.11570360553275191	10	17	5	0.3125	0.53125	0.15625	12484	19577	6503	0.3237216056425682	0.5076496214085676	0.16862877294886422	0.9747758771191535	0.5963999572218377	0.5030272113450538	0.3623291909719731	0.028300688566133377	15	0	26	0	13	0.2777777777777778	0.0	0.48148148148148145	0.0	0.24074074074074073	5899	0	15858	0	5891	0.21336082175925927	0.0	0.5735677083333334	0.0	0.2130714699074074
93260_N5	0.04882059780056584	0.13368679963708005	0.1857629012766773	0	0	20	0.0	0.0	1.0	0	0	78731	0.0	0.0	1.0	0.9487466221507069	0.5892833506086228	0.49739600971549724	0.3473398138586574	0.04177104760346324	17	1	25	0	15	0.29310344827586204	0.017241379310344827	0.43103448275862066	0.0	0.25862068965517243	12716	75	19052	0	15271	0.2698985439572102	0.0015918835165768138	0.40438086343761936	0.0	0.32412870908859365
93260_N6	0.05986748008945628	0.1748223868496019	0.2548166856883934	0	21	18	0.0	0.5384615384615384	0.46153846153846156	0	29361	37620	0.0	0.4383481882922023	0.5616518117077978	0.9679083497819287	0.6077966666787139	0.504352500380361	0.3290955773653451	0.03320249435902917	17	2	23	0	15	0.2982456140350877	0.03508771929824561	0.40350877192982454	0.0	0.2631578947368421	15612	59	25196	0	10640	0.3031044324072456	0.001145475372279496	0.48917622847379966	0.0	0.20657386374667522
93260_N7	0.045469834162180395	0.08546335892965069	0.1331015252778518	4	13	19	0.1111111111111111	0.3611111111111111	0.5277777777777778	3439	15417	22936	0.08228847626339969	0.36889835375191427	0.5488131699846861	0.9796119512417397	0.6283641147187006	0.5077640134945439	0.31284715093990634	0.02476624695011169	13	1	24	8	17	0.20634920634920634	0.015873015873015872	0.38095238095238093	0.12698412698412698	0.2698412698412698	4824	105	16419	71	6292	0.17408249431633646	0.003789109018079463	0.5925083901699686	0.0025621594312727797	0.22705784706434268
93260_N8	0.03039670562939024	0.06252308670945515	0.10061225491763565	16	18	0	0.47058823529411764	0.5294117647058824	0.0	31040	31299	0	0.4979226487431624	0.5020773512568376	0.0	0.9670848123664034	0.6758506613525996	0.5051813023923154	0.3909567552194093	0.03820661455888526	18	1	22	2	13	0.32142857142857145	0.017857142857142856	0.39285714285714285	0.03571428571428571	0.23214285714285715	12645	41	27551	123	8037	0.2612765254044672	0.0008471599479306568	0.569270822571647	0.0025414798437919705	0.16606401223216316
94314_N3	0.017214304367664156	0.04076034905067215	0.06317727439547302	21	5	0	0.8076923076923077	0.19230769230769232	0.0	77907	8394	0	0.9027357736295061	0.09726422637049396	0.0	0.8839645467900425	0.6644312169534197	0.5052048339909221	0.3283187857859892	0.12252398947785596	0	1	21	0	1	0.0	0.043478260869565216	0.9130434782608695	0.0	0.043478260869565216	0	57	68145	0	25	0.0	0.0008354463775338209	0.9987981297726707	0.0	0.0003664238497955355
94314_N4	0.027333129428861954	0.10235212116020724	0.12918275982155422	0	20	0	0.0	1.0	0.0	0	5325	0	0.0	1.0	0.0	0.8126523802262177	0.6233299713222894	0.4920515174862066	0.4093264333652674	0.3090322514318849	0	0	20	0	0	0.0	0.0	1.0	0.0	0.0	0	0	4006	0	0	0.0	0.0	1.0	0.0	0.0
94314_N5	0.031507736359399054	0.1469017322380557	0.24189427633201083	0	0	20	0.0	0.0	1.0	0	0	41995	0.0	0.0	1.0	0.9824886907882302	0.6703268322499386	0.49820393283504716	0.3224796542979359	0.018305835681139436	15	1	18	3	14	0.29411764705882354	0.0196078431372549	0.35294117647058826	0.058823529411764705	0.27450980392156865	8254	17	11713	83	8427	0.28967501930230927	0.000596616831613673	0.41106899698182076	0.002912893942584404	0.29574647294167195
94314_N6	0.012243249886543168	0.09733327400224626	0.1741919237781564	13	25	11	0.2653061224489796	0.5102040816326531	0.22448979591836735	5915	25766	13727	0.13026338971106413	0.5674330514446794	0.3023035588442565	0.9752094558536589	0.6676634501296249	0.49617632473313544	0.3420480092888558	0.028389976932188414	12	3	20	2	16	0.22641509433962265	0.05660377358490566	0.37735849056603776	0.03773584905660377	0.3018867924528302	10425	62	14543	37	9668	0.3001295523247445	0.00178494314092414	0.41868432416870593	0.0010652080034547287	0.2783359723621707
94314_N7	0.028634360066359298	0.0629416567914636	0.1151666577723272	0	20	0	0.0	1.0	0.0	0	4476	0	0.0	1.0	0.0	0.9359575992413027	0.73894869969841	0.499565336997659	0.3755223525082214	0.07996903187899612	10	6	10	1	9	0.2777777777777778	0.16666666666666666	0.2777777777777778	0.027777777777777776	0.25	1156	68	1339	94	911	0.3239910313901345	0.01905829596412556	0.375280269058296	0.026345291479820628	0.2553251121076233
94315_N10	0.020574284407996867	0.10018992212087784	0.19150826463769985	20	24	21	0.3076923076923077	0.36923076923076925	0.3230769230769231	11571	20825	23194	0.20814894765245548	0.3746177370030581	0.41723331534448643	0.9665948246685044	0.6220250455188797	0.4888010179402945	0.361216516220029	0.03542422788348187	22	12	18	3	20	0.29333333333333333	0.16	0.24	0.04	0.26666666666666666	16786	738	13559	135	13242	0.3775528565002249	0.01659919028340081	0.3049707602339181	0.003036437246963563	0.29784075573549257
94315_N1	0.03606204224225796	0.13404555123600836	0.1876046818958874	0	13	17	0.0	0.43333333333333335	0.5666666666666667	0	28679	36081	0.0	0.44285052501544164	0.5571494749845584	0.9561513020028386	0.6495294668499054	0.5017959426239975	0.32997616537676694	0.040281975839373894	11	11	16	1	21	0.18333333333333332	0.18333333333333332	0.26666666666666666	0.016666666666666666	0.35	16136	430	21404	46	14517	0.3071593093864809	0.008185331125197495	0.40743913349704	0.0008756400738583367	0.27634058591742333
94315_N2	0.0346776991006389	0.06527785629078416	0.10723858098623266	24	1	8	0.7272727272727273	0.030303030303030304	0.24242424242424243	49964	1058	11378	0.8007051282051282	0.016955128205128206	0.18233974358974359	0.9796098049063151	0.6303207015231231	0.5014829263812252	0.33133649705956036	0.021576058873950768	12	3	22	1	16	0.2222222222222222	0.05555555555555555	0.4074074074074074	0.018518518518518517	0.2962962962962963	11899	180	22708	44	11992	0.2541272451572945	0.0038442645708305747	0.4849753326356705	0.0009397091173141404	0.2561134485188903
94315_N3	0.03246657933381202	0.08678643990767312	0.1427944564924841	17	22	6	0.37777777777777777	0.4888888888888889	0.13333333333333333	14522	16731	4175	0.40990177260923566	0.47225358473523765	0.1178446426555267	0.9533296484187117	0.6207583192321741	0.5045537723834203	0.3896235105877385	0.053384778553302266	13	2	25	3	19	0.20967741935483872	0.03225806451612903	0.4032258064516129	0.04838709677419355	0.3064516129032258	4968	60	14716	122	9311	0.1702711039517428	0.002056414298934092	0.5043698803852349	0.004181375741165987	0.31912122562292217
94315_N4	0.020106418693004915	0.06847907664011729	0.07984275986718684	20	5	0	0.8	0.2	0.0	19997	2818	0	0.8764847687924611	0.1235152312075389	0.0	0.9498963756291444	0.61833348476255	0.5018641989209741	0.33583753517544834	0.06496721057910641	13	3	31	5	26	0.16666666666666666	0.038461538461538464	0.3974358974358974	0.0641025641025641	0.3333333333333333	1327	229	8039	209	3036	0.10334890965732087	0.017834890965732087	0.6260903426791278	0.016277258566978193	0.23644859813084113
94315_N5	0.030265826313167366	0.05491720156506282	0.12482778374624169	10	18	0	0.35714285714285715	0.6428571428571429	0.0	18499	40496	0	0.3135689465208916	0.6864310534791084	0.0	0.9762324925169487	0.708982679767424	0.49580392340720486	0.353092075248131	0.023368871206635625	17	5	25	2	18	0.2537313432835821	0.07462686567164178	0.373134328358209	0.029850746268656716	0.26865671641791045	13617	127	14672	24	12029	0.3364797746423188	0.0031382045516321136	0.36254911166571946	0.0005930465294422891	0.29723986261088736
94315_N6	0.0034333197068867134	0.09564237041128078	0.24244245475796766	1	0	21	0.045454545454545456	0.0	0.9545454545454546	56	0	29710	0.0018813411274608614	0.0	0.9981186588725391	0.9484568643282425	0.6601813671504299	0.508532752393536	0.3319482797107115	0.037598107799286545	43	32	34	39	55	0.21182266009852216	0.15763546798029557	0.16748768472906403	0.1921182266009852	0.270935960591133	3353	1004	10424	1835	2792	0.17276380873866448	0.05173124484748557	0.5370981038746908	0.09454863973619126	0.14385820280296785
94315_N7	0.04371216833118404	0.13530623782225723	0.22444339399732605	1	22	18	0.024390243902439025	0.5365853658536586	0.43902439024390244	46	29762	20652	0.0009116131589377725	0.5898137138327388	0.40927467300832343	0.9533949461911843	0.6290456556841042	0.501220045901572	0.3624356401312167	0.049678030029355266	16	0	23	0	12	0.3137254901960784	0.0	0.45098039215686275	0.0	0.23529411764705882	11433	0	22383	0	8001	0.2734055527656216	0.0	0.5352607791089748	0.0	0.19133366812540353
94315_N8	0.05160115946249227	0.1358238701230956	0.3249508204371636	0	0	20	0.0	0.0	1.0	0	0	60936	0.0	0.0	1.0	0.969518976733031	0.6096585740014738	0.4995569574805193	0.23377910490080686	0.030917060321798688	14	0	21	0	13	0.2916666666666667	0.0	0.4375	0.0	0.2708333333333333	12575	0	21073	0	15213	0.2573627228259757	0.0	0.43128466466097704	0.0	0.3113526125130472
94315_N9	0.044446896561987005	0.10589498217425554	0.18982731312587228	15	26	16	0.2631578947368421	0.45614035087719296	0.2807017543859649	13400	23364	15518	0.2563023602769596	0.44688420488887187	0.29681343483416855	0.9392199325528446	0.6281502343988408	0.5030596914027191	0.40814316082364693	0.07912817898345756	15	2	28	1	18	0.234375	0.03125	0.4375	0.015625	0.28125	6551	47	17298	239	8109	0.20316958193772486	0.0014576355290906835	0.5364719017491626	0.007412231733035604	0.2514886490509862
94316_N1	0.021323314351098747	0.1231135720062698	0.17018259036378147	0	1	20	0.0	0.047619047619047616	0.9523809523809523	0	2185	73514	0.0	0.028864317890593006	0.971135682109407	0.9376301706537803	0.7039833791032684	0.5042364490549618	0.29641992466564177	0.05776824910960498	18	0	34	2	23	0.23376623376623376	0.0	0.44155844155844154	0.025974025974025976	0.2987012987012987	17589	0	25813	24	15856	0.2967005161769171	0.0	0.4354272797813839	0.0004048446408690665	0.26746735940082994
94316_N2	0.031002707599986523	0.06793952150236865	0.11649394844273823	15	21	12	0.3125	0.4375	0.25	21893	36732	22246	0.2707150894634665	0.4542048447527544	0.2750800657837791	0.9669942582815052	0.7165795487580865	0.4897642439629005	0.25773228074502236	0.037425954741674795	5	18	28	19	5	0.06666666666666667	0.24	0.37333333333333335	0.25333333333333335	0.06666666666666667	6925	15088	23227	14233	2570	0.11161613719517109	0.2431861773286269	0.3743693889721645	0.2294054123752881	0.041422884128749414
94316_N3	0.07297308333565039	0.14499607397039085	0.23240913853931863	0	0	20	0.0	0.0	1.0	0	0	62758	0.0	0.0	1.0	0.9747043831564214	0.6695827960620679	0.49650421036941694	0.352357147961414	0.023119452978686658	11	2	24	0	18	0.2	0.03636363636363636	0.43636363636363634	0.0	0.32727272727272727	7599	156	27104	0	11936	0.16238914413933112	0.0033336894967411048	0.5792071802543006	0.0	0.2550699861096271
