Sample,emission_HMM_multi_state_M_M1,emission_HMM_multi_state_M_M2,emission_HMM_multi_state_M_M3,segments_HMM_multi_state_M1,segments_HMM_multi_state_M2,segments_HMM_multi_state_M3,segments_HMM_multi_state_M1_prop,segments_HMM_multi_state_M2_prop,segments_HMM_multi_state_M3_prop,sites_HMM_multi_state_M1,sites_HMM_multi_state_M2,sites_HMM_multi_state_M3,sites_HMM_multi_state_M1_prop,sites_HMM_multi_state_M2_prop,sites_HMM_multi_state_M3_prop,emission_HMM_as_state_T>N_A1,emission_HMM_as_state_T>N_A2,emission_HMM_as_state_T>N_A3,emission_HMM_as_state_T>N_A4,emission_HMM_as_state_T>N_A5,segments_HMM_as_state_A1,segments_HMM_as_state_A2,segments_HMM_as_state_A3,segments_HMM_as_state_A4,segments_HMM_as_state_A5,segments_HMM_as_state_A1_prop,segments_HMM_as_state_A2_prop,segments_HMM_as_state_A3_prop,segments_HMM_as_state_A4_prop,segments_HMM_as_state_A5_prop,sites_HMM_as_state_A1,sites_HMM_as_state_A2,sites_HMM_as_state_A3,sites_HMM_as_state_A4,sites_HMM_as_state_A5,sites_HMM_as_state_A1_prop,sites_HMM_as_state_A2_prop,sites_HMM_as_state_A3_prop,sites_HMM_as_state_A4_prop,sites_HMM_as_state_A5_prop,Ncl,subsets_fit,o_e_11,o_e_33,o_e_31,o_e_13,Mixture_tumours,libraryId,enaExperimentAcc,animalId,sex,nodNumber,motherId,fatherId,cause,den1sig,den2sig,spont1sig,spont2sig,cosineSigFit,diagnosis,tumorGrade,steatosis,mitoses,diameter,numSnvs,numIndels,mpm,numExchanges,cellularity,cnvCount,cnvSpan,cnvInsCount,cnvDelCount,fracAsym,knownDrivers,driver_positions,drivers,driver_positions_c3h_mutId,mice_line,Ploidy_by_HMM_as,tumour_mixture,Symmetry,LAD_ML_segm,LAD_EUCLID_segm,LAD_ML_sites,LAD_EUCLID_sites
88307_N7,0.017718519505653,0.1071116189600586,0.1868379667488835,15,30,18,0.238095238095238,0.4761904761904761,0.2857142857142857,25065,40804,29054,0.2640561297051294,0.4298642057246399,0.3060796645702306,0.9454424308626176,0.6663717646135408,0.5076987103620844,0.309850034516166,0.052503001122685,19,2,26,3,13,0.3015873015873015,0.0317460317460317,0.4126984126984127,0.0476190476190476,0.2063492063492063,24566,30,36204,19,12236,0.3362671959482581,0.0004106495106426,0.4955718294435699,0.000260078023407,0.1674902470741222,2,Good,2.3564534264604755,4.174134082591473,0.02538487695346806,0.023231213071066768,one_tumour,do12267,ERX2022572,88307,Male,N7,82747,78863,DEN,0.85960798,0.117728474,0.014680732,0.007982814,0.994995773581682,DN,High,Micro,,3.014,94921,1280,20.9148663321806,32,79,1,96191,0,1,48.8316252607919,Braf,6:37451282_A/T,Braf,6:37548568_A/T,CAST,one_tumour,0,Asymmetric,2,2,2,2
89800_N2,0.0172469653824677,0.0400051597235727,0.1243168375895955,21,5,0,0.8076923076923077,0.1923076923076923,0.0,69174,4051,0,0.944677364288153,0.055322635711847,0.0,0.9398599242718936,0.653583675527288,0.5003622381242033,0.3105230622371414,0.0636142029911734,12,0,28,0,17,0.2105263157894736,0.0,0.4912280701754385,0.0,0.2982456140350877,10131,0,31320,0,15045,0.179322429906542,0.0,0.554375531011045,0.0,0.2663020390824129,1,1_clone,1_clone,1_clone,1_clone,1_clone,1_clone,do12281,ERX2037925,89800,Male,N2,80432;80434,78863,DEN,0.8809655623,0.10487628,0.0004808148,0.0136773429,0.995342883645782,DN,High,Mixed,1.0,8.672,73225,1812,16.1343758196176,27,79,174,153394702,152,22,42.6004765140009,Braf;Hras,6:37451282_A/T;7:138167671_A/G,Braf;Hras,6:37548568_A/T;7:145858965_A/G,CAST,one_tumour,0,Asymmetric,4,4,5,5
89985_N1,0.0417755639844494,0.1173907736035399,0.1684739025448773,0,1,20,0.0,0.0476190476190476,0.9523809523809524,0,84,120015,0.0,0.0006994229760447,0.9993005770239552,0.95192694228226,0.7168675058473835,0.4940876618339497,0.355644057402309,0.0467442200727393,16,1,27,0,21,0.2461538461538461,0.0153846153846153,0.4153846153846154,0.0,0.3230769230769231,10578,11,31322,0,20434,0.1696687785708557,0.0001764375651616,0.5023979469083326,0.0,0.32775683695565,2,Good,5.518695697779313,3.2000743782356977,0.00566648093482393,0.0,one_tumour,do9156,ERX2021864,89985,Male,N1,84409,81568,DEN,0.1722444,0.8276481,7.668838e-05,3.080239e-05,0.973366716954537,DN,High,Macro,,6.2,120098,1020,26.4440626502133,30,39,1,217000,1,0,48.0081501725526,Braf,6:37548568_A/T,Braf,6:37548568_A/T,C3H,one_tumour,0,Asymmetric,1,1,1,1
89985_N2,0.0191820258702671,0.0826040776396569,0.1672310060446612,12,32,19,0.1904761904761904,0.5079365079365079,0.3015873015873015,8893,32415,18509,0.1486701105037029,0.54190280355083,0.309427085945467,0.9750918117712511,0.6416890491793322,0.5026649832663372,0.3823483239167712,0.0232900718035199,15,0,31,0,16,0.2419354838709677,0.0,0.5,0.0,0.2580645161290322,6871,0,22741,0,6700,0.1892211940956157,0.0,0.6262667988543732,0.0,0.184512007050011,2,Good,2.370448999103311,2.780280271848377,0.07608332078188053,0.0,one_tumour,do9157,ERX2021870,89985,Male,N2,84409,81568,DEN,0.4033281288,0.5953420896,0.0010826267,0.0002471548,0.99907079297341,DN,High,Macro,1.0,6.3,59817,711,13.1709478554831,36,79,2,527705,2,0,36.2712760253751,Braf,6:37548568_A/T,Braf,6:37548568_A/T,C3H,one_tumour,0,Asymmetric,2,2,2,2
89985_N4,0.0253772970647731,0.049122620767668,0.0838328024955829,20,0,0,1.0,0.0,0.0,29516,0,0,1.0,0.0,0.0,0.9671813100729224,0.6401692585770591,0.5029301706699983,0.3941954825796732,0.0264613844782713,10,0,17,0,9,0.2777777777777778,0.0,0.4722222222222222,0.0,0.25,6354,0,12649,0,3618,0.2808894390168427,0.0,0.5591706821095442,0.0,0.159939878873613,1,1_clone,1_clone,1_clone,1_clone,1_clone,1_clone,do9158,ERX2022562,89985,Male,N4,84409,81568,DEN,0.83748931,0.149514396,0.006955189,0.006041104,0.997118192703579,DN,High,Mixed,,5.8,29515,1057,6.49883019801368,10,79,1,217000,1,0,43.8498406655891,Hras,7:145859242_T/C,Hras,7:145859242_T/C,C3H,one_tumour,0,Asymmetric,late,late,late,late
89986_N3,0.0376490623274228,0.0909302989540958,0.1424533896211304,23,9,11,0.5348837209302325,0.2093023255813953,0.2558139534883721,24154,10750,10923,0.5270691950160385,0.2345778689418901,0.2383529360420712,0.963089380091266,0.6925990648057953,0.4976692640245269,0.3379636688957085,0.0336550954997227,22,2,19,2,8,0.4150943396226415,0.0377358490566037,0.3584905660377358,0.0377358490566037,0.1509433962264151,14244,78,14982,75,7931,0.3817743232377378,0.0020905923344947,0.4015545430179577,0.0020101849370142,0.2125703564727954,1,1_clone,1_clone,1_clone,1_clone,1_clone,1_clone,do9161,ERX2035370,89986,Male,N3,84409,81568,DEN,0.9254925117,0.0738794844,0.0004381054,0.0001898986,0.997122692507916,DN,High,Mixed,1.0,4.6,45826,835,10.0903063748662,14,79,0,0,0,0,57.9873673065992,Hras,7:145859242_T/C,Hras,7:145859242_T/C,C3H,one_tumour,0,Asymmetric,3,3,3,3
90004_N1,0.0669081303243744,0.1542857484744522,0.2974304921860251,0,0,20,0.0,0.0,1.0,0,0,79015,0.0,0.0,1.0,0.9656618582724352,0.6503968237170049,0.5004068249324299,0.2963966077390608,0.0336830589355691,19,3,22,0,19,0.3015873015873015,0.0476190476190476,0.3492063492063492,0.0,0.3015873015873015,18524,97,27972,0,17034,0.2911342668992723,0.001524510035048,0.4396246876326088,0.0,0.2677165354330709,2,Good,3.568820660068649,3.6407080782812073,0.0005681828427090591,0.0005669460444890944,one_tumour,do9693,ERX2037566,90004,Male,N1,87487,87441,DEN,0.9006698,0.09904124,0.0001912037,9.773033e-05,0.996646964872985,DN,High,Micro,,8.7,79014,687,17.3978847794631,32,59,4,848502,4,0,54.5830050854799,Hras,7:145859242_T/C,Hras,7:145859242_T/C,C3H,one_tumour,0,Asymmetric,1,1,1,1
90004_N2,0.0435431145587178,0.0665061948516199,0.1146596439627737,21,8,8,0.5675675675675675,0.2162162162162162,0.2162162162162162,41495,8101,12266,0.6707671914907375,0.1309527658336297,0.1982800426756328,0.9732455614135442,0.676280741735399,0.4986713563968079,0.2997851847914964,0.0359288372292711,15,0,23,0,9,0.3191489361702128,0.0,0.4893617021276595,0.0,0.1914893617021276,14103,0,25939,0,6479,0.3031534145869607,0.0,0.5575761484060962,0.0,0.1392704370069431,2,Good,3.00872386445566,8.754511900216368,0.012193193051828838,0.0,one_tumour,do9694,ERX2035314,90004,Male,N2,87487,87441,DEN,0.817049324,0.18078202,0.001017613,0.001151043,0.997678727263243,DN,High,Micro,,11.8,61862,697,13.6212310252252,22,79,1,310044,1,0,42.8319718260012,Braf,6:37548568_A/T,Braf,6:37548568_A/T,C3H,one_tumour,0,Asymmetric,3,3,3,4
90004_N3,0.0245437757665311,0.0645025854642771,0.1061880740406645,2,22,2,0.0769230769230769,0.8461538461538461,0.0769230769230769,1216,28622,1661,0.0386044001396869,0.9086637671037175,0.0527318327565954,0.9779503044963812,0.6326641105128264,0.5007267315095888,0.4033587522818965,0.0243738486167298,9,0,13,0,9,0.2903225806451613,0.0,0.4193548387096774,0.0,0.2903225806451613,4652,0,13602,0,5023,0.199853933066976,0.0,0.5843536538213687,0.0,0.2157924131116552,1,1_clone,1_clone,1_clone,1_clone,1_clone,1_clone,do9868,ERX2037560,90004,Male,N3,87487,87441,DEN,0.795465517,0.195979466,0.004439957,0.004115061,0.996422302626032,DN,High,Mixed,,6.7,31498,677,6.93546175087362,7,79,1,223741,0,1,39.5989914001551,Braf,6:37548568_A/T,Braf,6:37548568_A/T,C3H,one_tumour,0,Asymmetric,2,2,1,1
90004_N5,0.0261632287125801,0.1082480645621343,0.1842990834351196,20,20,4,0.4545454545454545,0.4545454545454545,0.0909090909090909,11578,18999,3160,0.3431840412603373,0.5631502504668465,0.0936657082728162,0.9624392764607734,0.6617908742992552,0.4998610524526942,0.2842606910985423,0.0334813753535292,11,0,18,1,16,0.2391304347826087,0.0,0.391304347826087,0.0217391304347826,0.3478260869565217,4591,0,13227,33,8867,0.171831723931432,0.0,0.4950595104423984,0.0012351223894004,0.3318736432367692,2,Bad,2.3584786895191874,1.7477347477815282,0.03847726111394993,0.009651721950083637,one_tumour*,do9168,ERX2035322,90004,Male,N5,87487,87441,DEN,0.874864557,0.0962055039,0.0285473535,0.0003825857,0.997573267402094,DN,High,Micro,,6.4,33734,741,7.42780070810752,14,71,4,9002408,3,1,50.2189811833424,Hras,7:145859243_G/T,Hras,7:145859243_G/T,C3H,one_tumour,0,Asymmetric,3,3,2,2
90022_N1,0.0335080849461812,0.0937468259247876,0.15228985480179,14,20,10,0.3181818181818182,0.4545454545454545,0.2272727272727272,15467,38023,17370,0.218275472763195,0.5365932825289302,0.2451312447078746,0.9754674171333022,0.6386552762250495,0.500183312148625,0.34786470847205,0.023777307168401,17,0,29,1,17,0.265625,0.0,0.453125,0.015625,0.265625,13127,0,28940,34,12152,0.2419589700108749,0.0,0.5334267229461965,0.0006266934547398,0.2239876135881886,1,1_clone,1_clone,1_clone,1_clone,1_clone,1_clone,do9170,ERX2035312,90022,Male,N1,87488;87489,87442,DEN,0.847937071,0.1428883289,0.0004193554,0.0087552447,0.996517418324565,DN,High,Mixed,1.0,9.1,70860,1122,15.6024769720904,32,79,2,77247,0,2,45.1266022165718,Braf;Braf,6:37548568_A/T;6:37609159_G/T,Braf;Braf,6:37548568_A/T;6:37609159_G/T,C3H,one_tumour,0,Asymmetric,2,2,2,2
90022_N2,0.0385645922529626,0.1319852495470716,0.2254248869533825,20,26,20,0.303030303030303,0.3939393939393939,0.303030303030303,14293,27320,27347,0.2072650812064965,0.3961716937354988,0.3965632250580046,0.953039521296672,0.5981053113797138,0.4970013221701691,0.3064343211048803,0.0478792451805745,24,0,33,3,16,0.3157894736842105,0.0,0.4342105263157895,0.0394736842105263,0.2105263157894736,18900,0,27992,180,10855,0.3262727225646071,0.0,0.4832288915358986,0.00310735926252,0.1873910266369741,2,Good,1.980765961943089,2.8675402850984075,0.03313164792331165,0.08769144839345032,one_tumour,do9171,ERX2037913,90022,Male,N2,87488;87489,87442,DEN,0.9602547,0.03627798,0.003369409,9.789836e-05,0.995138190982533,DN,High,Macro,,8.0,68960,1234,15.1841209708631,39,79,11,64027101,0,11,51.4752155045863,Egfr,11:14185624_T/A,Egfr,11:14185624_T/A,C3H,one_tumour,0,Asymmetric,2,2,2,2
90069_N3,0.0374139510088075,0.1155257493504852,0.1976863550640113,13,33,20,0.1969696969696969,0.5,0.303030303030303,11851,46029,30694,0.1337977284530449,0.5196671709531013,0.3465351005938537,0.9437488192485872,0.6414194585240931,0.5091060516992465,0.3603760620248811,0.0548403086325925,15,0,35,0,19,0.217391304347826,0.0,0.5072463768115942,0.0,0.2753623188405797,16360,0,36200,0,15119,0.2417293399725173,0.0,0.5348778794012914,0.0,0.2233927806261912,2,Good,1.6750097318240715,2.453500748401994,0.015540354742167695,0.06989576342409219,one_tumour*,do12289,ERX2022536,90069,Male,N3,81114,76266,DEN,0.8565192061,0.1356570724,0.0002311669,0.0075925546,0.995229751969069,DN,High,Mixed,2.0,4.942,88570,1225,19.5154887858454,40,65,1,96191,0,1,44.9001085728088,Egfr,11:14178863_T/A,Egfr,11:14185624_T/A,CAST,one_tumour,0,Asymmetric,2,2,2,2
90170_N3,0.0814207384218208,0.1928399757905737,0.2733636601191702,0,22,15,0.0,0.5945945945945946,0.4054054054054054,0,33631,53348,0.0,0.3866565492820106,0.6133434507179893,0.9481953513852566,0.7211507627612611,0.4974707771554786,0.321035628099512,0.0523386549154971,13,2,34,1,15,0.2,0.0307692307692307,0.5230769230769231,0.0153846153846153,0.2307692307692307,14595,18,44240,95,12563,0.2040944749758778,0.0002517095272056,0.6186460824208863,0.0013284669491406,0.1756792661268895,2,Good,5.129678860290133,5.399361929881304,0.0,0.0,one_tumour,do9173,ERX2037929,90170,Male,N3,85536;86677,87453,DEN,0.936454,0.05926891,0.004201604,7.552148e-05,0.997602341158751,DN,Low,Mixed,,8.3,86978,1118,19.151456986713,34,67,1,304099,1,0,35.9815931683883,Egfr;Hras,11:14226408_T/A;7:145859242_T/A,Egfr;Hras,11:14226408_T/A;7:145859242_T/A,C3H,one_tumour,0,Asymmetric,1,1,1,1
90213_N3,0.0393422392741464,0.106840873114391,0.1665593699359903,11,29,16,0.1964285714285714,0.5178571428571429,0.2857142857142857,16242,53015,24195,0.1738004537088558,0.567296580062492,0.2589029662286521,0.9373149582471892,0.6428194588957513,0.5049659196411026,0.3401888800986521,0.0709666283367037,18,1,27,1,12,0.3050847457627119,0.0169491525423728,0.4576271186440678,0.0169491525423728,0.2033898305084746,17249,59,38218,17,14819,0.2451465279554305,0.0008385207924732,0.5431625024871379,0.0002416076859668,0.2106108410789915,2,Good,1.6200392170432147,2.6862763059082075,0.010211533529409109,0.12083310054288712,one_tumour*,do12293,ERX2037492,90213,Male,N3,85547,83858,DEN,0.838953365,0.140161164,0.004435537,0.016449934,0.993446722527493,DN,High,Mixed,2.0,7.588,93452,1499,20.5911872870591,28,79,0,0,0,0,44.0714981421808,Braf,6:37451282_A/T,Braf,6:37548568_A/T,CAST,one_tumour,0,Asymmetric,2,2,2,2
90302_N1,0.0280240976681631,0.0624826136778533,0.1097986851040939,15,27,7,0.3061224489795918,0.5510204081632653,0.1428571428571428,25708,48602,9219,0.3077733481784769,0.581857797890553,0.11036885393097,0.9060167956221912,0.7299128504844322,0.5030526339914618,0.302925384088474,0.0965139359774432,15,3,29,2,17,0.2272727272727272,0.0454545454545454,0.4393939393939394,0.0303030303030303,0.2575757575757575,20546,64,33723,89,14973,0.2960732041213343,0.0009222566467324,0.4859572015274875,0.0012825131493623,0.2157648245550832,2,Good,3.259879292729653,3.837311794786849,0.0008155467191335055,0.0,one_tumour,do12294,ERX2035308,90302,Male,N1,85549,79969,DEN,0.921669,0.02095428,0.05729211,8.458799e-05,0.985566364242839,DN,High,Mixed,,4.533,83527,1504,18.4043155901018,34,79,2,5778220,0,2,50.4882273543449,Braf,6:37451282_A/T,Braf,6:37548568_A/T,CAST,one_tumour,0,Asymmetric,2,2,2,2
90400_N4,0.0483530794154038,0.1493193474010697,0.2131503897048917,0,16,20,0.0,0.4444444444444444,0.5555555555555556,0,30304,56780,0.0,0.3479858527398833,0.6520141472601166,0.9361284182586797,0.6902679343108977,0.5095989809071934,0.3395826380573922,0.0626647998404298,13,2,24,2,13,0.2407407407407407,0.037037037037037,0.4444444444444444,0.037037037037037,0.2407407407407407,15587,165,25766,98,12929,0.2857640480337336,0.0030250252085434,0.4723806031716931,0.0017966816390136,0.2370336419470162,2,Good,2.446823797903021,3.034465524614134,0.0,0.01755684737211733,one_tumour,do9175,ERX2023382,90400,Male,N4,86564,87451,DEN,0.4312961683,0.5684733753,0.0001809815,4.94749e-05,0.990104408039399,DN,High,Mixed,,9.0,87084,970,19.1747968478341,23,69,2,249771,2,0,50.2068317226343,Hras,7:145859242_T/A,Hras,7:145859242_T/A,C3H,one_tumour,0,Asymmetric,1,1,1,1
90400_N5,0.0768649816408834,0.1217444282067771,0.1847151943836798,0,0,20,0.0,0.0,1.0,0,0,42236,0.0,0.0,1.0,0.9788641518581096,0.6774535781786667,0.5034721140408386,0.3828411594444418,0.0237644756968631,15,1,22,0,12,0.3,0.02,0.44,0.0,0.24,8309,5,16897,0,4696,0.2778279332597719,0.0001671849399806,0.5649847861704618,0.0,0.1570200956297856,2,Good,3.4023886221976225,6.905940526993159,0.0,0.0,one_tumour,do9176,ERX2022556,90400,Male,N5,86564,87451,DEN,0.638382987,0.298044327,0.063402397,0.000170289,0.994267228754823,DN,High,Mixed,,6.2,42235,608,9.29961353254642,21,67,0,0,0,0,40.5169553670198,Braf,6:37548568_A/T,Braf,6:37548568_A/T,C3H,one_tumour,0,Asymmetric,1,1,1,1
90402_N1,0.0336479532178885,0.0565028814935388,0.0859307251678569,1,20,0,0.0476190476190476,0.9523809523809524,0.0,1596,60793,0,0.0255814326243408,0.9744185673756592,0.0,0.9761578048099224,0.6937615870921876,0.5024298251319254,0.3248177391208461,0.0244887903985884,18,1,29,0,22,0.2571428571428571,0.0142857142857142,0.4142857142857143,0.0,0.3142857142857143,11393,38,23457,0,11101,0.2477331535802039,0.0008262845463045,0.510056752701733,0.0,0.2413838091717584,1,1_clone,1_clone,1_clone,1_clone,1_clone,1_clone,do9177,ERX2037602,90402,Male,N1,86564,87451,DEN,0.770939172,0.209693378,0.009842638,0.009524812,0.995640779387992,DN,High,Macro,,7.3,62389,999,13.7372697687235,39,79,3,510244,0,3,47.6445585356401,Hras,7:145859242_T/C,Hras,7:145859242_T/C,C3H,one_tumour,0,Asymmetric,1,1,1,1
90446_N3,0.058746421201606,0.1285575711345662,0.2591303675540741,0,1,20,0.0,0.0476190476190476,0.9523809523809524,0,26,88303,0.0,0.0002943540626521,0.999705645937348,0.9643204212904298,0.695566786497808,0.4969453645245267,0.3578743614191367,0.0330653942322072,25,0,31,1,13,0.3571428571428571,0.0,0.4428571428571428,0.0142857142857142,0.1857142857142857,21743,0,36025,39,11354,0.3143823831350038,0.0,0.5208860484955394,0.0005639016208556,0.1641676667486011,2,Good,3.128652432403413,6.506411769147992,0.004009264115673088,0.003543982073300949,one_tumour,do9178,ERX2023357,90446,Male,N3,86566,87452,DEN,0.8662100462,0.1329213182,0.0007277789,0.0001408567,0.998520054303242,DN,Low,Mixed,,5.5,88328,785,19.4487099349535,43,79,0,0,0,0,45.2732569330227,Braf,6:37548568_A/T,Braf,6:37548568_A/T,C3H,one_tumour,0,Asymmetric,1,1,1,1
90590_N1,0.0512015499902407,0.1324912566815977,0.2277995386357512,1,5,23,0.0344827586206896,0.1724137931034483,0.7931034482758621,1006,1797,33325,0.0278454384410983,0.0497398139946855,0.9224147475642162,0.9662222272531982,0.638799789216682,0.4937726769854383,0.2247402562641952,0.0327102695482995,17,2,24,2,7,0.3269230769230769,0.0384615384615384,0.4615384615384615,0.0384615384615384,0.1346153846153846,9185,36,13099,10,3554,0.3548524184824602,0.0013908205841446,0.5060655231030753,0.0003863390511512,0.1373048987791686,1,1_clone,1_clone,1_clone,1_clone,1_clone,1_clone,do12296,ERX2252299,90590,Male,N1,82417,76458,DEN,0.74370276,0.21493315,0.02685201,0.01451207,0.9941784549198,DN,High,Mixed,,3.527,36127,868,7.9602129769249,20,69,1,63535,1,0,47.8505052534554,Braf,6:37451282_A/T,Braf,6:37548568_A/T,CAST,one_tumour,0,Asymmetric,1,1,1,1
90590_N2,0.0292203728371884,0.0529247380573887,0.0730046687260788,12,17,0,0.4137931034482758,0.5862068965517241,0.0,16672,35699,0,0.3183441217467682,0.6816558782532317,0.0,0.9644481493991948,0.6861014613245865,0.501550337633761,0.3718560903218869,0.0316910103457202,8,3,27,2,24,0.125,0.046875,0.421875,0.03125,0.375,3293,30,21676,96,13845,0.0845659989727786,0.0007704160246533,0.5566512583461736,0.0024653312788906,0.3555469953775038,1,1_clone,1_clone,1_clone,1_clone,1_clone,1_clone,do12297,ERX2035298,90590,Male,N2,82417,76458,DEN,0.8191277912,0.1604647635,0.0006921024,0.0197153428,0.996911798378834,DN,High,Mixed,2.0,4.069,52370,1311,11.5391910095374,29,79,7,172703999,4,3,42.8300293224942,Braf,6:37451282_A/T,Braf,6:37548568_A/T,CAST,one_tumour,0,Asymmetric,3,3,3,2
90732_N1,0.0310059575977286,0.0555267066787293,0.1184542848917983,24,3,12,0.6153846153846154,0.0769230769230769,0.3076923076923077,36426,4052,13545,0.6742683671769432,0.0750050904244488,0.250726542398608,0.9653099933459448,0.7245864465642089,0.4954937612823288,0.3030082174783827,0.038054905351621,18,0,15,0,14,0.3829787234042553,0.0,0.3191489361702128,0.0,0.2978723404255319,15402,0,14996,0,11900,0.3641306917584755,0.0,0.3545321291786846,0.0,0.2813371790628398,1,1_clone,1_clone,1_clone,1_clone,1_clone,1_clone,do9700,ERX2023322,90732,Male,N1,86763;86764,86567,DEN,0.8717671049,0.1177746493,0.0098971675,0.0005610783,0.99842680679204,DN,High,Macro,,4.4,54019,843,11.8943014896324,17,79,1,217659,1,0,62.8277702673236,Egfr,11:14185624_T/A,Egfr,11:14185624_T/A,C3H,one_tumour,0,Asymmetric,3,4,3,4
90789_N1,0.0531906626204473,0.1810499520163096,0.2499298752095277,0,13,18,0.0,0.4193548387096774,0.5806451612903226,0,24562,59341,0.0,0.2927428101498158,0.7072571898501842,0.9777789640935464,0.7661560284469924,0.4927569157838576,0.3814129774884232,0.0260754708740294,17,3,32,0,20,0.2361111111111111,0.0416666666666666,0.4444444444444444,0.0,0.2777777777777778,14854,67,37616,0,13486,0.224982203171622,0.0010147978734683,0.5697408478863426,0.0,0.204262151068567,2,Good,4.433768675355632,5.172377929687084,0.0,0.0,one_tumour,do9183,ERX2023328,90789,Male,N1,86690;86691,81567,DEN,0.8836685216,0.1156217741,0.0001552245,0.0005544798,0.995915853888792,DN,High,Macro,1.0,6.2,83902,1134,18.4741606394628,34,79,2,143630,1,1,41.1551818796225,Hras,7:145859242_T/A,Hras,7:145859242_T/A,C3H,one_tumour,0,Asymmetric,1,1,1,1
90789_N2,0.0426863836182031,0.1272359276494743,0.2586071048874603,0,0,20,0.0,0.0,1.0,0,0,74298,0.0,0.0,1.0,0.9744517094666528,0.6271580709397357,0.4963640741589312,0.3527054745894248,0.025494134243161,15,0,21,0,18,0.2777777777777778,0.0,0.3888888888888889,0.0,0.3333333333333333,14238,0,28196,0,13691,0.2536837416481069,0.0,0.5023786191536749,0.0,0.2439376391982182,2,Good,4.03593765520324,4.187366836217253,0.008489791000608487,0.004326254965018581,one_tumour,do9386,ERX2023362,90789,Male,N2,86690;86691,81567,DEN,0.813225429,0.175753987,0.006896848,0.004123736,0.998080015446557,DN,High,Macro,1.0,6.3,74298,1148,16.3594811469429,22,79,1,156424,0,1,48.2804037596959,Egfr;Braf,11:14226432_T/C;6:37548568_A/T,Egfr;Braf,11:14226432_T/C;6:37548568_A/T,C3H,one_tumour,0,Asymmetric,1,1,1,1
90791_N2,0.0445253109852895,0.1076272237480815,0.1751121366724613,1,18,14,0.0303030303030303,0.5454545454545454,0.4242424242424242,1518,29016,30623,0.0248213614140654,0.474451003155812,0.5007276354301224,0.9515110388676136,0.5947368978914678,0.4941158735839563,0.3376414976909952,0.0506188322422694,13,1,27,0,14,0.2363636363636363,0.0181818181818181,0.4909090909090909,0.0,0.2545454545454545,8865,334,23825,0,13541,0.1903790400515408,0.0071727692472887,0.5116503811875872,0.0,0.2907978095135831,2,Good,3.473101093442517,3.069296789306759,0.0067008625760706505,0.13108518438362812,one_tumour,do9702,ERX2023294,90791,Male,N2,86690;86691,81567,DEN,0.810624715,0.165907635,0.0227711211,0.0006965289,0.997987526484745,DN,High,Mixed,,5.5,61157,894,13.465998930033,24,67,3,545769,3,0,46.4663290295145,Braf,6:37548568_A/T,Braf,6:37548568_A/T,C3H,one_tumour,0,Asymmetric,1,1,1,1
90793_N2,0.0309254697459859,0.0762940681100592,0.1164133950871241,1,22,12,0.0285714285714285,0.6285714285714286,0.3428571428571428,4001,76963,56124,0.0291856325863678,0.5614131069094305,0.4094012605042016,0.8828185730995752,0.6716702389849466,0.5009390504339285,0.3520043705177442,0.1085025112352471,7,0,29,0,2,0.1842105263157894,0.0,0.7631578947368421,0.0,0.0526315789473684,190,0,107696,0,67,0.0017600251961501,0.0,0.9976193343399442,0.0,0.0006206404639055,2,Good,0.0,0.008747172068533161,4.077644669887195,7.975430017200095,Symmetric,do12458,ERX2037170,90793,Male,N2,86690;86691,81567,DEN,0.8743253,0.125274,0.0003180419,8.272808e-05,0.997741663037396,DN,High,Macro,,6.4,137088,1132,30.1850460506623,8,39,3,1584957,3,0,0.115918654740662,Braf,6:37548568_A/T,Braf,6:37548568_A/T,C3H,one_tumour,0,Symmetric,0,0,0,0
90796_N2,0.0278397409195223,0.0726078021361262,0.1285772926794949,10,24,10,0.2272727272727272,0.5454545454545454,0.2272727272727272,8868,31717,6539,0.1881843646549529,0.6730540701128936,0.1387615652321534,0.9523868856684858,0.6134060169903783,0.495455559439497,0.3281314458273059,0.0441699208217167,18,0,21,0,12,0.3529411764705882,0.0,0.4117647058823529,0.0,0.2352941176470588,13486,0,16722,0,7455,0.3580702546265565,0.0,0.4439901229323208,0.0,0.1979396224411226,1,1_clone,1_clone,1_clone,1_clone,1_clone,1_clone,do12472,ERX2023296,90796,Male,N2,86690;86691,81567,DEN,0.9108777774,0.0870469278,0.0016590904,0.0004162044,0.997502725308615,DN,High,Macro,,4.4,47123,974,10.3758893925461,20,79,1,217000,1,0,54.3240271739966,Egfr,11:14185624_T/A,Egfr,11:14185624_T/A,C3H,one_tumour,0,Asymmetric,2,2,2,2
90797_N1,0.0152562976139308,0.0788610078132617,0.165598985051074,16,21,8,0.3555555555555555,0.4666666666666667,0.1777777777777777,19024,25406,8318,0.3606582240084932,0.4816485933115947,0.157693182679912,0.9707731814204312,0.7046839324737185,0.5059233213872245,0.3854830561521283,0.0334981194994941,10,1,19,0,17,0.2127659574468085,0.0212765957446808,0.4042553191489361,0.0,0.3617021276595745,7407,21,17509,0,16424,0.1790817436715746,0.0005077246681656,0.4233214864244095,0.0,0.3970890452358502,1,1_clone,1_clone,1_clone,1_clone,1_clone,1_clone,do9196,ERX2022588,90797,Male,N1,86690;86691,81567,DEN,0.881991804,0.1165919321,0.0003927126,0.0010235513,0.998643407473019,DN,High,Micro,,8.9,52748,739,11.6144433435482,18,71,0,0,0,0,54.7994768206487,Hras,7:145859242_T/A,Hras,7:145859242_T/A,C3H,one_tumour,0,Asymmetric,2,2,2,2
90801_N1,0.0355833318385966,0.1082035318294276,0.2023467435271185,0,0,20,0.0,0.0,1.0,0,0,68787,0.0,0.0,1.0,0.9615170888280924,0.6637975659111562,0.5050013615454321,0.3057177601876348,0.0363887439929706,14,0,21,0,15,0.28,0.0,0.42,0.0,0.3,13727,0,22889,0,16803,0.2569684943559407,0.0,0.4284805031917482,0.0,0.314551002452311,2,Good,3.858574453892599,3.2924408019117752,0.00754471897082758,0.0044612814424290605,one_tumour,do9200,ERX2037625,90801,Male,N1,86766,86568,DEN,0.8340025124,0.141891855,0.0239710714,0.0001345612,0.998623654788471,DN,High,Mixed,,5.1,68786,759,15.1458083686454,21,59,1,40996,1,0,56.4059687452787,Hras,7:145859242_T/C,Hras,7:145859242_T/C,C3H,one_tumour,0,Asymmetric,1,1,1,1
90802_N1,0.0604751319893383,0.1113274649585665,0.2329652523912721,0,0,20,0.0,0.0,1.0,0,0,55918,0.0,0.0,1.0,0.9770600217067203,0.6878085948491942,0.5071316492480333,0.3882547111610855,0.0286088457064447,13,1,27,1,18,0.2166666666666666,0.0166666666666666,0.45,0.0166666666666666,0.3,12711,13,19701,26,10474,0.2961211415259173,0.0003028538147932,0.4589633080955154,0.0006057076295864,0.2440069889341875,2,Good,3.3920445001308015,4.120417363554223,0.008247818901571927,0.003518970794510143,one_tumour,do9201,ERX2037605,90802,Male,N1,86766,86568,DEN,0.838865664,0.1596486352,0.0006330466,0.0008526542,0.998152304237293,DN,High,Mixed,1.0,8.2,55917,715,12.3122171161217,30,69,0,0,0,0,51.8723787324524,Hras,7:145859242_T/C,Hras,7:145859242_T/C,C3H,one_tumour,0,Asymmetric,1,1,1,1
90803_N3,0.0777718750224696,0.1323450370003233,0.2305215674694274,0,1,20,0.0,0.0476190476190476,0.9523809523809524,0,81,13811,0.0,0.0058306939245608,0.9941693060754392,0.9691095360685248,0.5863756391812631,0.5091805802897813,0.3773754919357415,0.0256574021226391,17,0,12,0,6,0.4857142857142857,0.0,0.3428571428571428,0.0,0.1714285714285714,3467,0,4821,0,2086,0.3342008868324658,0.0,0.4647194910352805,0.0,0.2010796221322537,2,Good,2.8382366142674753,5.915242264451299,0.025496446488294317,0.03970868900557365,one_tumour,do9704,ERX2035351,90803,Male,N3,86766,86568,DEN,0.734778847,0.2020874725,0.062296558,0.0008371225,0.995359093718825,DN,High,Macro,,5.3,13892,581,3.05884293107932,5,79,1,275225,1,0,51.0493546660705,Hras,7:145859242_T/C,Hras,7:145859242_T/C,C3H,one_tumour,0,Asymmetric,1,1,1,1
90810_N3,0.0259125178328244,0.0531466454412865,0.0986809897753772,19,11,2,0.59375,0.34375,0.0625,36246,21964,2867,0.5934476153052703,0.3596116377687182,0.0469407469260114,0.96355143309901,0.7166563705809971,0.4989533184018486,0.3374083345978379,0.0424541782003726,14,0,24,0,10,0.2916666666666667,0.0,0.5,0.0,0.2083333333333333,10375,0,30258,0,7680,0.2147455136298718,0.0,0.6262910603771241,0.0,0.1589634259930039,2,Good,4.537206245391299,5.760521927706453,0.07249786770977323,0.0057609980432472155,one_tumour,do9210,ERX2037472,90810,Male,N3,86767;86683,86569,DEN,0.8873182592,0.1043343572,0.008178821,0.0001685626,0.996450078116124,DN,Low,Macro,,5.0,61076,870,13.4481637531385,20,69,0,0,0,0,36.3901779214673,Braf,6:37548568_A/T,Braf,6:37548568_A/T,C3H,one_tumour,0,Asymmetric,3,3,3,3
90810_N5,0.0308278806366791,0.0842177658835937,0.1505413008418926,22,13,3,0.5789473684210527,0.3421052631578947,0.0789473684210526,36047,16117,5307,0.627220685215152,0.280437090010614,0.0923422247742339,0.9578386509971824,0.6312158709050146,0.4996272595854869,0.3470476195417099,0.0466394554228889,7,1,25,0,14,0.1489361702127659,0.0212765957446808,0.5319148936170213,0.0,0.2978723404255319,6594,78,31305,0,7296,0.1456497250016566,0.0017228811874627,0.6914717381220595,0.0,0.1611556556888211,1,1_clone,1_clone,1_clone,1_clone,1_clone,1_clone,do9212,ERX2023387,90810,Male,N5,86767;86683,86569,DEN,0.8739765871,0.1151185568,0.0106633085,0.0002415477,0.998612636757909,DN,High,Macro,,6.1,57471,890,12.6543882876518,18,79,1,94190,1,0,28.4444439596157,Hras,7:145859243_G/T,Hras,7:145859243_G/T,C3H,one_tumour,0,Asymmetric,3,3,3,3
90810_N6,0.0249508127220827,0.0800524423374303,0.1337077579116504,29,14,6,0.5918367346938775,0.2857142857142857,0.1224489795918367,42354,18827,4509,0.6447556705739077,0.2866037448622316,0.0686405845638605,0.9711797354046416,0.6621737442404168,0.5029791567639578,0.3769639506374717,0.0292578744041354,17,0,27,0,12,0.3035714285714285,0.0,0.4821428571428571,0.0,0.2142857142857142,16016,0,24437,0,9671,0.3195275716223765,0.0,0.4875309233101907,0.0,0.1929415050674327,2,Good,3.2455122517234316,4.689759616226342,0.0,0.0,one_tumour,do9869,ERX2048777,90810,Male,N6,86767;86683,86569,DEN,0.8466921386,0.141168463,0.0004269583,0.0117124401,0.998189700925208,DN,High,Macro,1.0,8.2,65689,675,14.4638880866448,27,65,0,0,0,0,49.0823189749198,Hras,7:145859242_T/C,Hras,7:145859242_T/C,C3H,one_tumour,0,Asymmetric,3,3,3,3
90880_N1,0.0425163897478579,0.1382346578860895,0.2622218847373347,0,0,20,0.0,0.0,1.0,0,0,82632,0.0,0.0,1.0,0.9713323733721434,0.6938068283444044,0.4907849998202579,0.3616386468476927,0.0300566586133327,7,2,23,2,17,0.1372549019607843,0.0392156862745098,0.4509803921568627,0.0392156862745098,0.3333333333333333,9927,37,36665,97,17510,0.154539510554829,0.000576000996326,0.5707858521701227,0.0015100566660439,0.2725885796126782,2,Good,6.422020976025337,3.9614140893129917,0.0,0.0009382602722520881,one_tumour,do9213,ERX2022593,90880,Male,N1,86563,87451,DEN,0.8588192756,0.1402557958,0.0005309925,0.0003939361,0.998899050452773,DN,High,Mixed,1.0,7.9,82630,888,18.1940823060095,21,59,0,0,0,0,41.2003201115513,Hras,7:145859243_G/T,Hras,7:145859243_G/T,C3H,one_tumour,0,Asymmetric,1,1,1,1
90880_N2,0.0162977152497234,0.1204543286083955,0.1792140105281057,0,10,21,0.0,0.3225806451612903,0.6774193548387096,0,6790,17550,0.0,0.2789646672144618,0.7210353327855382,0.9766127215291744,0.6429749358647453,0.5137140092715455,0.4254100953148341,0.0269850558981414,12,2,19,2,13,0.25,0.0416666666666666,0.3958333333333333,0.0416666666666666,0.2708333333333333,5050,970,7245,23,4616,0.2820598748882931,0.054177837354781,0.4046581769436997,0.0012846291331546,0.2578194816800715,1,1_clone,1_clone,1_clone,1_clone,1_clone,1_clone,do9214,ERX2022568,90880,Male,N2,86563,87451,DEN,0.747624651,0.200542128,0.04648757,0.005345652,0.996011032565431,DN,High,Macro,,5.3,24337,744,5.35870000098455,16,67,3,93290497,2,1,54.6923090098687,Braf,6:37548568_A/T,Braf,6:37548568_A/T,C3H,one_tumour,0,Asymmetric,1,1,1,1
90885_N1,0.0333951149522615,0.0716911241231526,0.1217791901917545,9,20,9,0.2368421052631578,0.5263157894736842,0.2368421052631578,15528,43263,10123,0.2253243172649969,0.6277824534927591,0.1468932292422439,0.9640352542434454,0.6474724930214719,0.50005001027708,0.3172397402797654,0.0318929215734071,20,2,18,2,15,0.3508771929824561,0.0350877192982456,0.3157894736842105,0.0350877192982456,0.2631578947368421,23025,36,23205,179,7945,0.4233314947600662,0.000661886376172,0.4266409266409266,0.003291046148189,0.146074646074646,1,1_clone,1_clone,1_clone,1_clone,1_clone,1_clone,do9215,ERX2037476,90885,Male,N1,86765,86568,DEN,0.8870081692,0.1115579707,0.0003943936,0.0010394665,0.998130325660046,DN,High,Mixed,,9.1,68913,888,15.1737721645169,24,79,2,224037,2,0,55.4160564792848,Hras,7:145859242_T/A,Hras,7:145859242_T/A,C3H,one_tumour,0,Asymmetric,2,2,2,2
90885_N2,0.0375733618266859,0.0980076854216615,0.1572461788865291,17,12,17,0.3695652173913043,0.2608695652173913,0.3695652173913043,17528,16472,23369,0.305530861615158,0.2871237079258833,0.4073454304589586,0.9701959921024093,0.6295401865080299,0.508956410723451,0.3689861095606895,0.029666000562022,18,0,25,0,16,0.3050847457627119,0.0,0.423728813559322,0.0,0.2711864406779661,13764,0,19665,0,8321,0.3296766467065868,0.0,0.4710179640718563,0.0,0.1993053892215568,2,Good,2.850253240014251,2.402572845718913,0.022129462579868146,0.0,one_tumour,do9216,ERX2023372,90885,Male,N2,86765,86568,DEN,0.7500778446,0.2404256741,0.0008564667,0.0086400146,0.997103785710539,DN,High,Macro,1.0,5.8,57367,589,12.6314888012689,31,59,1,575516,1,0,51.2285779052047,Braf,6:37548568_A/T,Braf,6:37548568_A/T,C3H,one_tumour,0,Asymmetric,2,2,2,2
90886_N3,0.0224587099410755,0.1104570038441045,0.1995985333952244,13,34,13,0.2166666666666666,0.5666666666666667,0.2166666666666666,7445,32572,22661,0.1187817096908006,0.5196719742174287,0.3615463160917706,0.972084535232924,0.6063827687371695,0.5026398107649724,0.3552216713636689,0.025634287386127,20,2,26,3,14,0.3076923076923077,0.0307692307692307,0.4,0.0461538461538461,0.2153846153846154,18052,383,16992,102,12742,0.3739719500321103,0.0079343705330322,0.3520125955542665,0.0021130699591887,0.263968013921402,2,Good,2.0915613063272582,3.112964972486891,0.0,0.0022472973292645424,one_tumour,do9218,ERX2048029,90886,Male,N3,86765,86568,DEN,0.8438068038,0.1536529502,0.0021567321,0.0003835139,0.99768566942425,DN,High,Micro,1.0,4.8,62676,553,13.8004635436458,30,67,0,0,0,0,62.9118778932752,Egfr,11:14185624_T/A,Egfr,11:14185624_T/A,C3H,one_tumour,0,Asymmetric,2,2,2,2
90886_N5,0.0711483466431382,0.1312969154046663,0.2480118992185743,0,0,20,0.0,0.0,1.0,0,0,73629,0.0,0.0,1.0,0.9673798352746344,0.716288931833326,0.5023943370403761,0.3661462208943083,0.0326294780789915,22,2,26,2,8,0.3666666666666666,0.0333333333333333,0.4333333333333333,0.0333333333333333,0.1333333333333333,25561,65,22894,47,9106,0.443205659494044,0.0011270438506753,0.3969621833440258,0.0008149393997191,0.1578901739115357,2,Good,2.3589144665879322,5.906319886709045,0.009207584797476376,0.0015484611030844055,one_tumour,do9228,ERX2035321,90886,Male,N5,86765,86568,DEN,0.866479867,0.133222437,0.0001245829,0.0001731131,0.995078781825955,DN,High,Micro,,5.3,73629,712,16.2121757970371,31,67,1,81866,0,1,57.8830535190339,Hras,7:145859242_T/C,Hras,7:145859242_T/C,C3H,one_tumour,0,Asymmetric,1,1,1,1
90887_N1,0.0463785372354463,0.118476173730295,0.2145960405761258,19,19,17,0.3454545454545454,0.3454545454545454,0.3090909090909091,20696,19052,26271,0.3134855117466184,0.2885835895726987,0.3979308986806828,0.9738051641232028,0.6308240649060893,0.5139774613013512,0.3695888163075582,0.0252585083730704,18,2,25,1,13,0.3050847457627119,0.0338983050847457,0.423728813559322,0.0169491525423728,0.2203389830508474,17941,95,26186,62,4710,0.3661876964526268,0.00193901294036,0.5344736090133486,0.0012654610768665,0.0961342205167979,2,Good,1.5916495224895508,3.9551413617628213,0.25625434674615,0.442280768405927,one_tumour*,do9230,ERX2035311,90887,Male,N1,86765,86568,DEN,0.79266522,0.198560733,0.00366743,0.005106617,0.996867516461951,DN,High,Macro,,3.4,66019,663,14.5365499184369,27,79,1,3204481,1,0,44.2213342611933,Egfr;Braf,11:14222913_T/G;6:37548568_A/T,Egfr;Braf,11:14222913_T/G;6:37548568_A/T,C3H,one_tumour,0,Asymmetric,2,2,2,2
90887_N3,0.0344581729103065,0.0641079570524999,0.0822114893712151,20,6,0,0.7692307692307693,0.2307692307692307,0.0,64580,10044,0,0.8654052315608919,0.134594768439108,0.0,0.968752755772786,0.6350022038480689,0.4991376829418662,0.3224765517978728,0.0317507220193997,8,0,29,1,24,0.1290322580645161,0.0,0.4677419354838709,0.0161290322580645,0.3870967741935484,4490,0,30873,31,24361,0.0751401556355116,0.0,0.5166596937494771,0.0005187850389088,0.4076813655761024,1,1_clone,1_clone,1_clone,1_clone,1_clone,1_clone,do9231,ERX2037904,90887,Male,N3,86765,86568,DEN,0.9026257283,0.0920304951,0.0051952548,0.0001485218,0.998314490281493,DN,High,Micro,,6.5,74624,699,16.4312622292588,31,65,0,0,0,0,48.1580635427364,Hras,7:145859242_T/A,Hras,7:145859242_T/A,C3H,one_tumour,0,Asymmetric,4,4,5,5
90887_N4,0.0459146331448012,0.1057446849688644,0.1567225342218555,5,17,16,0.131578947368421,0.4473684210526316,0.4210526315789473,2779,25078,23928,0.0536641884715651,0.4842715071932026,0.4620643043352322,0.9602533124522842,0.6160284601302769,0.5036754298076611,0.2762071089662224,0.0409220446587891,15,0,28,1,20,0.234375,0.0,0.4375,0.015625,0.3125,9624,0,23965,39,8871,0.2264523871149909,0.0,0.563895621073437,0.000917668651027,0.2087343231605449,1,1_clone,1_clone,1_clone,1_clone,1_clone,1_clone,do9707,ERX2035262,90887,Male,N4,86765,86568,DEN,0.93816614,0.0593196191,0.0023931766,0.0001210643,0.99684456424751,DN,High,Mixed,,5.5,51785,610,11.4024029071367,32,49,1,91142,1,0,41.6439985134218,Kras;Hras;Hras,7:145859242_T/C;7:145859243_G/T,Hras;Hras,7:145859242_T/C;7:145859243_G/T,C3H,one_tumour,0,Asymmetric,2,2,2,2
90888_N4,0.0366518878376664,0.1307073326078182,0.2070855295055582,1,24,18,0.0232558139534883,0.5581395348837209,0.4186046511627907,138,33055,29737,0.0021929127602097,0.5252661687589385,0.4725409184808517,0.9544158180611964,0.6780388120682761,0.5076482593354149,0.3758176303268795,0.0455816936984723,13,0,23,0,20,0.2321428571428571,0.0,0.4107142857142857,0.0,0.3571428571428571,12630,0,18636,0,19739,0.2476227820801882,0.0,0.3653759435349475,0.0,0.3870012743848642,2,Good,3.7570678083137694,1.9114361940113016,0.032703598547375375,0.022836070232838637,one_tumour,do9235,ERX2023354,90888,Male,N4,86765,86568,DEN,0.9156571209,0.0838216292,0.0003737429,0.000147507,0.998517534318652,DN,High,Macro,,5.7,62927,764,13.8557305732816,25,79,0,0,0,0,61.2662375066448,Braf,6:37548568_A/T,Braf,6:37548568_A/T,C3H,one_tumour,0,Asymmetric,1,1,1,1
91097_N1,0.0554884143133076,0.1378739938491916,0.2272088156062497,0,0,20,0.0,0.0,1.0,0,0,45518,0.0,0.0,1.0,0.9744585400566204,0.6694215513743861,0.4988031807819411,0.3763004659513768,0.021958650549341,12,1,18,0,14,0.2666666666666666,0.0222222222222222,0.4,0.0,0.3111111111111111,11208,8,13646,0,9012,0.330873236110291,0.000236169333412,0.4028458404676153,0.0,0.2660447540886816,2,Good,3.206279076257887,3.676389522839788,0.002738486162679001,0.014582951280640627,one_tumour,do9236,ERX2037922,91097,Male,N1,87416;87417,87439,DEN,0.7788648255,0.2036632094,0.0167198706,0.0007520944,0.998007346644288,DN,High,Mixed,,5.1,45516,848,10.0220482904554,12,79,2,1855640,1,1,57.4619200671392,Braf,6:37548568_A/T,Braf,6:37548568_A/T,C3H,one_tumour,0,Asymmetric,1,1,1,1
91097_N2,0.035182041984965,0.0564504920523102,0.1180398158400663,16,7,7,0.5333333333333333,0.2333333333333333,0.2333333333333333,27115,3962,8442,0.6861256610744199,0.1002555732685543,0.2136187656570257,0.96977833407975,0.6180382434007055,0.5042476225051249,0.4225247297354929,0.0306986212212372,13,0,18,1,6,0.3421052631578947,0.0,0.4736842105263157,0.0263157894736842,0.1578947368421052,6318,0,20235,28,4213,0.2051698382801844,0.0,0.6571085276352536,0.0009092680392284,0.1368123660453335,2,Good,4.189009295156243,8.99733544577272,0.11952845685573484,0.04306203439392885,one_tumour,do9237,ERX2023293,91097,Male,N2,87416;87417,87439,DEN,0.877780977,0.1210339654,0.0005451322,0.0006399254,0.997957071148923,DN,High,Macro,,5.1,39517,754,8.70114426342221,10,75,2,1855640,1,1,33.41272845838,Braf,6:37548568_A/T,Braf,6:37548568_A/T,C3H,one_tumour,0,Asymmetric,3,3,3,4
91098_N1,0.0319867106216084,0.0860482166509007,0.1585521284816339,2,23,19,0.0454545454545454,0.5227272727272727,0.4318181818181818,1889,34817,27715,0.0293227363747846,0.540460408872883,0.4302168547523323,0.9506434970370136,0.6941836391488447,0.5066119735877036,0.3038959701885224,0.0557736370298559,15,0,30,1,15,0.2459016393442623,0.0,0.4918032786885246,0.0163934426229508,0.2459016393442623,6073,0,32720,50,13876,0.1151956600087255,0.0,0.6206491018418407,0.0009484246666287,0.263206813482805,2,Good,2.5051105576742825,1.8022513893066925,0.3574295095637672,0.1395918184076207,one_tumour,do9390,ERX2023305,91098,Male,N1,87416;87417,87439,DEN,0.9241304442,0.0704956421,0.0052693375,0.0001045762,0.998594298922153,DN,High,Macro,,5.7,64420,1076,14.1844703152987,30,67,0,0,0,0,36.4810655651433,Braf,6:37548568_A/T,Braf,6:37548568_A/T,C3H,one_tumour,0,Asymmetric,1,1,1,1
91099_N1,0.0511041852987936,0.1095576309561538,0.1847009442633744,8,19,9,0.2222222222222222,0.5277777777777778,0.25,4740,12153,5556,0.2111452625952158,0.5413604169450755,0.2474943204597086,0.9601797627101066,0.6042341942874311,0.4913594748970523,0.4321637424920628,0.0374277736224649,17,1,21,0,16,0.3090909090909091,0.0181818181818181,0.3818181818181818,0.0,0.2909090909090909,5751,22,8300,0,3729,0.3230535894843276,0.0012358162004269,0.4662397483428828,0.0,0.2094708459723626,2,Good,2.0369668715716442,2.8040756232223525,0.17430208896837576,0.24545939763629435,one_tumour,do9238,ERX2022570,91099,Male,N1,87416;87417,87439,DEN,0.898419815,0.085509579,0.007985967,0.008084639,0.998082552214342,DN,High,Macro,,4.9,22449,1176,4.94298624818597,25,79,2,396122,2,0,50.9489933956866,Hras,7:145859242_T/C,Hras,7:145859242_T/C,C3H,one_tumour,0,Asymmetric,2,2,2,2
91099_N2,0.032341527097801,0.0910054044388567,0.1638053791475981,26,22,5,0.490566037735849,0.4150943396226415,0.0943396226415094,42443,29503,6965,0.5378591070953352,0.373876899291607,0.0882639936130577,0.9599467182242916,0.6801671311958337,0.5007751288724522,0.2477501697465386,0.0421379516575211,10,0,26,0,21,0.175438596491228,0.0,0.4561403508771929,0.0,0.3684210526315789,7886,0,33616,0,21180,0.1258096423215596,0.0,0.5362943109664656,0.0,0.3378960467119747,1,1_clone,1_clone,1_clone,1_clone,1_clone,1_clone,do9239,ERX2048030,91099,Male,N2,87416;87417,87439,DEN,0.8992209318,0.1003432009,0.0001499631,0.0002859042,0.9951403225828,DN,High,Mixed,1.0,9.1,78911,1349,17.3752054804492,32,79,0,0,0,0,44.4211492792191,Hras,7:145859242_T/C,Hras,7:145859242_T/C,C3H,one_tumour,0,Asymmetric,3,3,3,3
91100_N1,0.0402153528034341,0.1377760394262429,0.2220604941029451,0,0,20,0.0,0.0,1.0,0,0,59830,0.0,0.0,1.0,0.938701899474821,0.683527904885929,0.4968426550691318,0.345796196881838,0.0690843254754465,19,0,28,0,14,0.3114754098360656,0.0,0.4590163934426229,0.0,0.2295081967213114,11880,0,27833,0,8410,0.2468674022816532,0.0,0.5783720881906781,0.0,0.1747605095276687,2,Good,3.6755108127423233,3.619177632311357,0.02089802428749183,0.0012004139943669618,one_tumour,do9240,ERX2023301,91100,Male,N1,87416;87417,87439,DEN,0.912453477,0.0869823051,0.0002409329,0.0003232851,0.997888959618811,DN,High,Mixed,,4.5,59830,665,13.173810291281,34,67,1,217000,1,0,40.8407024815753,Braf,6:37548568_A/T,Braf,6:37548568_A/T,C3H,one_tumour,0,Asymmetric,1,1,1,1
91113_N2,0.049683866044929,0.1029654363719714,0.2039585001249868,0,0,20,0.0,0.0,1.0,0,0,89529,0.0,0.0,1.0,0.9700762809429284,0.7207358383749304,0.4982168199427773,0.2980343831149397,0.0341136158835463,15,1,26,1,10,0.2830188679245283,0.0188679245283018,0.490566037735849,0.0188679245283018,0.1886792452830188,24547,37,38796,17,12805,0.3221306527387733,0.0004855515603265,0.5091204955250518,0.0002230912574473,0.1680402089184011,2,Good,2.9787478497244013,6.7794081074954295,0.0007088945630797202,0.006441405631532841,one_tumour,do9245,ERX2035267,91113,Male,N2,87420;87421,87442,DEN,0.9800601768,0.0194610961,0.0002450691,0.000233658,0.987177767765315,DN,High,Mixed,,7.3,89528,596,19.7129347778339,23,59,2,218979,1,1,47.8415041121511,Hras,7:145859242_T/A,Hras,7:145859242_T/A,C3H,one_tumour,0,Asymmetric,1,1,1,1
91113_N4,0.0495837167271264,0.1533566532370291,0.2504939965956954,0,0,20,0.0,0.0,1.0,0,0,58744,0.0,0.0,1.0,0.9542245500591212,0.7317531681111366,0.506900972814916,0.3672805914788874,0.0439104826881236,18,0,23,0,23,0.28125,0.0,0.359375,0.0,0.359375,12266,0,21297,0,14835,0.2534402248026778,0.0,0.4400388445803546,0.0,0.3065209306169676,2,Good,4.2741465733617545,3.173507742703837,0.013054621473634091,0.006050202805487402,one_tumour,do9247,ERX2048031,91113,Male,N4,87420;87421,87442,DEN,0.9193077,0.0679456,0.01265553,9.117484e-05,0.997023377426949,DN,High,Macro,,5.0,58744,663,12.9346868084742,26,67,3,217000,3,0,55.7248878264643,Hras,7:145859243_G/T,Hras,7:145859243_G/T,C3H,one_tumour,0,Asymmetric,1,1,1,1
91113_N5,0.0235486816590945,0.0655168479636793,0.122236504690136,0,21,9,0.0,0.7,0.3,0,29061,11433,0.0,0.7176618758334569,0.2823381241665432,0.9532446446527229,0.66218188072342,0.4912005341890275,0.3645399229051915,0.0403894566223872,12,0,23,2,14,0.2352941176470588,0.0,0.4509803921568627,0.0392156862745098,0.2745098039215686,7068,0,15835,55,9660,0.2166901710711876,0.0,0.4854681464222208,0.0016861855417254,0.296155496964866,1,1_clone,1_clone,1_clone,1_clone,1_clone,1_clone,do9708,ERX2035332,91113,Male,N5,87420;87421,87442,DEN,0.9147192242,0.0828612482,0.0017003501,0.0007191775,0.998489868154093,DN,High,Mixed,,4.3,40493,666,8.91604713563164,23,79,1,217000,1,0,51.3683277796104,Braf,6:37548568_A/T,Braf,6:37548568_A/T,C3H,one_tumour,0,Asymmetric,1,1,1,1
91113_N6,0.0004976982078739,0.1585969222856481,0.2425705324907858,0,0,20,0.0,0.0,1.0,0,0,20316,0.0,0.0,1.0,0.9721894504609226,0.5940502583412666,0.4889872297585049,0.4056333993295747,0.0280161353675712,14,0,20,0,13,0.2978723404255319,0.0,0.425531914893617,0.0,0.2765957446808511,3706,0,7502,0,3378,0.2540792540792541,0.0,0.5143288084464555,0.0,0.2315919374742904,2,Good,3.7995426829268295,4.514236285975416,0.0,0.03074705000250572,one_tumour,do9248,ERX2037923,91113,Male,N6,87420;87421,87442,DEN,0.6906213905,0.2727926362,0.0358511957,0.0007347776,0.994985637308242,DN,High,Macro,,8.1,20316,370,4.47332658996598,16,49,2,593562,2,0,47.5054408914263,Braf,6:37548568_A/T,Braf,6:37548568_A/T,C3H,one_tumour,0,Asymmetric,1,1,1,1
91114_N1,0.0526365545945172,0.081954503147687,0.1584447192850704,0,19,20,0.0,0.4871794871794871,0.5128205128205128,0,24899,26357,0.0,0.4857772748556266,0.5142227251443734,0.9655888736018984,0.6243984239188922,0.5077205044243445,0.3470550051092694,0.0323227039497388,9,0,25,1,15,0.18,0.0,0.5,0.02,0.3,3863,0,27719,4,9404,0.0942424981702854,0.0,0.6762381068553306,9.758477677482313e-05,0.2294218101976091,2,Good,11.362643633439681,4.42968473708206,0.0,0.028914133576123772,one_tumour,do9709,ERX2048040,91114,Male,N1,87420;87421,87442,DEN,0.8928980652,0.0907974172,0.0161477674,0.0001567501,0.996335745414236,DN,High,Macro,2.0,4.6,51256,915,11.2859237889002,24,59,2,552438,2,0,30.3054946153346,Braf,6:37548568_A/T,Braf,6:37548568_A/T,C3H,one_tumour,0,Asymmetric,1,1,1,1
91213_N3,0.0326839808084818,0.0714889192643221,0.1172886395530088,18,20,3,0.4390243902439024,0.4878048780487805,0.073170731707317,38200,30562,2324,0.5373772613454126,0.429929944011479,0.0326927946431083,0.9759656823161732,0.6312957959853096,0.4993588955161111,0.3811463398853539,0.0250974129597707,16,3,29,0,14,0.2580645161290322,0.0483870967741935,0.4677419354838709,0.0,0.2258064516129032,12878,479,29637,0,10300,0.2416407100236424,0.0089878785604383,0.5561038766089992,0.0,0.1932675348069201,1,1_clone,1_clone,1_clone,1_clone,1_clone,1_clone,do9871,ERX2035259,91213,Male,N3,87418;87419,81568,DEN,0.8045108991,0.1916911805,0.0033852376,0.0004126828,0.997581321545825,DN,High,Macro,,3.6,71086,1082,15.6522393174996,33,79,2,333738,0,2,42.4678548884029,Hras,7:145859242_T/C,Hras,7:145859242_T/C,C3H,one_tumour,0,Asymmetric,3,3,3,3
91215_N1,0.0408557715613051,0.0796627497668982,0.1526080874438983,15,7,23,0.3333333333333333,0.1555555555555555,0.5111111111111111,14615,2839,36738,0.2696892530262769,0.0523878063182757,0.6779229406554473,0.9557668495968392,0.6983287276827415,0.4957161544658048,0.3945643823964548,0.0426585509116619,24,1,26,0,11,0.3870967741935484,0.0161290322580645,0.4193548387096774,0.0,0.1774193548387097,16535,47,20185,0,6460,0.3825155574062507,0.0010872834108311,0.4669535244176093,0.0,0.1494436347653087,2,Good,3.4717843787501583,2.0044193658595724,0.05975724311072545,0.02903025575309396,one_tumour,do9372,ERX2035293,91215,Male,N1,87418;87419,81568,DEN,0.9034934884,0.0955837931,0.0005236932,0.0003990253,0.999230290279485,DN,High,Macro,1.0,4.9,54192,872,11.932393904481,31,79,1,304097,1,0,51.4919858617911,Egfr,11:14185624_T/A,Egfr,11:14185624_T/A,C3H,one_tumour,0,Asymmetric,2,2,2,1
91215_N4,0.0540617513078483,0.201983034845304,0.2887651292873254,0,12,20,0.0,0.375,0.625,0,19804,42655,0.0,0.3170719992314958,0.6829280007685041,0.969817725345306,0.6459797644937324,0.5078813882958493,0.3456157810664441,0.0294949179456403,16,0,21,0,11,0.3333333333333333,0.0,0.4375,0.0,0.2291666666666666,14058,0,22843,0,8757,0.3078978492268606,0.0,0.5003066275351526,0.0,0.1917955232379867,2,Good,3.067135690330961,3.7371792704608637,0.025109532477620322,0.007562949067214708,one_tumour,do9374,ERX2048032,91215,Male,N4,87418;87419,81568,DEN,0.7388723916,0.2558649422,0.0004238563,0.00483881,0.998594128375524,DN,High,Macro,,6.6,62459,689,13.7526828845582,21,79,1,24522,1,0,48.7261834441969,Hras,7:145859242_T/A,Hras,7:145859242_T/A,C3H,one_tumour,0,Asymmetric,1,1,1,1
91215_N6,0.0241714640696661,0.1106410499735756,0.1877483517392068,17,23,7,0.3617021276595745,0.4893617021276595,0.1489361702127659,9998,15038,5643,0.3258906744026859,0.4901724306528896,0.1839368949444245,0.972054418872835,0.6026945669561157,0.492235375292292,0.3968518992398671,0.0300275010916296,8,1,17,2,14,0.1904761904761904,0.0238095238095238,0.4047619047619047,0.0476190476190476,0.3333333333333333,2351,166,13775,25,7280,0.0996313090647116,0.007034792558376,0.5837606475399415,0.0010594567105988,0.308513794126372,2,Good,2.772225073085775,2.3472974378434595,0.10886897767332551,0.07184916867347083,one_tumour,do9375,ERX2023311,91215,Male,N6,87418;87419,81568,DEN,0.8422524851,0.1516029261,0.0055761246,0.0005684643,0.996584655795489,DN,High,Mixed,,4.2,30679,492,6.75512829560771,11,63,0,0,0,0,39.0939447286991,Hras,7:145859243_G/T,Hras,7:145859243_G/T,C3H,one_tumour,0,Asymmetric,2,2,2,2
91215_N8,0.0415384946577417,0.0786544601095164,0.1822510908849823,4,14,26,0.0909090909090909,0.3181818181818182,0.5909090909090909,625,14482,37144,0.0119614935599318,0.2771621595758933,0.7108763468641749,0.9789466372102816,0.6066303143130406,0.5162091270126907,0.3329857689761384,0.01959999800052,12,3,22,2,27,0.1818181818181818,0.0454545454545454,0.3333333333333333,0.0303030303030303,0.4090909090909091,7808,72,14870,40,15668,0.2030266784544178,0.001872172239846,0.3866555723126527,0.0010400956888033,0.40740548130428,2,Good,2.7569421550179865,2.4639969223935982,0.02137799930346239,0.006603628102317736,one_tumour,do9377,ERX2023344,91215,Male,N8,87418;87419,81568,DEN,0.7424058298,0.223132932,0.0342747953,0.0001864429,0.995885970660224,DN,High,Mixed,,5.2,52251,716,11.5050102211219,27,75,2,288438,2,0,59.6861506192591,Hras,7:145859242_T/C,Hras,7:145859242_T/C,C3H,one_tumour,0,Asymmetric,2,2,1,1
91215_N9,0.0505491713463886,0.1264232965708284,0.2119383192524092,0,0,20,0.0,0.0,1.0,0,0,36054,0.0,0.0,1.0,0.9711099137040896,0.5875810036857123,0.4996570274153304,0.2610731345221726,0.0291008871858215,15,0,22,1,11,0.3061224489795918,0.0,0.4489795918367347,0.0204081632653061,0.2244897959183673,8279,0,15429,12,4358,0.2948571835600826,0.0,0.5495049504950495,0.0004273808675831,0.1552104850772847,2,Good,3.4229929567456643,6.808483051460334,0.0,0.00945440269440972,one_tumour,do9378,ERX2035272,91215,Male,N9,87418;87419,81568,DEN,0.856995898,0.132916591,0.008551719,0.001535791,0.998355974530253,DN,High,Macro,,4.7,36054,618,7.93863540434305,21,79,0,0,0,0,44.0601191572008,Braf,6:37548568_A/T,Braf,6:37548568_A/T,C3H,one_tumour,0,Asymmetric,1,1,1,1
91216_N1,0.0385457543585709,0.0710736817363341,0.1121982542285298,11,22,0,0.3333333333333333,0.6666666666666666,0.0,14814,47772,0,0.2366983031348864,0.7633016968651136,0.0,0.9684119709045256,0.627344585667493,0.495391408850174,0.2917528460499277,0.0338351309352508,17,0,23,0,14,0.3148148148148148,0.0,0.4259259259259259,0.0,0.2592592592592592,8851,0,25154,0,13929,0.1846497267075562,0.0,0.5247632160887887,0.0,0.290587057203655,1,1_clone,1_clone,1_clone,1_clone,1_clone,1_clone,do9379,ERX2037956,91216,Male,N1,87418;87419,81568,DEN,0.8420172162,0.1569208615,0.0008093396,0.0002525827,0.998718264252112,DN,High,Macro,,6.7,62586,974,13.7806466804297,26,79,5,845653,3,2,45.6869980689486,Braf;Hras,6:37548568_A/T;7:145859242_T/A,Braf;Hras,6:37548568_A/T;7:145859242_T/A,C3H,one_tumour,0,Asymmetric,3,2,2,2
91216_N3,0.0346250818241565,0.0686715624327579,0.118574164521508,16,14,6,0.4444444444444444,0.3888888888888889,0.1666666666666666,28888,10295,4723,0.6579510773015078,0.2344782034346103,0.1075707192638819,0.950903855944382,0.69117167314042,0.5060767088905795,0.3841162409239932,0.0544671516066267,6,0,19,0,18,0.1395348837209302,0.0,0.4418604651162791,0.0,0.4186046511627907,3696,0,11866,0,11662,0.1357625624449015,0.0,0.4358654128709961,0.0,0.4283720246841022,2,Bad,0.22336726326627493,1.0922620559566907,0.0,1.2003644980697212,mixture_tumours,do9381,ERX2022548,91216,Male,N3,87418;87419,81568,DEN,0.4236128094,0.5608561402,0.0151899011,0.0003411492,0.996600053518944,DN,High,Mixed,,7.9,43906,751,9.66754662625745,17,79,2,343069,1,1,55.001429869585,Braf,6:37548568_A/T,Braf,6:37548568_A/T,C3H,one_tumour,0,Asymmetric,3,3,3,4
91216_N4,0.0455081125675612,0.129295472311008,0.2377476453982266,0,0,20,0.0,0.0,1.0,0,0,44758,0.0,0.0,1.0,0.965549705119155,0.6110176458795001,0.5028836070435663,0.375622740131298,0.036345409234519,15,0,17,0,14,0.3260869565217391,0.0,0.3695652173913043,0.0,0.3043478260869565,9535,0,15324,0,10318,0.2710577934445802,0.0,0.4356255507860249,0.0,0.2933166557693947,2,Good,3.9027742600397546,3.074563336888257,0.002152580646377369,0.054746059116312626,one_tumour,do9382,ERX2037586,91216,Male,N4,87418;87419,81568,DEN,0.8795885899,0.1174957034,0.0020815701,0.0008341367,0.998790723252764,DN,High,Macro,,6.3,44758,765,9.85514626470256,14,65,4,496918,2,2,54.8092674412157,Hras,7:145859243_G/T,Hras,7:145859243_G/T,C3H,one_tumour,0,Asymmetric,1,1,1,1
91216_N6,0.0444125902390692,0.1424420882988108,0.2604281489059335,19,23,17,0.3220338983050847,0.3898305084745763,0.288135593220339,14420,27371,25846,0.2131969188461936,0.4046749560151987,0.3821281251386075,0.9663410360220052,0.6591352740280075,0.4988341697679216,0.3132182640839653,0.0341021728192002,14,0,27,1,14,0.25,0.0,0.4821428571428571,0.0178571428571428,0.25,8712,0,27016,10,16012,0.1683478260869565,0.0,0.522048309178744,0.0001932367149758,0.3094106280193237,2,Good,3.3183299457740514,2.0000274038820067,0.011625843595434728,0.005810973352241701,one_tumour,do9384,ERX2035269,91216,Male,N6,87418;87419,81568,DEN,0.8143142305,0.1683409207,0.0172275877,0.0001172611,0.998474640681872,DN,Low,Macro,,2.4,67637,636,14.8928130815874,28,79,2,343729,1,1,46.4180020055286,Braf,6:37548568_A/T,Braf,6:37548568_A/T,C3H,one_tumour,0,Asymmetric,2,2,2,2
91217_N1,0.0525677961983391,0.1322640114912097,0.2017789539374306,0,0,20,0.0,0.0,1.0,0,0,51581,0.0,0.0,1.0,0.9766785418947206,0.7075949286962628,0.5026550149623007,0.309611406171014,0.0251355247452908,19,1,25,0,17,0.3064516129032258,0.0161290322580645,0.4032258064516129,0.0,0.2741935483870967,10116,19,15876,0,11919,0.266701819140522,0.0005009227524387,0.4185605061956235,0.0,0.3142367519114157,2,Good,3.5797236964785197,3.3528003453824717,0.005351444631365324,0.00742120243156822,one_tumour,do9394,ERX2023378,91217,Male,N1,87418;87419,81568,DEN,0.7387124689,0.2380717588,0.0230805502,0.0001352222,0.993890943750179,DN,High,Macro,,5.9,51581,909,11.357484683847,30,79,2,315956,1,1,57.1194203452209,Hras,7:145859242_T/C,Hras,7:145859242_T/C,C3H,one_tumour,0,Asymmetric,1,1,1,1
91217_N2,0.0119157224386463,0.1786405002623425,0.2640179212788875,0,1,20,0.0,0.0476190476190476,0.9523809523809524,0,4,60866,0.0,6.571381632988336e-05,0.99993428618367,0.96629453437401,0.6483228571789897,0.4994102810959895,0.3322839329521141,0.0303412067818086,23,1,27,1,12,0.359375,0.015625,0.421875,0.015625,0.1875,12449,102,29559,19,5414,0.2618471699303788,0.0021454262457144,0.6217319058536482,0.0003996382222409,0.1138758597480175,2,Good,3.58711896579649,10.287914791413439,0.013207307533548665,0.0,one_tumour,do9392,ERX2035342,91217,Male,N2,87418;87419,81568,DEN,0.8674829173,0.1316981482,0.0003717503,0.0004471842,0.998604008488093,DN,High,Mixed,,5.0,60869,868,13.4025849677416,27,79,1,217000,1,0,35.7318498200738,Hras;Hras,7:145859596_C/G;7:145859598_C/T,Hras;Hras,7:145859596_C/G;7:145859598_C/T,C3H,one_tumour,0,Asymmetric,1,1,1,1
91217_N3,0.0353769609168095,0.0601881320622898,0.0971822681107534,23,19,0,0.5476190476190477,0.4523809523809524,0.0,70361,57413,0,0.5506675849546856,0.4493324150453144,0.0,0.8825701944833773,0.641163393089608,0.5058427504975804,0.3599443193790139,0.1397068840485267,1,0,22,0,1,0.0416666666666666,0.0,0.9166666666666666,0.0,0.0416666666666666,29,0,79410,0,43,0.0003648624845877,0.0,0.9990941345210236,0.0,0.0005410029943886,2,Bad,0.0,0.0,0.0,0.0,mixture_tumours,do9395,ERX2048033,91217,Male,N3,87418;87419,81568,DEN,0.4411882036,0.5584567593,0.0002202106,0.0001348266,0.99601510007512,DN,High,Macro,1.0,4.3,127773,1076,28.1340007078029,0,39,2,278780,2,0,0.0,Hras;Hras,7:145858112_A/T;7:145859242_T/A,Hras;Hras,7:145858112_A/T;7:145859242_T/A,C3H,one_tumour,0,Symmetric,0,0,0,0
91218_N6,0.0244749747298259,0.1302841453044523,0.2393470863008649,2,20,21,0.0465116279069767,0.4651162790697674,0.4883720930232558,1509,25544,26059,0.0284116583822864,0.4809459255912034,0.49064241602651,0.9687587891374818,0.6443291072263352,0.5071566031890753,0.3951505796413639,0.0325633066392432,7,0,20,1,17,0.1555555555555555,0.0,0.4444444444444444,0.0222222222222222,0.3777777777777777,8403,0,20078,61,13565,0.1995630180255064,0.0,0.4768328306457358,0.0014486902415275,0.3221554610872301,2,Good,1.8452318916102137,3.220567228668739,0.0,0.036044713942434754,one_tumour,do9400,ERX2035364,91218,Male,N6,87418;87419,81568,DEN,0.8874570806,0.1119205893,0.0003278832,0.0002944469,0.998361722873115,DN,High,Macro,,5.7,53112,777,11.6945915458886,20,79,5,372230,4,1,50.9632613547954,Hras,7:145859242_T/C,Hras,7:145859242_T/C,C3H,one_tumour,0,Asymmetric,1,1,1,1
91415_N1,0.0319842973352884,0.0874889929289049,0.1188806015174062,24,16,8,0.5,0.3333333333333333,0.1666666666666666,26962,15502,9820,0.5156835743248412,0.2964960599801086,0.1878203656950501,0.9679194055834436,0.6232733331658442,0.5011742532999627,0.3882860203588124,0.0352068740138404,22,1,40,0,16,0.2784810126582278,0.0126582278481012,0.5063291139240507,0.0,0.2025316455696202,8732,239,22426,0,10495,0.2084407524109615,0.0057051465673636,0.5353289410866037,0.0,0.2505251599350711,1,1_clone,1_clone,1_clone,1_clone,1_clone,1_clone,do9872,ERX2022566,91415,Male,N1,87533;87915,87441,DEN,0.9067903617,0.0893049647,0.0036887652,0.0002159084,0.998484363827713,DN,High,Macro,,3.8,52283,737,11.512056216932,47,59,2,165024,2,0,44.7969913547223,Hras,7:145859242_T/C,Hras,7:145859242_T/C,C3H,one_tumour,0,Asymmetric,3,3,3,3
91415_N3,0.0507182422067348,0.1420778471892158,0.2404394411857002,2,22,22,0.0434782608695652,0.4782608695652174,0.4782608695652174,1635,30904,24972,0.0284293439515918,0.5373580706299664,0.4342125854184417,0.9568297123015116,0.6303490857007998,0.5016378345839198,0.3057774697794362,0.0483235776000194,15,2,25,0,19,0.2459016393442623,0.0327868852459016,0.4098360655737705,0.0,0.3114754098360656,9363,63,21400,0,12882,0.2142170769653152,0.0014413837283792,0.4896128855129495,0.0,0.2947286537933559,2,Good,2.1375981880753803,2.116064193751688,0.012486272196374378,0.12991121999581245,one_tumour,do9404,ERX2035360,91415,Male,N3,87533;87915,87441,DEN,0.8217001927,0.172289149,0.005722693,0.0002879653,0.997199404790782,DN,High,Macro,,5.3,57509,626,12.6627554076764,32,67,1,311749,1,0,49.3946182413096,Braf,6:37548568_A/T,Braf,6:37548568_A/T,C3H,one_tumour,0,Asymmetric,1,1,1,1
91415_N5,0.0260216689231807,0.136781446204141,0.252734960149287,0,26,23,0.0,0.5306122448979592,0.4693877551020408,0,37100,32735,0.0,0.5312522374167681,0.4687477625832319,0.9696117506768012,0.6484028356896492,0.5039653801315699,0.3354971352964235,0.0288332195639809,18,0,21,2,14,0.3272727272727272,0.0,0.3818181818181818,0.0363636363636363,0.2545454545454545,16413,0,22079,35,14377,0.3102411915923181,0.0,0.4173408437925299,0.0006615756842582,0.2717563889308937,2,Good,2.6240153681385134,3.482379864470913,0.0,0.015688112325741223,one_tumour,do9873,ERX2048053,91415,Male,N5,87533;87915,87441,DEN,0.8285513169,0.159412864,0.0002904444,0.0117453747,0.997489301423691,DN,High,Mixed,,6.4,69835,776,15.3767849187967,22,79,1,307503,1,0,56.6616489779533,Braf,6:37548568_A/T,Braf,6:37548568_A/T,C3H,one_tumour,0,Asymmetric,1,1,1,1
91416_N2,0.0304499503164223,0.0958902990510385,0.1532866185161877,12,25,15,0.2307692307692307,0.4807692307692308,0.2884615384615384,17228,30668,17252,0.2644440351200344,0.4707435377908761,0.2648124270890895,0.9715538168597432,0.6389557563215751,0.5057246917249583,0.3792141919923318,0.0271936423132445,17,0,29,0,19,0.2615384615384615,0.0,0.4461538461538462,0.0,0.2923076923076923,12432,0,27667,0,7591,0.2606835814636192,0.0,0.5801425875445586,0.0,0.1591738309918222,2,Good,2.0966794822662598,3.253687115837242,0.0169762523321168,0.008716326365598145,one_tumour,do9711,ERX2037963,91416,Male,N2,87533;87915,87441,DEN,0.763235803,0.221265812,0.002192586,0.013305799,0.996183240981221,DN,High,Macro,1.0,10.9,65148,905,14.3447667199795,39,79,2,765458,2,0,40.2102999973443,Hras,7:145859243_G/T,Hras,7:145859243_G/T,C3H,one_tumour,0,Asymmetric,2,2,2,2
91531_N1,0.0375904291615899,0.1579142773935799,0.2253658670993012,0,2,20,0.0,0.0909090909090909,0.9090909090909092,0,2214,55801,0.0,0.0381625441696113,0.9618374558303888,0.956187594794712,0.6363498507079535,0.5055589368589374,0.3823310731933073,0.0431552289085612,15,0,23,1,15,0.2777777777777778,0.0,0.4259259259259259,0.0185185185185185,0.2777777777777778,9361,0,23255,40,10976,0.214544371103777,0.0,0.5329803813714705,0.0009167583425009,0.2515584891822515,2,Good,4.749177947189033,3.8948150447094227,0.008065071348220706,0.005770605638469155,one_tumour,do12321,ERX2035271,91531,Male,N1,87715;87716,87345,DEN,0.824255063,0.168974428,0.001251853,0.005518655,0.995641105462439,DN,High,,1.0,2.953,58015,1338,12.7830087152628,28,79,0,0,0,0,46.0318502581226,Braf;Braf,6:37451282_A/T;6:37468786_A/G,Braf;Braf,6:37548568_A/T;6:37565071_A/G,CAST,one_tumour,0,Asymmetric,1,1,1,1
91532_N2,0.0425793012196013,0.1464611801022018,0.2558513259994835,0,0,20,0.0,0.0,1.0,0,0,90348,0.0,0.0,1.0,0.9409692631857538,0.6736391887000445,0.5012970933187783,0.3329191619901465,0.0597480770317801,21,0,31,0,17,0.3043478260869565,0.0,0.4492753623188406,0.0,0.2463768115942029,18604,0,36340,0,15619,0.2636509218712356,0.0,0.5150007794453184,0.0,0.221348298683446,2,Good,3.644664657749616,4.939594552675713,0.005680489905190345,0.0,one_tumour,do12324,ERX2035300,91532,Male,N2,87715;87716,87345,DEN,0.876343529,0.114024511,0.005451767,0.004180193,0.995132681017636,DN,High,Macro,,3.771,90346,1373,19.9068121242632,41,75,2,18792059,0,2,47.1722884575916,Braf,6:37451282_A/T,Braf,6:37548568_A/T,CAST,one_tumour,0,Asymmetric,1,1,1,1
91539_N1,0.0370642319260143,0.0817529441974519,0.1466313933484666,22,23,12,0.3859649122807017,0.4035087719298245,0.2105263157894736,37152,17118,16797,0.5227742834226856,0.2408712904723711,0.2363544261049432,0.9538577275088712,0.6747752509013953,0.502906902983858,0.2779172204281765,0.0445359245493479,18,2,24,1,15,0.3,0.0333333333333333,0.4,0.0166666666666666,0.25,18734,47,30195,28,10129,0.3168112559822772,0.0007948184600815,0.510628583024707,0.0004735088698357,0.1712918336630984,1,1_clone,1_clone,1_clone,1_clone,1_clone,1_clone,do9406,ERX2037604,91539,Male,N1,87531;87532,87453,DEN,0.9513883,0.04767568,0.000859329,7.669867e-05,0.997604838105344,DN,High,Macro,,6.4,71065,844,15.6476153827492,27,79,2,207681,2,0,46.4559240735701,Braf,6:37548568_A/T,Braf,6:37548568_A/T,C3H,one_tumour,0,Asymmetric,2,2,3,3
91539_N3,0.0324782129480926,0.1256616339537152,0.1784477917889663,0,16,20,0.0,0.4444444444444444,0.5555555555555556,0,23976,69283,0.0,0.2570904684802539,0.742909531519746,0.9787448454887476,0.6201448684374771,0.50552756609946,0.3491833878324791,0.0221825792521109,14,3,23,1,19,0.2333333333333333,0.05,0.3833333333333333,0.0166666666666666,0.3166666666666666,12725,29,19939,7,13864,0.2732797869598832,0.0006227987286315,0.4282063396615411,0.0001503307276007,0.2977407439223434,2,Good,3.554151516784153,3.497696935315807,0.0041135354993568725,0.011633267434805455,one_tumour,do9408,ERX2037582,91539,Male,N3,87531;87532,87453,DEN,0.1372215923,0.8625992087,0.0001104101,6.8789e-05,0.988817188609736,DN,High,Macro,,6.0,93258,1255,20.534233664454,24,79,1,268626,1,0,55.9332863639453,Braf,6:37548568_A/T,Braf,6:37548568_A/T,C3H,one_tumour,0,Asymmetric,1,1,1,1
91539_N4,0.0299726991663778,0.1245502870498953,0.214532460294834,0,0,20,0.0,0.0,1.0,0,0,68262,0.0,0.0,1.0,0.9603903759824504,0.6323315864781378,0.5073787989633616,0.229582186733024,0.0373256900253796,18,2,22,2,16,0.3,0.0333333333333333,0.3666666666666666,0.0333333333333333,0.2666666666666666,11114,44,24726,20,11616,0.2338804713804713,0.0009259259259259,0.5203282828282828,0.0004208754208754,0.2444444444444444,2,Good,4.372952317225094,4.1337946749723695,0.0043455329032138675,0.0019016566312703652,one_tumour,do9409,ERX2022514,91539,Male,N4,87531;87532,87453,DEN,0.5983283007,0.3919564884,0.0095929951,0.0001222158,0.989725394134881,DN,High,Macro,,6.6,68260,1085,15.0299898125161,24,79,0,0,0,0,45.2308154656362,Hras,7:145859242_T/A,Hras,7:145859242_T/A,C3H,one_tumour,0,Asymmetric,1,1,1,1
91539_N5,0.0406287754580623,0.1040193488617824,0.1583528451923518,9,21,14,0.2045454545454545,0.4772727272727273,0.3181818181818182,11031,16274,26054,0.2067317603403362,0.304990723214453,0.4882775164452107,0.9425563790177084,0.6601019879795976,0.4966116293028118,0.3142632020821302,0.0478706368489402,16,2,25,1,14,0.2758620689655172,0.0344827586206896,0.4310344827586206,0.0172413793103448,0.2413793103448276,10804,10,22267,27,7735,0.2645251328256984,0.0002448399970619,0.5451852214577774,0.0006610679920671,0.1893837377273951,2,Good,2.553361636383963,2.6165060439020884,0.02080967546350563,0.0,one_tumour,do9410,ERX2037945,91539,Male,N5,87531;87532,87453,DEN,0.8514228218,0.1339176824,0.0002834397,0.014376056,0.997165340253158,DN,High,Mixed,,5.6,53359,1028,11.7489778260482,26,79,3,581301,2,1,43.4006596481635,Braf,6:37548568_A/T,Braf,6:37548568_A/T,C3H,one_tumour,0,Asymmetric,2,2,2,2
91540_N1,0.0586416506372087,0.2272211324855276,0.3176390513082419,0,1,20,0.0,0.0476190476190476,0.9523809523809524,0,1483,72296,0.0,0.020100570623077,0.979899429376923,0.9357605106037667,0.6985906556315811,0.5054346135141113,0.3592473248557295,0.0583905726994511,15,0,26,1,18,0.25,0.0,0.4333333333333333,0.0166666666666666,0.3,11198,0,30504,270,19196,0.1830695788647658,0.0,0.4986921266021449,0.0044140727177609,0.3138242218153282,2,Good,5.704802850068731,3.0225244319178097,0.004449742728443858,0.0,one_tumour,do9407,ERX2037464,91540,Male,N1,87531;87532,87453,DEN,0.9332832,0.06443193,0.002216011,6.884181e-05,0.997319920929249,DN,High,Macro,,4.8,73777,581,16.244763527659,30,49,0,0,0,0,48.5767097751726,Braf,6:37548568_A/T,Braf,6:37548568_A/T,C3H,one_tumour,0,Asymmetric,1,1,1,1
91598_N1,0.0346593413256362,0.0577521161491649,0.1402261295733463,5,19,0,0.2083333333333333,0.7916666666666666,0.0,8713,55377,0,0.1359494460914339,0.8640505539085661,0.0,0.9714287730657398,0.7104567473189349,0.5028653391829563,0.3704245041351222,0.0291847086100132,11,0,23,0,9,0.2558139534883721,0.0,0.5348837209302325,0.0,0.2093023255813953,7095,0,35424,0,7649,0.1414248126295646,0.0,0.7061074788709935,0.0,0.1524677084994418,2,Bad,0.0,0.0,0.0,0.0,mixture_tumours,do9411,ERX2023327,91598,Male,N1,87098;87099,87449,DEN,0.8798465267,0.1194282441,0.0002736982,0.000451531,0.997864255237499,DN,High,Mixed,,5.0,64089,1272,14.1115882961375,19,79,0,0,0,0,28.2450230668934,Braf,6:37548568_A/T,Braf,6:37548568_A/T,C3H,one_tumour,0,Asymmetric,2,2,2,2
91599_N1,0.0755332930292648,0.1577902906063479,0.2421052235709583,0,19,19,0.0,0.5,0.5,0,25339,27127,0.0,0.4829603933976289,0.517039606602371,0.9583817577967266,0.5850304796370746,0.5064045761149945,0.3921488541046405,0.0420146294030811,18,3,29,0,13,0.2857142857142857,0.0476190476190476,0.4603174603174603,0.0,0.2063492063492063,15288,1191,16869,0,9210,0.3592274073029747,0.0279853376568447,0.3963767094318342,0.0,0.2164105456083462,2,Good,2.1755796584495393,4.15658278743402,0.031052823844651727,0.0061875575644814666,one_tumour,do9712,ERX2037471,91599,Male,N1,87098;87099,87449,DEN,0.9224088019,0.0770480226,0.0003867829,0.0001563927,0.998626040189638,DN,Low,Macro,,4.8,52465,708,11.5521303181022,37,79,1,91627,0,1,55.2569213678866,Hras;Hras,7:145859595_C/A;7:145859596_C/T,Hras;Hras,7:145859595_C/A;7:145859596_C/T,C3H,one_tumour,0,Asymmetric,1,1,1,1
91599_N2,0.0332993452331999,0.0604189137101859,0.1077050878343117,28,16,5,0.5714285714285714,0.3265306122448979,0.1020408163265306,78747,19945,2383,0.7790947316349246,0.1973287162997773,0.023576552065298,0.9721078851609986,0.626611697688919,0.5068920771084353,0.3884404645701298,0.0282842200336412,20,1,39,4,32,0.2083333333333333,0.0104166666666666,0.40625,0.0416666666666666,0.3333333333333333,10576,78,21273,157,15735,0.2211673184299128,0.0016311507978,0.4448650118153872,0.0032832137853154,0.3290533051715845,2,Good,3.8861810963505876,3.0979309936133137,0.010983782794665936,0.0,one_tumour,do9412,ERX2037575,91599,Male,N2,87098;87099,87449,DEN,0.0849271876,0.914730733,0.0002180664,0.000124013,0.987884157262054,DN,High,,,6.4,101074,1509,22.255218141082,63,79,1,310042,1,0,54.0941727537739,Hras,7:145859242_T/C,Hras,7:145859242_T/C,C3H,one_tumour,0,Asymmetric,3,3,4,4
91599_N3,0.0563448522003373,0.1237899334899542,0.2053187711333118,5,27,15,0.1063829787234042,0.574468085106383,0.3191489361702128,4242,37383,16844,0.0725512664830936,0.6393644495373617,0.2880842839795447,0.9249836321753088,0.677217876343529,0.4984927496324023,0.3462677121557375,0.0881063506951169,21,3,31,0,14,0.3043478260869565,0.0434782608695652,0.4492753623188406,0.0,0.2028985507246377,14337,587,26610,0,6243,0.3000816292358247,0.0122862465202921,0.5569625552043871,0.0,0.130669569039496,2,Good,1.7294102479724167,1.7629448929954088,0.4570832183223495,0.5176770597823229,one_tumour*,do9413,ERX2022580,91599,Male,N3,87098;87099,87449,DEN,0.9401335363,0.0592482566,0.0003273362,0.0002908709,0.997853066966913,DN,High,Mixed,2.0,6.2,58468,614,12.8739150946117,35,67,0,0,0,0,41.3107037163854,Egfr,11:14185624_T/A,Egfr,11:14185624_T/A,C3H,one_tumour,0,Asymmetric,2,2,2,2
91604_N1,0.0306212379984894,0.07382279851957,0.1198163503177066,1,20,0,0.0476190476190476,0.9523809523809524,0.0,1469,51318,0,0.0278288214901396,0.9721711785098603,0.0,0.9691643141381878,0.5961416289233907,0.5015651569125752,0.2911047779439981,0.0311605196016372,13,1,19,0,19,0.25,0.0192307692307692,0.3653846153846153,0.0,0.3653846153846153,9802,56,19843,0,12016,0.2349641632907448,0.0013423784068844,0.4756574058537287,0.0,0.288036052448642,1,1_clone,1_clone,1_clone,1_clone,1_clone,1_clone,do9415,ERX2022528,91604,Male,N1,87098;87099,87449,DEN,0.9001884828,0.0986694384,0.0003308329,0.0008112459,0.998635232709516,DN,Low,Macro,,7.3,52784,1069,11.6223700888346,22,79,3,19583283,0,3,51.8994769940447,Hras,7:145859242_T/C,Hras,7:145859242_T/C,C3H,one_tumour,0,Asymmetric,1,1,1,1
91605_N1,0.0394472377455543,0.0840942962693243,0.1727060067028377,24,14,2,0.6,0.35,0.05,44000,15316,2001,0.7175823996607792,0.2497839098455567,0.032633690493664,0.969038271604321,0.600685823642875,0.4962798477584466,0.3153655268588511,0.0296535912547559,15,2,31,0,21,0.217391304347826,0.0289855072463768,0.4492753623188406,0.0,0.3043478260869565,11071,138,21853,0,14013,0.2351779075942644,0.002931492299522,0.4642166755177908,0.0,0.2976739245884227,1,1_clone,1_clone,1_clone,1_clone,1_clone,1_clone,do9416,ERX2048036,91605,Male,N1,87098;87099,87449,DEN,0.8410983406,0.1442638178,0.0138662452,0.0007715963,0.997833887716773,DN,High,,,4.6,61317,1130,13.5012289090837,40,67,2,343775,1,1,51.8253526774677,Hras,7:145859242_T/C,Hras,7:145859242_T/C,C3H,one_tumour,0,Asymmetric,3,3,4,4
91611_N1,0.0179652600501045,0.0758667344703792,0.1541575649338962,1,25,18,0.0227272727272727,0.5681818181818182,0.4090909090909091,1957,46411,21483,0.0280167785715308,0.6644285693834018,0.3075546520450674,0.973723455867396,0.6707624025511232,0.4953401605585995,0.3490665196524965,0.0277269755623198,25,0,23,0,12,0.4166666666666667,0.0,0.3833333333333333,0.0,0.2,19819,0,24634,0,8243,0.3761006528009716,0.0,0.4674738120540458,0.0,0.1564255351449825,1,1_clone,1_clone,1_clone,1_clone,1_clone,1_clone,do9417,ERX2037969,91611,Male,N1,87182;87183,87452,DEN,0.8272930474,0.1718360886,0.0001898713,0.0006809928,0.99694766526365,DN,High,Macro,,9.3,69851,1001,15.3803079167018,30,67,3,4582958,1,2,52.0511673832313,,,,,C3H,one_tumour,0,Asymmetric,1,1,1,1
91612_N2,0.0278142264293969,0.0550437806363862,0.094477284984906,23,6,1,0.7666666666666667,0.2,0.0333333333333333,54133,7822,1448,0.8537924072993391,0.1233695566455845,0.0228380360550762,0.957951615561783,0.6497260288662223,0.4957421088446473,0.3499201947053588,0.0430562435198065,14,0,25,1,13,0.2641509433962264,0.0,0.4716981132075472,0.0188679245283018,0.2452830188679245,9529,0,31571,71,8638,0.1913108072838242,0.0,0.6338412736654019,0.0014254452006665,0.1734224738501074,1,1_clone,1_clone,1_clone,1_clone,1_clone,1_clone,do9418,ERX2023363,91612,Male,N2,87182;87183,87452,DEN,0.8708374903,0.1247854859,0.0038817743,0.0004952495,0.997382764898675,DN,High,Mixed,,8.3,63403,1224,13.9605397609575,23,79,1,97673,0,1,34.0782426459924,Hras,7:145859242_T/C,Hras,7:145859242_T/C,C3H,one_tumour,0,Asymmetric,4,4,5,5
91613_N2,0.0354370167705648,0.1189436927397856,0.2248966249345956,0,0,20,0.0,0.0,1.0,0,0,53177,0.0,0.0,1.0,0.9123154819750908,0.6845797765370873,0.5073190241040837,0.3700273608563901,0.0831915091775535,15,0,13,2,11,0.3658536585365853,0.0,0.3170731707317073,0.048780487804878,0.2682926829268293,15010,0,16406,83,8764,0.37279884757718,0.0,0.4074708789707672,0.0020614459925986,0.2176688274594541,2,Bad,2.826428046089728,4.871681465038845,0.0,0.0,one_tumour,do9420,ERX2023323,91613,Male,N2,87182;87183,87452,DEN,0.8262183626,0.1596740995,0.0004995457,0.0136079922,0.997512875065866,DN,High,,,5.3,53177,1194,11.708903724878,11,79,2,22148197,0,2,57.9452121163031,Hras,7:145859242_T/A,Hras,7:145859242_T/A,C3H,one_tumour,0,Asymmetric,1,1,1,1
91615_N7,0.0250872943333974,0.0932033802982513,0.145372381542589,1,18,16,0.0285714285714285,0.5142857142857142,0.4571428571428571,1296,28584,22406,0.0247867497991814,0.5466855372375015,0.4285277129633171,0.9447220359292042,0.6773541067194623,0.5040010466683802,0.347343341996678,0.0583612961183184,15,0,27,0,13,0.2727272727272727,0.0,0.4909090909090909,0.0,0.2363636363636363,8436,0,24281,0,10368,0.1957990019728444,0.0,0.563560403852849,0.0,0.2406405941743066,1,1_clone,1_clone,1_clone,1_clone,1_clone,1_clone,do9426,ERX2037590,91615,Male,N7,87182;87183,87452,DEN,0.9408149751,0.058687116,0.0003272098,0.0001706991,0.997258446546896,DN,High,Micro,,5.3,52286,607,11.5127167790392,23,59,2,521851,2,0,41.9158501063365,Hras,7:145859242_T/A,Hras,7:145859242_T/A,C3H,one_tumour,0,Asymmetric,1,1,1,1
91615_N8,0.0129474526085444,0.09756368547441,0.2030201150232664,2,23,22,0.0425531914893617,0.4893617021276595,0.4680851063829787,1416,23224,23922,0.0291586013755611,0.4782340101313784,0.4926073884930604,0.9481365969156746,0.6871394194265362,0.5038261564918622,0.3887782880857801,0.046848648864101,18,0,41,3,16,0.2307692307692307,0.0,0.5256410256410257,0.0384615384615384,0.2051282051282051,7848,0,24167,217,8088,0.1946428571428571,0.0,0.5993799603174603,0.0053819444444444,0.2005952380952381,2,Good,2.4637447396768066,2.7649207353638467,0.10392698925100449,0.006924756131884427,one_tumour,do9427,ERX2022513,91615,Male,N8,87182;87183,87452,DEN,0.9122003,0.08730505,0.0004047042,8.990921e-05,0.994737857552636,DN,High,Macro,,7.1,48561,784,10.6925188292645,43,79,0,0,0,0,37.3142895560331,,,,,C3H,one_tumour,0,Asymmetric,1,1,1,1
91618_N1,0.0520165243247131,0.0924221926351863,0.1720841149949198,9,18,12,0.2307692307692307,0.4615384615384615,0.3076923076923077,11552,21648,18703,0.2225690229851839,0.4170857175885787,0.3603452594262374,0.9675489721720408,0.7057866657381439,0.4991994840643129,0.404064103716386,0.0351568736576466,15,0,18,1,9,0.3488372093023256,0.0,0.4186046511627907,0.0232558139534883,0.2093023255813953,15335,0,17001,65,7582,0.3835380036515519,0.0,0.4252057124277818,0.0016256909186404,0.1896305930020258,1,1_clone,1_clone,1_clone,1_clone,1_clone,1_clone,do9428,ERX2023300,91618,Male,N1,87100;87181,87450,DEN,0.8598780844,0.1341209799,0.0005539825,0.0054469532,0.998047679998707,DN,High,Macro,,6.5,51900,654,11.4277244545794,19,63,2,369536,2,0,55.8804452930814,Kras,,,,C3H,one_tumour,0,Asymmetric,2,2,2,2
91618_N2,0.0291256766527869,0.0531587427077486,0.1048326218273091,4,20,1,0.16,0.8,0.04,8044,44267,22,0.1537079854011808,0.8458716297556036,0.0004203848432155,0.9714295391955808,0.6330980871821932,0.4936757945345589,0.3222216348830502,0.0258922753577115,17,0,16,1,13,0.3617021276595745,0.0,0.3404255319148936,0.0212765957446808,0.2765957446808511,15877,0,13999,5,9615,0.4019900749442981,0.0,0.3544409560461818,0.0001265950982377,0.2434423739112821,1,1_clone,1_clone,1_clone,1_clone,1_clone,1_clone,do9429,ERX2037954,91618,Male,N2,87100;87181,87450,DEN,0.8256094106,0.1720729134,0.0003864142,0.0019312619,0.997166200436145,DN,High,Macro,,8.1,52331,792,11.5226252106473,16,79,0,0,0,0,62.7717356910363,Hras,7:145859242_T/C,Hras,7:145859242_T/C,C3H,one_tumour,0,Asymmetric,2,2,2,2
91618_N3,0.0572234266622589,0.126432123565951,0.2778127267587337,0,0,20,0.0,0.0,1.0,0,0,48597,0.0,0.0,1.0,0.9746402676447308,0.6517963006933547,0.4987110075975915,0.3757468807312453,0.0291640521771339,17,0,20,0,10,0.3617021276595745,0.0,0.425531914893617,0.0,0.2127659574468085,7795,0,20993,0,8528,0.208891628255976,0.0,0.5625736949297888,0.0,0.2285346768142351,2,Good,4.9904703312928715,4.060231109212573,0.004585945647120905,0.0,one_tumour,do9430,ERX2035281,91618,Male,N3,87100;87181,87450,DEN,0.8366740624,0.1623472657,0.0007169209,0.000261751,0.998063747292069,DN,High,Macro,,5.3,48597,509,10.7004455745509,18,79,0,0,0,0,41.790833655939,Braf,6:37548568_A/T,Braf,6:37548568_A/T,C3H,one_tumour,0,Asymmetric,1,1,1,1
91619_N1,0.0495825235493183,0.1332713043068246,0.2174374955988752,0,21,12,0.0,0.6363636363636364,0.3636363636363636,0,55359,22974,0.0,0.7067136455899813,0.2932863544100187,0.9697335404014132,0.6557377413127756,0.4970470182272955,0.3503879556446279,0.0288744240678766,17,3,29,2,20,0.2394366197183098,0.0422535211267605,0.4084507042253521,0.028169014084507,0.2816901408450704,23622,134,26681,30,11848,0.3790740592152772,0.0021503650806386,0.4281633635561261,0.0004814250180534,0.1901307871299045,1,1_clone,1_clone,1_clone,1_clone,1_clone,1_clone,do9431,ERX2037589,91619,Male,N1,87100;87181,87450,DEN,0.8965950848,0.1025883896,0.0006741094,0.0001424162,0.999121543421387,DN,High,,,9.4,78331,905,17.2474968063903,37,79,5,1041276,3,2,55.2845824373765,Hras,7:145859242_T/C,Hras,7:145859242_T/C,C3H,one_tumour,0,Asymmetric,1,1,1,1
91620_N1,0.034828739427612,0.071100452785885,0.1218116588234893,15,20,11,0.3260869565217391,0.4347826086956521,0.2391304347826087,31120,26296,10524,0.458051221666176,0.3870473947600824,0.1549013835737415,0.9652729915523574,0.6806084076701834,0.5015945858682329,0.3507448839156776,0.0316647433803456,16,0,24,1,13,0.2962962962962963,0.0,0.4444444444444444,0.0185185185185185,0.2407407407407407,12171,0,24756,15,16218,0.2289503386004514,0.0,0.4656884875846501,0.0002821670428893,0.305079006772009,1,1_clone,1_clone,1_clone,1_clone,1_clone,1_clone,do9432,ERX2022516,91620,Male,N1,87100;87181,87450,DEN,0.8720922519,0.1272640153,0.0002837588,0.000359974,0.998025051961226,DN,High,Macro,,6.6,67937,573,14.9588692923075,27,59,0,0,0,0,52.082354170585,Hras,7:145859242_T/C,Hras,7:145859242_T/C,C3H,one_tumour,0,Asymmetric,2,2,3,3
91620_N3,0.0400852792871841,0.0801300227574992,0.1343151230738942,1,19,10,0.0333333333333333,0.6333333333333333,0.3333333333333333,36,49696,15813,0.0005492409794797,0.7581966587840415,0.2412541002364787,0.9294225711217006,0.6387045491639817,0.5102396733608113,0.3304338113474523,0.0693091591884567,22,0,33,4,23,0.2682926829268293,0.0,0.4024390243902439,0.048780487804878,0.2804878048780488,10262,0,26569,71,16905,0.1907186797256862,0.0,0.4937833367405728,0.0013195309160518,0.3141784526176892,2,Bad,0.0,0.0,0.0,0.0,mixture_tumours,do9714,ERX2037169,91620,Male,N3,87100;87181,87450,DEN,0.920051648,0.037486137,0.041337389,0.001124826,0.995846866540371,DN,High,Mixed,1.0,7.4,65544,988,14.4319609181301,42,67,0,0,0,0,49.3572981260727,Braf,6:37548568_A/T,Braf,6:37548568_A/T,C3H,one_tumour,0,Asymmetric,1,1,1,1
91620_N4,0.036613358841217,0.0799864631168708,0.1480331126855861,25,26,8,0.423728813559322,0.4406779661016949,0.135593220338983,49056,36918,6063,0.5330030313895499,0.4011212881775807,0.0658756804328693,0.9794090553154186,0.6820189334067605,0.50471244681718,0.3149160481184279,0.0220902287993017,15,0,28,1,21,0.2307692307692307,0.0,0.4307692307692308,0.0153846153846153,0.3230769230769231,12450,0,21812,4,14868,0.2533886921480034,0.0,0.4439288476411446,8.141002157365571e-05,0.3026010501892783,1,1_clone,1_clone,1_clone,1_clone,1_clone,1_clone,do9715,ERX2037921,91620,Male,N4,87100;87181,87450,DEN,0.2230118694,0.7763937681,0.0001720904,0.0004222721,0.992603165456227,DN,High,Mixed,1.0,8.1,92037,1101,20.2653848868231,36,79,3,233080,1,2,55.6467369369328,Braf,6:37548568_A/T,Braf,6:37548568_A/T,C3H,one_tumour,0,Asymmetric,3,3,3,3
91620_N5,0.0309731956452786,0.0850070565579178,0.1424098268851396,20,18,3,0.4878048780487805,0.4390243902439024,0.073170731707317,44646,23110,3069,0.6303706318390399,0.3262972114366396,0.0433321567243205,0.970889983440112,0.6403845446260459,0.4982441051242732,0.3265287596451887,0.029845111786629,19,0,18,2,17,0.3392857142857143,0.0,0.3214285714285714,0.0357142857142857,0.3035714285714285,16490,0,25766,62,12460,0.3010332615283508,0.0,0.470371316952061,0.0011318412501369,0.2274635802694512,1,1_clone,1_clone,1_clone,1_clone,1_clone,1_clone,do9716,ERX2035270,91620,Male,N5,87100;87181,87450,DEN,0.8543803656,0.1443130618,0.0010367029,0.0002698696,0.998844355975302,DN,High,Mixed,1.0,5.4,70823,589,15.594330039435,25,49,1,76067,0,1,52.0409324679698,Hras,7:145859242_T/C,Hras,7:145859242_T/C,C3H,one_tumour,0,Asymmetric,3,3,3,3
91620_N6,0.0612353228212419,0.10468349637825,0.2018658753916138,0,18,19,0.0,0.4864864864864865,0.5135135135135135,0,20132,31734,0.0,0.3881540893841823,0.6118459106158177,0.9782442541632088,0.6200418842980997,0.5083505805535575,0.3458888407424245,0.0221296651171854,19,0,25,0,15,0.3220338983050847,0.0,0.423728813559322,0.0,0.2542372881355932,8991,0,21251,0,8760,0.2305266396595046,0.0,0.5448694938721091,0.0,0.2246038664683862,2,Good,3.3190873039909072,3.412017568451547,0.07820337238413426,0.03629273381935697,one_tumour,do9717,ERX2023306,91620,Male,N6,87100;87181,87450,DEN,0.810760598,0.17529099,0.001253371,0.012695041,0.994683127357021,DN,High,Macro,,5.7,51864,692,11.4197977092929,28,79,0,0,0,0,43.6965956643814,Braf,6:37548568_A/T,Braf,6:37548568_A/T,C3H,one_tumour,0,Asymmetric,1,1,1,1
91620_N7,0.0444172967034767,0.1451771575813063,0.2139843139605698,0,15,17,0.0,0.46875,0.53125,0,19930,26927,0.0,0.4253366626117763,0.5746633373882237,0.9750453051574788,0.6416081704398925,0.5109940411560242,0.3560015084720578,0.0251331487073118,10,0,27,0,17,0.1851851851851851,0.0,0.5,0.0,0.3148148148148148,7578,0,17180,0,10241,0.2165204720134861,0.0,0.4908711677476499,0.0,0.2926083602388639,2,Good,4.0727773346986815,3.067668389380811,0.0,0.01588137879180782,one_tumour,do9718,ERX2037565,91620,Male,N7,87100;87181,87450,DEN,0.789311982,0.200108122,0.008714006,0.00186589,0.997278774556004,DN,High,Macro,,4.8,46856,560,10.3170993650052,25,79,4,2768503,3,1,49.6631196692853,Braf,6:37548568_A/T,Braf,6:37548568_A/T,C3H,one_tumour,0,Asymmetric,1,1,1,1
91622_N1,0.0262466783729287,0.0720877870608937,0.1265401721295908,3,20,15,0.0789473684210526,0.5263157894736842,0.3947368421052631,2670,41946,23255,0.0393393349147647,0.6180253716609451,0.3426352934242902,0.9752383729500456,0.6558585714045039,0.496467242865647,0.30219730009701,0.023617773925345,18,1,22,0,14,0.3272727272727272,0.0181818181818181,0.4,0.0,0.2545454545454545,13836,53,29189,0,10122,0.2600751879699248,0.0009962406015037,0.5486654135338346,0.0,0.1902631578947368,2,Good,3.5810936115793353,4.737679086567598,0.046300172399047525,0.0,one_tumour,do9434,ERX2037596,91622,Male,N1,87100;87181,87450,DEN,0.8862020605,0.1128777127,0.0001579092,0.0007623176,0.997599280199096,DN,High,Mixed,,7.7,67869,805,14.9438965512109,26,79,0,0,0,0,42.7819030134288,Hras,7:145859242_T/C,Hras,7:145859242_T/C,C3H,one_tumour,0,Asymmetric,2,2,1,1
91831_N1,0.0317673170535341,0.0568833366332093,0.0716642449804928,22,8,0,0.7333333333333333,0.2666666666666666,0.0,68927,8474,0,0.8905182103590393,0.1094817896409607,0.0,0.9423582489508906,0.6302670332254838,0.5056345538746767,0.3641869912387293,0.0578057557745794,15,4,38,1,27,0.1764705882352941,0.0470588235294117,0.4470588235294118,0.0117647058823529,0.3176470588235294,12412,68,30362,54,16006,0.2107228956571933,0.0011544599504261,0.5154663678652678,0.000916777019456,0.2717394995076568,1,1_clone,1_clone,1_clone,1_clone,1_clone,1_clone,do12332,ERX2037955,91831,Male,N1,84395,79969,DEN,0.854183887,0.128327703,0.002144831,0.015343578,0.996050789833646,DN,High,,1.0,3.407,77400,1464,17.054294140504,51,79,9,109172810,8,1,47.0926578016053,Braf,6:37451282_A/T,Braf,6:37548568_A/T,CAST,one_tumour,0,Asymmetric,4,4,5,5
91832_N1,0.0396867810358521,0.0765936729449135,0.1227172545237091,10,20,1,0.3225806451612903,0.6451612903225806,0.032258064516129,11993,28672,1060,0.2874295985620131,0.6871659676452966,0.0254044337926902,0.9639285372417734,0.6155061874309252,0.4916523622373293,0.3903748535593527,0.0337402436432582,20,0,33,1,24,0.2564102564102564,0.0,0.4230769230769231,0.0128205128205128,0.3076923076923077,8322,0,13755,27,7153,0.2844447482653724,0.0,0.470143897186998,0.0009228560686331,0.2444884984789964,2,Good,2.7498342579992325,1.8776611215549959,0.05434671059383248,0.03651817509910636,one_tumour,do12333,ERX2037595,91832,Male,N1,84395,79969,DEN,0.71813989,0.22412772,0.01623386,0.04149854,0.99592228452599,DN,High,Macro,1.0,2.291,41724,1208,9.19345437620656,44,79,4,53392800,1,3,51.6697698907428,Egfr,11:14178863_T/A,Egfr,11:14185624_T/A,CAST,one_tumour,0,Asymmetric,3,2,3,2
91835_N2,0.0851510347529058,0.1909260712104771,0.2794757796075934,0,11,21,0.0,0.34375,0.65625,0,12408,28910,0.0,0.3003049518369717,0.6996950481630282,0.9676043478019908,0.6566022523172418,0.498577746083609,0.3521309797674395,0.029819867544656,11,0,20,1,10,0.2619047619047619,0.0,0.4761904761904761,0.0238095238095238,0.238095238095238,5497,0,16871,141,9947,0.1693677594281488,0.0,0.5198114370224304,0.0043443431106729,0.3064764604387478,2,Good,6.009555928235126,3.498657326702215,0.040937360589917864,0.0056799034931742575,one_tumour,do9437,ERX2037608,91835,Male,N2,87414,87448,DEN,0.8784992282,0.1159230411,0.0002743435,0.0053033872,0.996654284444777,DN,High,Macro,,4.4,41316,967,9.09726134037381,12,65,1,105056,1,0,47.0484057679607,Hras,7:145859242_T/C,Hras,7:145859242_T/C,C3H,one_tumour,0,Asymmetric,1,1,1,1
91837_N1,0.0471103252498293,0.1435336332681186,0.2394897903346898,0,16,21,0.0,0.4324324324324324,0.5675675675675675,0,18304,35300,0.0,0.3414670546974106,0.6585329453025893,0.9683134339664096,0.6186268961045447,0.51064025006533,0.3090782810987027,0.0306728067478328,20,1,23,2,11,0.3508771929824561,0.0175438596491228,0.4035087719298245,0.0350877192982456,0.1929824561403508,17757,28,12716,24,10990,0.4277249187040828,0.0006744550162591,0.3062989280982777,0.0005781042996507,0.2647235938817295,2,Bad,2.0986426051330467,2.4525477038428494,0.02369036606084482,0.014797380185622962,one_tumour,do9438,ERX2022594,91837,Male,N1,87866;87867,84995,DEN,0.8547280808,0.1444386303,0.0005766809,0.0002566081,0.999042511346965,DN,High,Macro,,5.0,53604,744,11.8029237314696,21,79,4,408345,4,0,68.9107541252793,Hras,7:145859242_T/C,Hras,7:145859242_T/C,C3H,one_tumour,0,Asymmetric,1,1,1,1
91837_N2,0.0528609425121727,0.1188641324094006,0.1633114427606395,0,3,20,0.0,0.1304347826086956,0.8695652173913043,0,4368,75134,0.0,0.0549420140373827,0.9450579859626173,0.9763156554552216,0.6283931483759977,0.4898175574451351,0.3842710348192762,0.0254224331964863,20,1,27,3,17,0.2941176470588235,0.0147058823529411,0.3970588235294117,0.0441176470588235,0.25,6682,1283,19772,54,10427,0.17483908106128,0.0335705688419069,0.5173478465644461,0.0014129467790046,0.2728295567533623,2,Good,5.518572532299888,3.8614197635126755,0.02235132497415574,0.0012081423773935447,one_tumour,do9439,ERX2037468,91837,Male,N2,87866;87867,84995,DEN,0.08392293,0.908444,0.00754015,9.295023e-05,0.992868299161554,DN,High,Mixed,,7.1,79502,677,17.5053362155678,35,79,8,31513476,8,0,43.7522727837578,Hras,7:145859242_T/A,Hras,7:145859242_T/A,C3H,one_tumour,0,Asymmetric,1,1,1,1
91837_N5,0.0370471021588032,0.130824194650019,0.214209924659873,0,0,20,0.0,0.0,1.0,0,0,72559,0.0,0.0,1.0,0.9809026098817328,0.6408606195447119,0.5138196455451396,0.3439498162142858,0.0198704302849244,15,1,15,1,17,0.3061224489795918,0.0204081632653061,0.3061224489795918,0.0204081632653061,0.3469387755102041,11812,6,21180,18,19556,0.2246823404093433,0.0001141291942478,0.4028760556950468,0.0003423875827436,0.3719850871186183,2,Good,4.506099059163177,2.6082594547998847,0.0037717877861708927,0.0014916116010393985,one_tumour,do9442,ERX2022543,91837,Male,N5,87866;87867,84995,DEN,0.721471778,0.251854153,0.026344985,0.000329084,0.996787117078698,DN,High,,,5.1,72558,928,15.9763551247663,14,79,3,693861,3,0,58.1805041635464,Braf,6:37548568_A/T,Braf,6:37548568_A/T,C3H,one_tumour,0,Asymmetric,1,1,1,1
91837_N6,0.0417821159001587,0.0848953192376024,0.1296396560797516,21,17,6,0.4772727272727273,0.3863636363636363,0.1363636363636363,38394,21041,4345,0.6019755409219191,0.3298996550642835,0.0681248040137974,0.9724198523850998,0.6292749035345248,0.4949412395592087,0.3646452626596964,0.0286414359244879,11,0,21,2,11,0.2444444444444444,0.0,0.4666666666666667,0.0444444444444444,0.2444444444444444,9488,0,29133,33,11174,0.1904150276952717,0.0,0.5846712691659308,0.0006622782371357,0.2242514249016617,1,1_clone,1_clone,1_clone,1_clone,1_clone,1_clone,do9443,ERX2035362,91837,Male,N6,87866;87867,84995,DEN,0.8718411841,0.1249892062,0.0024162959,0.0007533138,0.998723817896508,DN,High,Macro,1.0,7.6,63779,903,14.0433302117267,14,79,2,331327,2,0,40.6276761373233,Hras,7:145859242_T/A,Hras,7:145859242_T/A,C3H,one_tumour,0,Asymmetric,3,3,3,3
91838_N2,0.0472621080637193,0.0953024740679901,0.2373446704911943,2,31,34,0.0298507462686567,0.4626865671641791,0.5074626865671642,1454,43727,39092,0.0172534500967095,0.5188731859551695,0.463873363948121,0.9633959269359804,0.7048427270253668,0.4940788607561761,0.3415820145041944,0.0376913740127029,14,2,20,1,16,0.2641509433962264,0.0377358490566037,0.3773584905660377,0.0188679245283018,0.3018867924528302,15150,101,21294,54,11578,0.3144654088050314,0.0020964360587002,0.4419951429105174,0.0011208668036614,0.2403221454220893,2,Good,2.1186844549222816,2.3368742608335937,0.029525056928327142,0.006662597745400293,one_tumour,do9445,ERX2048039,91838,Male,N2,87866;87867,84995,DEN,0.3063190782,0.6934468515,0.0001821346,5.19357e-05,0.987460656133206,DN,High,Mixed,,6.1,84273,849,18.5558501533866,20,59,1,217000,1,0,53.4253465075912,Hras,7:145859242_T/C,Hras,7:145859242_T/C,C3H,one_tumour,0,Asymmetric,1,1,1,1
91838_N3,0.031628719863049,0.0724138156013564,0.133528508561962,12,16,14,0.2857142857142857,0.3809523809523809,0.3333333333333333,29081,22199,16929,0.4263513612573121,0.3254555850400973,0.2481930537025905,0.9642927345771024,0.6353412158939725,0.5045851180441777,0.3219231628851106,0.0359718581299268,10,0,21,0,17,0.2083333333333333,0.0,0.4375,0.0,0.3541666666666667,7099,0,31629,0,14933,0.1322934719815136,0.0,0.58942248560407,0.0,0.2782840424144164,1,1_clone,1_clone,1_clone,1_clone,1_clone,1_clone,do9446,ERX2037977,91838,Male,N3,87866;87867,84995,DEN,0.8834689157,0.1152466281,0.0004044409,0.0008800152,0.999160765230851,DN,High,Macro,,6.9,68208,745,15.0185400693246,21,79,1,217000,1,0,39.089980747652,Hras,7:145858922_C/A,Hras,7:145858922_C/A,C3H,one_tumour,0,Asymmetric,2,2,2,3
91838_N4,0.0621379817354356,0.1348787488627572,0.1811168582295456,0,0,20,0.0,0.0,1.0,0,0,35306,0.0,0.0,1.0,0.974953661313131,0.6336876025177278,0.4973684562125885,0.4017821040275375,0.028688221961554,21,1,31,0,18,0.2957746478873239,0.0140845070422535,0.4366197183098591,0.0,0.2535211267605634,6394,2,14454,0,6918,0.2302650532987611,7.202535292422933e-05,0.5205272255834054,0.0,0.2491356957649092,2,Good,4.202789595328431,3.5179960592371535,0.0010409684351061863,0.008156786458491643,one_tumour,do9447,ERX2023367,91838,Male,N4,87866;87867,84995,DEN,0.8885783701,0.0967508687,0.0004994041,0.0141713571,0.997063086772992,DN,High,Macro,1.0,5.3,35306,888,7.7739352522809,37,79,2,525822,2,0,45.2152699845266,Hras,7:145858922_C/A,Hras,7:145858922_C/A,C3H,one_tumour,0,Asymmetric,1,1,1,1
91838_N5,0.0332071780236527,0.1078760855910852,0.2199908995665264,0,0,20,0.0,0.0,1.0,0,0,34392,0.0,0.0,1.0,0.973171204250784,0.6400661070557566,0.4964173410882252,0.3982146561251695,0.0263580523291091,21,0,31,0,17,0.3043478260869565,0.0,0.4492753623188406,0.0,0.2463768115942029,6199,0,14113,0,6778,0.2288298265042451,0.0,0.5209671465485419,0.0,0.2502030269472129,2,Good,4.113025351847444,3.4425520993438883,0.02491095156957493,0.029938931144163683,one_tumour,do12488,ERX2048025,91838,Male,N5,87866;87867,84995,DEN,0.8922975354,0.0964225458,0.0004845557,0.010795363,0.997184043455688,DN,High,Macro,1.0,6.3,34391,762,7.57246380958456,37,79,3,456122,3,0,45.1653526387781,Hras,7:145858922_C/A,Hras,7:145858922_C/A,C3H,one_tumour,0,Asymmetric,1,1,1,1
91839_N2,0.0808068203955544,0.1757818923106784,0.2445048546351006,0,12,22,0.0,0.3529411764705882,0.6470588235294118,0,18392,50203,0.0,0.26812449887018,0.7318755011298199,0.9592175757605969,0.6629211965922808,0.5035495369356054,0.3030165755499873,0.0336619637790401,15,0,34,0,22,0.2112676056338028,0.0,0.4788732394366197,0.0,0.3098591549295774,10224,0,28994,0,15645,0.1863551027103877,0.0,0.5284800320799081,0.0,0.2851648652097042,2,Good,5.0121584295923185,3.4664931771661736,0.02223808496156975,0.01064050880370202,one_tumour,do9450,ERX2022524,91839,Male,N2,87866;87867,84995,DEN,0.9120616599,0.0873243266,0.0002598666,0.000354147,0.998485801037999,DN,Low,Macro,,5.0,68594,986,15.1035323937845,39,79,3,471009,2,1,46.7169002127246,Hras,7:145859242_T/C,Hras,7:145859242_T/C,C3H,one_tumour,0,Asymmetric,1,1,1,1
91839_N3,0.0458105395435581,0.0922538443319482,0.152163675615926,13,21,22,0.2321428571428571,0.375,0.3928571428571428,16828,26792,23129,0.2521086458224093,0.4013842904013543,0.3465070637762363,0.966101349075779,0.6314211105610343,0.4997358785848508,0.3602014170892942,0.0309285801490735,20,3,38,2,16,0.2531645569620253,0.0379746835443038,0.4810126582278481,0.0253164556962025,0.2025316455696202,11534,220,34952,125,9385,0.2051729045111712,0.0039134765902945,0.6217446990180732,0.0022235662444855,0.1669453536359755,1,1_clone,1_clone,1_clone,1_clone,1_clone,1_clone,do9451,ERX2035306,91839,Male,N3,87866;87867,84995,DEN,0.9663339,0.03341323,0.0001638958,8.894086e-05,0.991530379500319,DN,High,Macro,1.0,4.0,66749,1113,14.6972866978558,46,79,3,414500,2,1,35.76122184155,Hras,7:145859242_T/C,Hras,7:145859242_T/C,C3H,one_tumour,0,Asymmetric,2,2,2,2
91842_N1,0.0017577249641027,0.1233006471589792,0.2377329571359096,0,0,20,0.0,0.0,1.0,0,0,88115,0.0,0.0,1.0,0.974799074300116,0.7529226745928551,0.5033019030195778,0.3511828632049609,0.0220049369161507,16,2,29,3,20,0.2285714285714285,0.0285714285714285,0.4142857142857143,0.0428571428571428,0.2857142857142857,12773,78,28862,1731,16387,0.213484648426401,0.0013036720094934,0.4823920709999832,0.0289314903645267,0.2738881181995955,2,Good,5.036184294251093,3.4673140179844917,0.0,0.007185445920571759,one_tumour,do9452,ERX2037463,91842,Male,N1,87866;87867,84995,DEN,0.601934881,0.3892506984,0.0003076162,0.0085068044,0.996456617767925,DN,High,,1.0,6.2,88114,746,19.4015898379731,37,79,3,105623866,1,2,49.4767356682903,Braf,6:37548568_A/T,Braf,6:37548568_A/T,C3H,one_tumour,0,Asymmetric,1,1,1,1
91842_N3,0.0411250284961883,0.142178595773238,0.208768842524758,0,1,20,0.0,0.0476190476190476,0.9523809523809524,0,72,80132,0.0,0.0008977108373647,0.9991022891626352,0.9752246427912378,0.6600489407314989,0.5028291266896738,0.364053941950085,0.0229672839645604,20,2,21,2,13,0.3448275862068966,0.0344827586206896,0.3620689655172414,0.0344827586206896,0.2241379310344827,15636,503,27711,3873,11524,0.2639120968150286,0.008489881344203,0.4677198845511165,0.0653703985011899,0.1945077387884618,2,Good,3.8819136899706375,5.547064480850785,0.0006166397535445155,0.014739219326084912,one_tumour,do9454,ERX2037950,91842,Male,N3,87866;87867,84995,DEN,0.8016186893,0.185229492,0.0001352407,0.013016578,0.996620068595237,DN,High,Macro,,7.1,80204,746,17.6599077486529,25,79,2,105623866,1,1,45.9912805782154,Braf,6:37548568_A/T,Braf,6:37548568_A/T,C3H,one_tumour,0,Asymmetric,1,1,1,1
91842_N4,0.0391145318993552,0.0952580891684867,0.1934815408568796,0,0,20,0.0,0.0,1.0,0,0,26150,0.0,0.0,1.0,0.9788402227894136,0.5825130387783236,0.506356269405527,0.330748224723507,0.0260952286576556,12,0,14,1,8,0.3428571428571428,0.0,0.4,0.0285714285714285,0.2285714285714285,7106,0,5741,1080,4170,0.3926617671437254,0.0,0.3172349008122893,0.0596783997347626,0.2304249323092225,2,Good,2.5511205234186525,4.824421079154599,0.007202576798511354,0.0,one_tumour,do9455,ERX2022606,91842,Male,N4,87866;87867,84995,DEN,0.672196162,0.293014331,0.005590112,0.029199395,0.995132994926794,DN,High,Mixed,2.0,8.5,26150,814,5.75789970110309,10,79,2,105623866,1,1,66.1087389139911,Kras;Braf,6:37548568_A/T,Braf,6:37548568_A/T,C3H,one_tumour,0,Asymmetric,1,1,1,1
91842_N5,0.0620907555880159,0.190374799924414,0.2455495417630147,0,1,20,0.0,0.0476190476190476,0.9523809523809524,0,3,49542,0.0,6.0551014229488346e-05,0.9999394489857704,0.9751755858389336,0.6549758249530658,0.505089160914978,0.3845381710412826,0.0302344717942446,16,2,20,0,7,0.3555555555555555,0.0444444444444444,0.4444444444444444,0.0,0.1555555555555555,8839,40,22628,0,4913,0.2426963207029105,0.00109829763866,0.6213069741900055,0.0,0.1348984074684239,2,Good,3.8734318552839007,8.969655586813428,0.0,0.004407440777692167,one_tumour,do9456,ERX2037908,91842,Male,N5,87866;87867,84995,DEN,0.7601732539,0.2310910619,0.0002999698,0.0084357144,0.996649554487508,DN,High,Micro,,8.8,49545,778,10.9091832004265,15,67,3,731866,0,3,36.7029830758644,Braf,6:37548568_A/T,Braf,6:37548568_A/T,C3H,one_tumour,0,Asymmetric,1,1,1,1
91864_N1,0.0189933974120507,0.0762037070405656,0.1588312163367321,4,7,24,0.1142857142857142,0.2,0.6857142857142857,1558,9102,40815,0.0302671199611461,0.1768237008256435,0.7929091792132102,0.921492925105759,0.6312939873067316,0.4954185149555513,0.3624796045209157,0.0829235615582679,17,0,20,0,10,0.3617021276595745,0.0,0.425531914893617,0.0,0.2127659574468085,15259,0,18674,0,7645,0.366996969551205,0.0,0.4491317523690413,0.0,0.1838712780797537,2,Bad,1.8436099029775845,2.6942962499130316,0.0,0.1266278815128092,one_tumour,do12338,ERX2037597,91864,Male,N1,87390,83858,DEN,0.936574167,0.041883558,0.003018747,0.018523527,0.991292718809008,DN,High,Mixed,1.0,4.617,51475,698,11.3419869623055,19,75,3,681485,1,2,54.4850245776618,Braf,6:37451282_A/T,Braf,6:37548568_A/T,CAST,one_tumour,0,Asymmetric,2,1,1,1
91928_N1,0.0513680016645157,0.1641658483508186,0.2346782374089666,0,3,21,0.0,0.125,0.875,0,2951,101396,0.0,0.028280640555071,0.9717193594449288,0.9272307394836368,0.6982463065991177,0.4889207391473029,0.2829836910530083,0.0743121461504169,17,1,23,2,21,0.265625,0.015625,0.359375,0.03125,0.328125,20448,87,31030,27,31343,0.2465545306565382,0.001049014288298,0.3741484294929764,0.0003255561584373,0.3779224694037499,2,Good,4.203937552084914,2.700910591570575,0.0005492142421102611,0.0015666681843008554,one_tumour,do12352,ERX2035371,91928,Male,N1,83993,79156,DEN,0.898255526,0.073816403,0.018858072,0.009069999,0.990941758735205,DN,High,,1.0,4.899,104347,815,22.9917885100668,33,79,0,0,0,0,61.3320614039888,Braf,6:37451282_A/T,Braf,6:37548568_A/T,CAST,one_tumour,0,Asymmetric,1,1,1,1
91928_N3,0.0033490189987757,0.1106894620943241,0.2486757692940618,1,0,20,0.0476190476190476,0.0,0.9523809523809524,15,0,24561,0.0006103515625,0.0,0.9993896484375,0.9591777409718188,0.6102953780766835,0.4959407289366399,0.3791184484406412,0.0407832936382349,14,2,13,0,16,0.3111111111111111,0.0444444444444444,0.2888888888888888,0.0,0.3555555555555555,6689,20,5464,0,6136,0.3653394505434486,0.0010923589491506,0.2984324649079687,0.0,0.335135725599432,2,Good,2.8383500141477502,2.7946110906637225,0.003191967810819904,0.0011666836069502847,one_tumour,do12354,ERX2048023,91928,Male,N3,83993,79156,DEN,0.78782618,0.17768239,0.02485089,0.00964054,0.99597866147811,DN,High,,2.0,5.766,24575,561,5.4148485594688,10,59,0,0,0,0,69.0308233911514,Egfr,11:14178863_T/A,Egfr,11:14185624_T/A,CAST,one_tumour,0,Asymmetric,1,1,1,1
91928_N4,0.0554594981356834,0.1053933505923474,0.158600608694326,11,24,18,0.2075471698113207,0.4528301886792453,0.3396226415094339,19273,54196,36954,0.1745379132970486,0.4908035463626237,0.3346585403403276,0.8782560050663356,0.7083425865215198,0.4944195290376469,0.2482020243759982,0.1247487451848212,25,3,27,1,12,0.3676470588235294,0.0441176470588235,0.3970588235294117,0.0147058823529411,0.1764705882352941,30004,296,35938,145,17307,0.3585135619548333,0.003536862229657,0.4294180905723503,0.0017325845381766,0.2067989007049826,2,Bad,1.7427188345155895,2.5972083244083195,0.04870743136516735,0.0,one_tumour*,do12356,ERX2037475,91928,Male,N4,83993,79156,DEN,0.79792899,0.0946946,0.08763726,0.01973915,0.993864517561865,DN,High,Macro,,5.406,110422,1498,24.3303522943505,33,59,0,0,0,0,55.9485147099134,Egfr;Braf,11:14178863_T/A;6:37464282_A/T,Egfr;Braf,11:14185624_T/A;6:37560437_A/T,CAST,one_tumour,0,Asymmetric,2,2,2,2
91930_N2,0.0357367634985309,0.0666470291806201,0.1152504251177233,22,6,6,0.6470588235294118,0.1764705882352941,0.1764705882352941,54972,6530,8882,0.7810297794953398,0.092776767447147,0.126193453057513,0.9741506998377018,0.6412811045793309,0.5044283002260399,0.2720736769135025,0.0273535984068866,16,0,19,1,9,0.3555555555555555,0.0,0.4222222222222222,0.0222222222222222,0.2,22560,0,19766,4,11414,0.4197677880321524,0.0,0.3677805894611491,7.442691277165823e-05,0.2123771955939267,1,1_clone,1_clone,1_clone,1_clone,1_clone,1_clone,do9458,ERX2037618,91930,Male,N2,87572,86567,DEN,0.833195633,0.15356944,0.010019651,0.003215276,0.997273878458935,DN,High,Macro,,5.5,70382,859,15.4972274096764,16,67,2,595261,0,2,61.3771790062913,Egfr;Braf;Braf,11:14221935_A/G;6:37548568_A/T;6:37647113_T/C,Egfr;Braf;Braf,11:14221935_A/G;6:37548568_A/T;6:37647113_T/C,C3H,one_tumour,0,Asymmetric,3,4,4,5
91931_N1,0.0186331731855991,0.0983064531332972,0.1856384550842445,17,22,10,0.3469387755102041,0.4489795918367347,0.2040816326530612,11522,21852,5387,0.2972575526947189,0.5637625448259849,0.1389799024792962,0.9761013598062463,0.6393461373295449,0.4973601966331353,0.3524906117375297,0.0248774091479157,15,2,23,1,18,0.2542372881355932,0.0338983050847457,0.3898305084745763,0.0169491525423728,0.3050847457627119,4521,59,10933,19,8392,0.188973415816753,0.0024661427854873,0.4569887978598896,0.0007941815749874,0.3507774619628824,2,Bad,2.8414096090390966,1.7485378996156253,0.10819152763711957,0.052999034617603004,one_tumour*,do9874,ERX2037624,91931,Male,N1,87572,86567,DEN,0.4210774909,0.5443019659,0.0341618766,0.0004586665,0.997967091210709,DN,High,Macro,1.0,8.8,38760,622,8.53446242503846,30,65,0,0,0,0,53.8583696258315,Hras,7:145859242_T/A,Hras,7:145859242_T/A,C3H,one_tumour,0,Asymmetric,2,2,2,2
91931_N2,0.0389775127497883,0.063765648129146,0.0958468179916239,16,7,7,0.5333333333333333,0.2333333333333333,0.2333333333333333,43655,12269,9232,0.6700073669347413,0.188301921542145,0.1416907115231137,0.9708743631280116,0.6951556731453394,0.4928346391193052,0.2783595926006086,0.0295868252375347,20,0,22,0,14,0.3571428571428571,0.0,0.3928571428571428,0.0,0.25,18525,0,16329,0,14946,0.3719879518072289,0.0,0.3278915662650602,0.0,0.3001204819277108,1,1_clone,1_clone,1_clone,1_clone,1_clone,1_clone,do9459,ERX2037577,91931,Male,N2,87572,86567,DEN,0.8411773539,0.1530898912,0.0005140391,0.0052187159,0.997858534213839,DN,High,Macro,1.0,4.4,65156,772,14.346528218932,27,79,1,102412,1,0,66.4830902076379,Braf,6:37548568_A/T,Braf,6:37548568_A/T,C3H,one_tumour,0,Asymmetric,3,3,3,4
91931_N4,0.0368421913803663,0.0929570525462878,0.1512669173170462,18,31,7,0.3214285714285714,0.5535714285714286,0.125,21098,40334,11496,0.2892990346643264,0.5530660377358491,0.1576349275998244,0.9800840831836708,0.6146940826213846,0.5007794220674983,0.2796814437106524,0.0217400189725505,22,0,32,0,22,0.2894736842105263,0.0,0.4210526315789473,0.0,0.2894736842105263,11265,0,20679,0,15998,0.2349714238037628,0.0,0.4313336948813149,0.0,0.3336948813149222,2,Good,2.239664184704573,2.411857069666818,0.01867447760474903,0.09223800894347822,one_tumour,do9461,ERX2037896,91931,Male,N4,87572,86567,DEN,0.5492425188,0.4463432134,0.0003104233,0.0041038444,0.996945873934758,DN,High,Micro,,6.9,72928,1015,16.0578244513211,42,79,0,0,0,0,55.0916972662039,Braf,6:37548568_A/T,Braf,6:37548568_A/T,C3H,one_tumour,0,Asymmetric,2,2,2,2
91931_N6,0.0494816363911304,0.1285890156756679,0.2026611643071151,0,1,21,0.0,0.0454545454545454,0.9545454545454546,0,1000,63818,0.0,0.0154278132617482,0.9845721867382518,0.9612752626460972,0.7027063361312216,0.4955461565203503,0.3383477535201202,0.04131323036977,19,0,24,1,12,0.3392857142857143,0.0,0.4285714285714285,0.0178571428571428,0.2142857142857142,18549,0,27078,11,5904,0.3598812618835125,0.0,0.5253579604982345,0.0002134181832292,0.1145473594350238,2,Good,2.8645340843760043,9.03990713685306,0.0032092390343243377,0.0,one_tumour,do9463,ERX2035265,91931,Male,N6,87572,86567,DEN,0.9037615766,0.0946680185,0.0002663755,0.0013040294,0.998692188902079,DN,High,Macro,,6.2,64817,1266,14.2718847008183,25,79,1,314129,0,1,45.6365859795081,Hras,7:145859242_T/C,Hras,7:145859242_T/C,C3H,one_tumour,0,Asymmetric,1,1,1,1
91932_N3,0.048228863756747,0.1241691322817913,0.1997303593578156,0,0,20,0.0,0.0,1.0,0,0,36224,0.0,0.0,1.0,0.977879724920219,0.630588077454729,0.5023639796511506,0.3697153759482801,0.026931361684885,14,0,19,1,13,0.2978723404255319,0.0,0.4042553191489361,0.0212765957446808,0.2765957446808511,6013,0,15660,24,5024,0.2250290034055611,0.0,0.5860559110811722,0.0008981699786684,0.1880169155345982,2,Good,4.460189851232015,5.904407163194343,0.0,0.015543178342915234,one_tumour,do9783,ERX2037971,91932,Male,N3,87572,86567,DEN,0.77364979,0.1975624,0.01864254,0.01014528,0.99683508678823,DN,High,Mixed,,5.0,36222,661,7.97562688234631,15,79,1,55095152,0,1,39.4940812519147,Egfr;Braf,11:14203870_T/A;6:37548568_A/T,Egfr;Braf,11:14203870_T/A;6:37548568_A/T,C3H,one_tumour,0,Asymmetric,1,1,1,1
91932_N4,0.0338826774369221,0.0599460312612718,0.0966487601614112,19,6,0,0.76,0.24,0.0,61540,8991,0,0.8725241383221563,0.1274758616778437,0.0,0.9763619792845486,0.694475395315403,0.5046823780978069,0.3182599270665185,0.0215538686347102,11,1,21,0,15,0.2291666666666666,0.0208333333333333,0.4375,0.0,0.3125,11876,33,16767,0,11277,0.2972492678897704,0.0008259705153555,0.4196681100292844,0.0,0.2822566515655895,1,1_clone,1_clone,1_clone,1_clone,1_clone,1_clone,do9875,ERX2037899,91932,Male,N4,87572,86567,DEN,0.304935131,0.694576308,0.0002694432,0.0002191179,0.996853332586517,DN,High,Mixed,,8.6,70530,770,15.5298151402983,19,59,0,0,0,0,57.3981328819636,Braf,6:37548568_A/T,Braf,6:37548568_A/T,C3H,one_tumour,0,Asymmetric,4,4,5,5
91932_N5,0.1523714458267155,0.1168268755550276,0.2634672473236629,0,0,20,0.0,0.0,1.0,0,0,54899,0.0,0.0,1.0,0.9412661574964888,0.6304344362660514,0.5029153778900666,0.3317090933990533,0.0633184839122247,19,0,23,1,11,0.3518518518518518,0.0,0.4259259259259259,0.0185185185185185,0.2037037037037037,16872,0,18529,7,10822,0.3649578195976639,0.0,0.4008003460956089,0.0001514168288989,0.2340904174778282,2,Good,2.6741375402620804,4.256914543787521,0.015866300231793907,0.004610712388653187,one_tumour,do9784,ERX2022541,91932,Male,N5,87572,86567,DEN,0.9600549224,0.039026303,0.000770394,0.0001483806,0.993652032552448,DN,High,Macro,,4.0,54896,616,12.0874058123042,22,67,1,11014596,0,1,58.3231225607598,Braf,6:37548568_A/T,Braf,6:37548568_A/T,C3H,one_tumour,0,Asymmetric,1,1,1,1
91932_N7,0.0243358148106059,0.0526432213697802,0.0893295446618775,20,8,0,0.7142857142857143,0.2857142857142857,0.0,62408,13584,0,0.8212443415096325,0.1787556584903674,0.0,0.9208830916457516,0.6448613547336701,0.501747763496202,0.3631748191033105,0.0838026173088817,2,0,21,0,1,0.0833333333333333,0.0,0.875,0.0,0.0416666666666666,39,0,64003,0,8,0.0006088992974238,0.0,0.9992661982825918,0.0,0.0001249024199843,2,Bad,0.0,0.0,0.0,0.0,mixture_tumours,do9786,ERX2037942,91932,Male,N7,87572,86567,DEN,0.9618873,0.03545643,0.002607284,4.900502e-05,0.992039099274048,DN,High,Mixed,1.0,8.4,75992,570,16.7324785501425,2,39,4,1136953,4,0,0.069065077009462,,,,,C3H,one_tumour,0,Symmetric,0,0,0,0
91942_N2,0.0335705860837446,0.0628290434197467,0.1093741995825342,12,15,5,0.375,0.46875,0.15625,19944,31445,7690,0.3375818818869649,0.5322534233822509,0.1301646947307842,0.9805374301914755,0.6546157499083213,0.502833712572348,0.3492628571353018,0.0212172284730511,22,0,29,0,15,0.3333333333333333,0.0,0.4393939393939394,0.0,0.2272727272727272,13127,0,18873,0,10900,0.305990675990676,0.0,0.4399300699300699,0.0,0.2540792540792541,1,1_clone,1_clone,1_clone,1_clone,1_clone,1_clone,do9787,ERX2037613,91942,Male,N2,87910;87911,86569,DEN,0.7324936461,0.265410927,0.0002831205,0.0018123064,0.995055959706937,DN,High,Mixed,1.0,5.2,59079,867,13.0084495771116,34,79,1,217000,1,0,54.2667652850434,Braf,6:37548568_A/T,Braf,6:37548568_A/T,C3H,one_tumour,0,Asymmetric,2,2,2,2
91942_N3,0.0562895297124541,0.0955686998714867,0.1516484746932064,0,15,21,0.0,0.4166666666666667,0.5833333333333334,0,24688,30663,0.0,0.4460262687214323,0.5539737312785676,0.9543654370067504,0.6772865379215366,0.4989210422772468,0.384748566134847,0.0414657323020878,17,0,25,1,16,0.288135593220339,0.0,0.423728813559322,0.0169491525423728,0.2711864406779661,7141,0,23181,27,15112,0.1570796946833549,0.0,0.509909592837817,0.0005939156639757,0.3324167968148523,1,1_clone,1_clone,1_clone,1_clone,1_clone,1_clone,do9877,ERX2037617,91942,Male,N3,87910;87911,86569,DEN,0.9331482461,0.0664448865,0.000296601,0.0001102663,0.997605009444524,DN,High,Macro,,4.0,55351,814,12.1875910652297,26,79,1,217000,1,0,48.0251400607868,Hras,7:145859242_T/C,Hras,7:145859242_T/C,C3H,one_tumour,0,Asymmetric,1,1,1,1
91943_N1,0.0388263955000745,0.0838160774945263,0.1941067579080924,13,23,21,0.2280701754385964,0.4035087719298245,0.3684210526315789,16542,6414,38407,0.2695761289376334,0.1045255284128872,0.6258983426494793,0.971250452738977,0.6761174316575929,0.5086640337286489,0.3941118465433975,0.0281980067436532,20,1,19,0,5,0.4444444444444444,0.0222222222222222,0.4222222222222222,0.0,0.1111111111111111,22657,45,21099,0,3005,0.4840618724095201,0.000961415203179,0.4507755415972311,0.0,0.0642011707900696,2,Good,1.5023934369880718,4.612437976437977,0.023062549485352336,0.0401012922970263,one_tumour*,do9878,ERX2037479,91943,Male,N1,87910;87911,86569,DEN,0.8411922049,0.1575414216,0.0005802121,0.0006861614,0.998076072372592,DN,High,Mixed,,11.5,61363,734,13.5113575280608,18,79,3,719307,3,0,53.3392022280495,Hras,7:145859242_T/C,Hras,7:145859242_T/C,C3H,one_tumour,0,Asymmetric,2,2,2,1
91943_N2,0.0166047357600093,0.0811328658070972,0.1701053131127477,17,21,9,0.3617021276595745,0.4468085106382978,0.1914893617021276,17394,23593,6653,0.3651133501259446,0.4952350965575147,0.1396515533165407,0.967671397411083,0.6430148261154288,0.5127453156096896,0.3351262417901504,0.0297970684992033,15,0,18,2,12,0.3191489361702128,0.0,0.3829787234042553,0.0425531914893617,0.2553191489361702,11258,0,14387,200,5048,0.3644191240734147,0.0,0.465704204836047,0.006473958501926,0.1634027125886123,2,Good,1.9093000261541309,3.954480163937605,0.0637780414112475,0.0,one_tumour,do9879,ERX2037948,91943,Male,N2,87910;87911,86569,DEN,0.4799259,0.51959,0.0003846199,9.943261e-05,0.986383187943907,DN,High,Macro,,6.2,47640,735,10.4897262623538,20,67,0,0,0,0,51.4873972398708,Hras,7:145859242_T/C,Hras,7:145859242_T/C,C3H,one_tumour,0,Asymmetric,2,2,2,2
91944_N1,0.0420703128291909,0.1483015283506245,0.2520005778130766,0,0,20,0.0,0.0,1.0,0,0,68675,0.0,0.0,1.0,0.967867816565454,0.6797083083432524,0.4938703163830873,0.3370721963288375,0.0341306861576129,12,0,27,3,22,0.1875,0.0,0.421875,0.046875,0.34375,9992,0,28048,86,18117,0.1776576640648614,0.0,0.4986931707056878,0.0015290791742972,0.3221200860551535,2,Good,6.6269684686300545,2.7692192094268284,0.011624921657315886,0.0013313739636611442,one_tumour,do9880,ERX2035353,91944,Male,N1,87910;87911,86569,DEN,0.9363068664,0.0634437011,0.0001364517,0.0001129808,0.995770590633798,DN,High,,,4.1,68674,622,15.1211473833099,35,67,4,699128,3,1,48.6820592650784,Hras,7:145859242_T/C,Hras,7:145859242_T/C,C3H,one_tumour,0,Asymmetric,1,1,1,1
91944_N2,0.0456987383447463,0.1554685489354975,0.2552189012551953,0,20,25,0.0,0.4444444444444444,0.5555555555555556,0,27424,32426,0.0,0.4582121971595655,0.5417878028404344,0.9730977943745314,0.6514514680404299,0.499778754967683,0.3568674004738132,0.0305598867190441,20,2,31,0,12,0.3076923076923077,0.0307692307692307,0.4769230769230769,0.0,0.1846153846153846,16802,97,21661,0,8914,0.35392004044319,0.0020432236592661,0.4562708008594178,0.0,0.1877659350381261,2,Good,2.7840230224700333,3.492122278761908,0.0,0.0,one_tumour,do9881,ERX2037620,91944,Male,N2,87910;87911,86569,DEN,0.8994032031,0.0994230072,0.000934373,0.0002394168,0.998096202679361,DN,High,Mixed,,6.5,59850,633,13.1782140386623,31,67,2,349749,1,1,52.5002709896061,Braf,6:37548568_A/T,Braf,6:37548568_A/T,C3H,one_tumour,0,Asymmetric,1,1,1,1
91945_N1,0.0355683121919925,0.1173781171821114,0.1959350720626479,17,29,10,0.3035714285714285,0.5178571428571429,0.1785714285714285,22160,26144,17504,0.336737174811573,0.3972769268174082,0.2659858983710187,0.967114291892474,0.6478297168729792,0.5068435807150129,0.2709106937199256,0.0302914061956567,13,0,20,2,11,0.2826086956521739,0.0,0.4347826086956521,0.0434782608695652,0.2391304347826087,16006,0,23092,15,11999,0.3131554233839411,0.0,0.4517921427453436,0.0002934731569885,0.2347589607137267,2,Good,2.1536961708330478,2.3656187739942003,0.023190057296215042,0.01847960287557869,one_tumour,do9710,ERX2037576,91945,Male,N1,87910;87911,86569,DEN,0.8608158917,0.1384669822,0.0005016795,0.0002154467,0.999176450931407,DN,High,Macro,1.0,6.1,65807,945,14.4898701961947,20,79,2,321393,2,0,53.6125633364545,Braf,6:37548568_A/T,Braf,6:37548568_A/T,C3H,one_tumour,0,Asymmetric,2,2,2,2
91948_N2,0.0567787642222878,0.1266627016487353,0.1889549081143899,0,0,20,0.0,0.0,1.0,0,0,58943,0.0,0.0,1.0,0.9608827132491136,0.6474017833542591,0.4966273697829313,0.2755449831515154,0.036905313004869,21,0,29,1,18,0.3043478260869565,0.0,0.4202898550724637,0.0144927536231884,0.2608695652173913,11410,0,28517,11,8807,0.23407528977331,0.0,0.585024105036414,0.0002256641706841,0.1806749410195917,2,Good,4.5129858710900415,5.513881952562067,0.0060156584526983164,0.015563371953366503,one_tumour,do9721,ERX2037952,91948,Male,N2,87910;87911,86569,DEN,0.9532575305,0.0457804158,0.0005775581,0.0003844956,0.994518236067029,DN,High,Macro,1.0,8.4,58941,935,12.9780637201804,35,79,1,217659,1,0,38.9032134860624,Hras,7:145859242_T/C,Hras,7:145859242_T/C,C3H,one_tumour,0,Asymmetric,1,1,1,1
91948_N4,0.0502664268017606,0.090717978035404,0.1533254898233947,1,26,15,0.0238095238095238,0.6190476190476191,0.3571428571428571,1534,74737,16665,0.0165059826116897,0.8041770680898683,0.1793169492984419,0.9714244481408324,0.6388403971400021,0.4999194185042684,0.3322534136038848,0.0279643739526725,16,0,28,0,13,0.2807017543859649,0.0,0.4912280701754385,0.0,0.2280701754385964,7109,0,32043,0,8339,0.1496915204986207,0.0,0.6747173148596576,0.0,0.1755911646417216,1,1_clone,1_clone,1_clone,1_clone,1_clone,1_clone,do12459,ERX2037609,91948,Male,N4,87910;87911,86569,DEN,0.1503013,0.8494797,0.0001385894,8.049801e-05,0.990385699762288,DN,High,Mixed,,7.7,92935,959,20.4631131442453,32,67,1,217000,1,0,30.9029193927728,Kras;Braf,6:37548568_A/T,Braf,6:37548568_A/T,C3H,one_tumour,0,Asymmetric,1,1,1,1
92057_N2,0.0470541740366001,0.121269114138079,0.1606190911798655,0,5,18,0.0,0.217391304347826,0.782608695652174,0,8410,47973,0.0,0.1491584342798361,0.8508415657201639,0.9582371305964832,0.6357864266232208,0.5057739495213533,0.2811430662646118,0.0407393612434215,11,0,23,2,20,0.1964285714285714,0.0,0.4107142857142857,0.0357142857142857,0.3571428571428571,9780,0,19886,27,16367,0.2123317412071211,0.0,0.4317412071211463,0.0005861919235779,0.3553408597481546,1,1_clone,1_clone,1_clone,1_clone,1_clone,1_clone,do12461,ERX2037488,92057,Male,N2,87917,87924,DEN,0.9306156172,0.0637563242,0.0054998584,0.0001282001,0.996563271701229,DN,High,Mixed,,7.5,56383,706,12.4148244301069,26,79,0,0,0,0,55.521044597789,Braf,6:37548568_A/T,Braf,6:37548568_A/T,C3H,one_tumour,0,Asymmetric,1,1,1,1
92057_N3,0.0571966530866696,0.104202518399337,0.1920781616335939,5,22,15,0.119047619047619,0.5238095238095238,0.3571428571428571,5475,25842,20364,0.1059383525860567,0.500029024206188,0.3940326232077553,0.976991643973104,0.6403569398919564,0.5032117049879893,0.3834609366907142,0.0237411651207808,15,0,24,0,17,0.2678571428571428,0.0,0.4285714285714285,0.0,0.3035714285714285,9589,0,20006,0,8161,0.2539728784828901,0.0,0.5298760461913339,0.0,0.216151075325776,1,1_clone,1_clone,1_clone,1_clone,1_clone,1_clone,do12462,ERX2037470,92057,Male,N3,87917,87924,DEN,0.767027883,0.219210947,0.000667115,0.013094055,0.996170563652052,DN,Low,Macro,,6.5,51681,490,11.3795034207537,26,59,2,409239,2,0,45.6776864142794,Kras,,,,C3H,one_tumour,0,Asymmetric,2,2,2,2
92058_N1,0.0361002614530663,0.1003455866965129,0.191626858264633,4,17,13,0.1176470588235294,0.5,0.3823529411764705,1315,13409,7667,0.0587289535974275,0.5988566834889018,0.3424143629136706,0.966995557279516,0.7377560720256171,0.5016782984729977,0.4214055505106109,0.0373916691234982,14,2,28,0,20,0.21875,0.03125,0.4375,0.0,0.3125,3003,45,6752,0,4714,0.2069036792062835,0.0031004547333608,0.4652060079922833,0.0,0.3247898580680722,2,Good,2.704171023113701,2.547186197736113,0.059869714712570445,0.08526938354362941,one_tumour,do12463,ERX2037909,92058,Male,N1,87917,87924,DEN,0.461753058,0.419150265,0.117230928,0.001865749,0.99431987264231,DN,High,Micro,,9.1,22388,512,4.92955481867289,31,75,2,443326,2,0,52.901607384109,Hras,7:145859242_T/A,Hras,7:145859242_T/A,C3H,one_tumour,0,Asymmetric,2,2,2,2
92058_N2,0.0261569032178724,0.0627607542879027,0.108098502272556,6,21,0,0.2222222222222222,0.7777777777777778,0.0,3618,26851,0,0.1187436410778167,0.8812563589221832,0.0,0.9585753683514908,0.6179203437015782,0.5011095194291479,0.3521978094382139,0.0387118800337595,14,1,19,0,14,0.2916666666666667,0.0208333333333333,0.3958333333333333,0.0,0.2916666666666667,6689,132,12525,0,5432,0.2699572201146178,0.0053273064815562,0.5054887400113004,0.0,0.2192267333925256,1,1_clone,1_clone,1_clone,1_clone,1_clone,1_clone,do12464,ERX2035283,92058,Male,N2,87917,87924,DEN,0.9297250071,0.0679397351,0.0020822316,0.0002530262,0.998803525213081,DN,High,,,5.1,30468,882,6.70866876073457,15,59,8,898839,8,0,47.1333934353318,Hras,7:145859242_T/C,Hras,7:145859242_T/C,C3H,one_tumour,0,Asymmetric,2,2,2,2
92104_N4,0.0249506773048808,0.0715979738329549,0.1210406527312054,11,20,9,0.275,0.5,0.225,8792,23739,6174,0.2271541144554967,0.6133316109029842,0.1595142746415191,0.9721081462254194,0.6332119836841336,0.5057948301909069,0.3779969685036301,0.0344476253797584,12,1,22,1,17,0.2264150943396226,0.0188679245283018,0.4150943396226415,0.0188679245283018,0.320754716981132,3424,24,17022,7,8267,0.1191205121068744,0.0008349568605622,0.5921931533537433,0.0002435290843306,0.2876078485944893,2,Good,2.042326232952907,3.1598089716474327,0.04472873993423285,0.016464797486854706,one_tumour,do9722,ERX2037490,92104,Male,N4,87573,86567,DEN,0.771366794,0.218250845,0.002130525,0.008251836,0.998730376406017,DN,High,Micro,,3.7,38705,969,8.52235211973977,19,79,2,205509,2,0,39.7038946381211,Braf,6:37548568_A/T,Braf,6:37548568_A/T,C3H,one_tumour,0,Asymmetric,2,2,2,2
92105_N4,0.0459156013949288,0.1248979933930662,0.223834526009913,16,32,19,0.2388059701492537,0.4776119402985074,0.2835820895522388,17172,37153,19403,0.23291015625,0.5039198133680556,0.2631700303819444,0.9777252520311868,0.5906982339509659,0.4906044294836303,0.3440418473680218,0.0203909862727739,17,2,23,2,21,0.2615384615384615,0.0307692307692307,0.3538461538461538,0.0307692307692307,0.3230769230769231,12016,323,20840,70,12320,0.2636880335315675,0.0070881520331804,0.4573284469705282,0.0015361320195747,0.2703592354451491,2,Good,3.8949154623999744,2.305852908495881,0.01530714441992149,0.006415475656922795,one_tumour,do12471,ERX2035348,92105,Male,N4,87573,86567,DEN,0.4473687604,0.5474203718,0.0002926651,0.0049182026,0.998901636486923,DN,High,Mixed,,6.1,73728,639,16.2339743465747,30,67,1,304760,1,0,52.219599210324,Braf,6:37548568_A/T,Braf,6:37548568_A/T,C3H,one_tumour,0,Asymmetric,2,2,2,2
92105_N5,0.0556289760241617,0.121131892276747,0.1698043095136568,0,9,17,0.0,0.3461538461538461,0.6538461538461539,0,12075,17354,0.0,0.4103095585986612,0.5896904414013389,0.976613709332124,0.695953075208233,0.4940117077333624,0.3776420204646825,0.0226324570084872,10,1,13,0,11,0.2857142857142857,0.0285714285714285,0.3714285714285714,0.0,0.3142857142857143,4337,25,7426,0,7536,0.2244359345891119,0.0012937280066238,0.3842889670875595,0.0,0.3899813703167046,2,Good,4.770577483958779,2.153883786118506,0.019319786664894412,0.0,one_tumour,do9725,ERX2048042,92105,Male,N5,87573,86567,DEN,0.541713536,0.432442389,0.022219071,0.003625003,0.996848442307617,DN,High,Macro,,4.6,29429,711,6.47989408427391,7,79,0,0,0,0,59.4517808340136,Braf,6:37548568_A/T,Braf,6:37548568_A/T,C3H,one_tumour,0,Asymmetric,1,1,1,1
92105_N6,0.0529676270029354,0.1075194902151864,0.1904514910894044,1,22,11,0.0294117647058823,0.6470588235294118,0.3235294117647059,1009,39729,10950,0.0195209719857607,0.7686310168704535,0.2118480111437858,0.9681247680093286,0.642270164498574,0.4956549662950759,0.3620702812619413,0.0347843647927015,23,0,23,1,12,0.3898305084745763,0.0,0.3898305084745763,0.0169491525423728,0.2033898305084746,16541,0,18405,7,6605,0.3980220414841908,0.0,0.4428750180470667,0.0001684392896674,0.158934501179075,1,1_clone,1_clone,1_clone,1_clone,1_clone,1_clone,do9726,ERX2023350,92105,Male,N6,87573,86567,DEN,0.917275082,0.081361472,0.001163516,0.00019993,0.99915649822265,DN,High,Micro,,5.3,51687,583,11.3808245449681,28,67,1,309380,1,0,54.2686365713733,Braf,6:37548568_A/T,Braf,6:37548568_A/T,C3H,one_tumour,0,Asymmetric,1,1,1,1
92105_N7,0.0261874642935196,0.0620784773694127,0.1234434981264494,22,10,3,0.6285714285714286,0.2857142857142857,0.0857142857142857,31571,10585,507,0.7400089070154466,0.248107259217589,0.0118838337669643,0.9701251883806292,0.64832940102979,0.493128559381089,0.3094443782163798,0.0314407102729806,13,0,19,0,11,0.3023255813953488,0.0,0.4418604651162791,0.0,0.2558139534883721,10653,0,13519,0,7900,0.3321588924918932,0.0,0.4215203292591669,0.0,0.2463207782489399,1,1_clone,1_clone,1_clone,1_clone,1_clone,1_clone,do9727,ERX2037559,92105,Male,N7,87573,86567,DEN,0.813612555,0.179843938,0.001636927,0.00490658,0.997803295741525,DN,High,Macro,,5.8,42663,797,9.39385372650712,16,79,0,0,0,0,56.7885346775478,Hras,7:145859242_T/C,Hras,7:145859242_T/C,C3H,one_tumour,0,Asymmetric,3,3,4,4
92105_N8,0.0220540456570134,0.1252122512813505,0.2037925890048778,0,0,20,0.0,0.0,1.0,0,0,54019,0.0,0.0,1.0,0.9622718405160244,0.5980903641223995,0.5040121509191038,0.3738924220952051,0.0427395597781151,23,4,36,2,20,0.2705882352941176,0.0470588235294117,0.4235294117647059,0.0235294117647058,0.2352941176470588,14153,133,23737,31,6458,0.3179592020129403,0.0029879583033788,0.5332719266714594,0.0006964414090582,0.1450844716031631,2,Good,3.0463247366535167,7.175458981908064,0.002179021848722051,0.0,one_tumour,do9752,ERX2022560,92105,Male,N8,87573,86567,DEN,0.9510464141,0.0479159836,0.0003428815,0.0006947208,0.997003429970346,DN,High,Macro,,10.5,54019,705,11.8943014896324,52,79,0,0,0,0,43.8331842280525,Hras,7:145859595_C/A,Hras,7:145859595_C/A,C3H,one_tumour,0,Asymmetric,1,1,1,1
92186_N3,0.0356250127176335,0.1295381622600354,0.1977047898089323,0,0,20,0.0,0.0,1.0,0,0,46820,0.0,0.0,1.0,0.9790914433663098,0.6177010423749129,0.5036046466295422,0.3226308116136898,0.0216958334973608,19,0,33,2,22,0.25,0.0,0.4342105263157895,0.0263157894736842,0.2894736842105263,10082,0,14449,33,11549,0.2791792429319081,0.0,0.40010522526514,0.0009137983551629,0.3198017334477889,2,Good,3.577525365127312,3.0315829130422958,0.0006812306281794778,0.0,one_tumour,do9729,ERX2037504,92186,Male,N3,84408,87439,DEN,0.846367543,0.144263662,0.007726276,0.001642518,0.997566002927188,DN,High,Mixed,,6.1,46820,827,10.3091726197188,47,79,0,0,0,0,57.4198805140939,Braf,6:37548568_A/T,Braf,6:37548568_A/T,C3H,one_tumour,0,Asymmetric,1,1,1,1
92186_N7,0.020061629051294,0.0765242451382362,0.1491400563889562,15,26,9,0.3,0.52,0.18,16576,23979,7813,0.3427059212702613,0.4957616606020509,0.1615324181276877,0.962317908543394,0.6269934637936054,0.5114990965070847,0.355473334058264,0.0464893530538177,11,1,20,2,15,0.2244897959183673,0.0204081632653061,0.4081632653061224,0.0408163265306122,0.3061224489795918,11761,15,17296,96,11132,0.2918362282878411,0.0003722084367245,0.4291811414392059,0.0023821339950372,0.2762282878411911,1,1_clone,1_clone,1_clone,1_clone,1_clone,1_clone,do9733,ERX2035288,92186,Male,N7,84408,87439,DEN,0.9507061087,0.045259379,0.0039192587,0.0001152536,0.996653519123851,DN,High,Macro,,8.2,48368,697,10.6500226670346,17,79,0,0,0,0,56.3553203084761,Braf,6:37548568_A/T,Braf,6:37548568_A/T,C3H,one_tumour,0,Asymmetric,2,2,2,2
92187_N1,0.0389088969212458,0.1102918885963042,0.1925041878657558,21,33,10,0.328125,0.515625,0.15625,21766,42568,13084,0.2811490867756852,0.5498462889767237,0.169004624247591,0.97860167986977,0.635668038058181,0.4964921399748632,0.3618991009179746,0.0227646865310776,22,0,33,4,31,0.2444444444444444,0.0,0.3666666666666666,0.0444444444444444,0.3444444444444444,13325,0,28488,99,17284,0.225099668896547,0.0,0.4812487330225015,0.0016724102979931,0.2919791877829583,2,Bad,3.3549152169723566,2.8783726983092532,0.06156406222818774,0.05378654397428322,one_tumour,do9734,ERX2035329,92187,Male,N1,84408,87439,DEN,0.827641172,0.167174876,0.000373729,0.004810223,0.995430634434522,DN,High,Macro,1.0,5.7,77418,752,17.0464657384321,51,79,1,652148,0,1,50.5280111709531,Braf,6:37548568_A/T,Braf,6:37548568_A/T,C3H,one_tumour,0,Asymmetric,2,2,2,2
92187_N3,0.0411562930367507,0.0826748499574312,0.1171950842418154,1,20,0,0.0476190476190476,0.9523809523809524,0.0,13,89417,0,0.0001453650900145,0.9998546349099856,0.0,0.8588350250016826,0.6269958884550989,0.4997978197591169,0.3742714528919026,0.0989720647880107,1,1,22,0,2,0.0384615384615384,0.0384615384615384,0.8461538461538461,0.0,0.0769230769230769,14,134,70480,0,42,0.0001981038630253,0.001896136974671,0.9973114475732276,0.0,0.0005943115890759,2,Good,0.03599926590921845,0.0,4.479240931012791,3.1894703522056793,Symmetric,do9736,ERX2037172,92187,Male,N3,84408,87439,DEN,0.8862473,0.1135171,0.000161973,7.364057e-05,0.998656724093566,DN,High,Mixed,,6.9,89429,538,19.6911362282963,2,39,1,9897,1,0,0.0,Hras,7:145859242_T/A,Hras,7:145859242_T/A,C3H,one_tumour,0,Symmetric,0,0,0,0
92187_N4,0.0235627144987573,0.1000321972444829,0.1820915167974431,20,17,11,0.4166666666666667,0.3541666666666667,0.2291666666666666,16204,22084,7963,0.3503491816393159,0.477481567966098,0.172169250394586,0.9518040736641652,0.6383984721618412,0.5051936909625957,0.3941941856781937,0.0558593805813662,12,0,23,0,14,0.2448979591836734,0.0,0.4693877551020408,0.0,0.2857142857142857,8973,0,17457,0,12430,0.230905815748842,0.0,0.4492279979413278,0.0,0.3198661863098301,1,1_clone,1_clone,1_clone,1_clone,1_clone,1_clone,do9737,ERX2035254,92187,Male,N4,84408,87439,DEN,0.9602352508,0.038630146,0.0010049087,0.0001296945,0.99536464255996,DN,Low,Macro,1.0,7.1,46250,871,10.1836658193506,20,79,2,137357,0,2,53.672196887503,Egfr;Egfr;Egfr,11:14185624_T/A;11:14185717_T/A;11:14192591_T/C,Egfr;Egfr;Egfr,11:14185624_T/A;11:14185717_T/A;11:14192591_T/C,C3H,one_tumour,0,Asymmetric,2,3,2,2
92187_N5,0.0282578246632839,0.053596140361335,0.1084335890569651,19,13,3,0.5428571428571428,0.3714285714285714,0.0857142857142857,48982,17423,984,0.7268545311549363,0.2585436792354835,0.0146017896095802,0.8975167805542339,0.6318748858793795,0.5035034427052952,0.3726347176260777,0.0851144176649372,1,0,21,0,1,0.0434782608695652,0.0,0.9130434782608696,0.0,0.0434782608695652,5,0,55332,0,28,9.030976248532468e-05,0.0,0.9994039555675968,0.0,0.0005057346699178,2,Bad,0.0,0.0,0.0,0.0,mixture_tumours,do9738,ERX2037614,92187,Male,N5,84408,87439,DEN,0.9410390357,0.0570621809,0.0017952914,0.0001034919,0.996554393107991,DN,High,,2.0,7.0,67388,820,14.8379864266897,2,39,2,973407,0,2,0.0,Hras,7:145859242_T/A,Hras,7:145859242_T/A,C3H,one_tumour,0,Symmetric,0,0,0,0
92187_N6,0.0341150976119306,0.0637906044293739,0.151351357330152,8,23,0,0.2580645161290322,0.7419354838709677,0.0,11531,49897,0,0.1877156996809272,0.8122843003190727,0.0,0.933448760067538,0.6059151157263066,0.4997921449939526,0.3121692873640506,0.075467208719554,23,1,33,1,18,0.3026315789473684,0.0131578947368421,0.4342105263157895,0.0131578947368421,0.2368421052631578,11063,86,23222,69,11938,0.2385398249169865,0.0018543274828582,0.5007115442666782,0.0014877743757816,0.2574065289576954,2,Good,0.010349580288334844,0.020568121545884967,3.5070427670123987,3.712888928483931,Symmetric,do9739,ERX2037180,92187,Male,N6,84408,87439,DEN,0.80683039,0.17979793,0.01216784,0.00120383,0.996315459339738,DN,High,Mixed,,6.2,61427,750,13.525449519681,43,79,1,515664,0,1,47.1716928123443,Hras,7:145859242_T/A,Hras,7:145859242_T/A,C3H,one_tumour,0,Symmetric,0,0,0,0
92188_N1,0.0724817861384739,0.1062892129911256,0.1372471660322171,0,0,20,0.0,0.0,1.0,0,0,11876,0.0,0.0,1.0,0.8533115726494443,0.7037870744172254,0.5054734621568358,0.2350673521943906,0.1351373310148899,11,1,13,0,11,0.3055555555555556,0.0277777777777777,0.3611111111111111,0.0,0.3055555555555556,2254,55,4294,0,2577,0.2455337690631808,0.0059912854030501,0.467755991285403,0.0,0.280718954248366,2,Good,0.003298523545325324,0.04646468724138627,3.991501710347603,3.406750777325998,Symmetric,do9741,ERX2037906,92188,Male,N1,84408,87439,DEN,0.82602017,0.12939995,0.04341202,0.00116786,0.996690160442204,DN,High,Macro,,5.2,11876,750,2.61494519504016,4,67,2,335716,2,0,51.3901284171402,Hras,7:145859242_T/A,Hras,7:145859242_T/A,C3H,one_tumour,0,Symmetric,0,0,0,0
92188_N2,0.0391296111475495,0.1308329669103444,0.2275227102485686,16,27,16,0.2711864406779661,0.4576271186440678,0.2711864406779661,16243,25459,24966,0.243640127197456,0.3818773624527509,0.374482510349793,0.9711919854053116,0.7055010740023254,0.4986420159964838,0.3664949677885081,0.0317503941375345,22,0,27,0,9,0.3793103448275862,0.0,0.4655172413793103,0.0,0.1551724137931034,15902,0,28617,0,7732,0.3043386729440585,0.0,0.5476832979273124,0.0,0.1479780291286291,2,Good,2.0387331903845234,3.7008546970897656,0.0807478659356028,0.0,one_tumour,do9742,ERX2037594,92188,Male,N2,84408,87439,DEN,0.8811483371,0.1179135172,0.0006246097,0.0003135359,0.998683858075088,DN,High,Macro,1.0,5.1,66667,633,14.6792313335923,28,79,1,333516,1,0,43.382076242664,Hras,7:145859242_T/C,Hras,7:145859242_T/C,C3H,one_tumour,0,Asymmetric,2,2,2,2
92188_N3,0.0339628212691813,0.1004526749889554,0.1807787768585043,14,22,10,0.3043478260869565,0.4782608695652174,0.217391304347826,15891,23378,13006,0.3039885222381636,0.4472118603538976,0.2487996174079388,0.9800475113000467,0.6159322886391169,0.5043957998178212,0.3830110383250126,0.0220733513795991,14,0,22,1,14,0.2745098039215686,0.0,0.4313725490196078,0.0196078431372549,0.2745098039215686,9102,0,15059,12,9927,0.2669208211143695,0.0,0.4416129032258064,0.0003519061583577,0.2911143695014663,2,Good,2.090136437362847,2.6977926554421314,0.028739674297852253,0.1372420815692159,one_tumour,do12474,ERX2035346,92188,Male,N3,84408,87439,DEN,0.5138890815,0.4740831872,0.0117533922,0.0002743391,0.997789060114413,DN,Low,Macro,,5.0,52275,812,11.5102947179795,22,79,0,0,0,0,54.5325594432619,Hras,7:145859243_G/T,Hras,7:145859243_G/T,C3H,one_tumour,0,Asymmetric,2,2,2,2
92188_N4,0.0644436570824617,0.137204537923945,0.199793739562612,0,0,20,0.0,0.0,1.0,0,0,43042,0.0,0.0,1.0,0.9762056614277896,0.6311933547802775,0.5024428725295905,0.2908353069898444,0.0264834663150543,11,0,21,0,16,0.2291666666666666,0.0,0.4375,0.0,0.3333333333333333,4657,0,15447,0,13502,0.1385764446824971,0.0,0.4596500624888412,0.0,0.4017734928286615,2,Good,6.4030182087270875,2.3763865437905327,0.008445270204197743,0.01161615702410674,one_tumour,do9743,ERX2037972,92188,Male,N4,84408,87439,DEN,0.8664506361,0.1219679362,0.0109664813,0.0006149464,0.998987320170717,DN,Low,Macro,,5.9,43042,594,9.47730473938352,16,79,0,0,0,0,52.3807609094792,Hras,7:145859242_T/C,Hras,7:145859242_T/C,C3H,one_tumour,0,Asymmetric,1,1,1,1
92188_N5,0.0321782369361848,0.1217850298982509,0.1704718153713506,0,2,19,0.0,0.0952380952380952,0.9047619047619048,0,1543,52995,0.0,0.0282921999339909,0.971707800066009,0.9679565291889776,0.6657235450551463,0.4965840912772877,0.3749730496975274,0.0308216009366478,8,0,22,1,13,0.1818181818181818,0.0,0.5,0.0227272727272727,0.2954545454545454,8248,0,24083,78,10191,0.1936150234741784,0.0,0.5653286384976526,0.0018309859154929,0.239225352112676,2,Good,4.004984713683544,3.957356631251291,0.0,0.00932907520137736,one_tumour,do9776,ERX2037953,92188,Male,N5,84408,87439,DEN,0.8751324583,0.1241467806,0.0003807355,0.0003400256,0.999159691217791,DN,High,Mixed,,5.1,54538,733,12.0085787341782,16,79,0,0,0,0,41.5301999148895,Hras,7:145859242_T/C,Hras,7:145859242_T/C,C3H,one_tumour,0,Asymmetric,1,1,1,1
92188_N7,0.0317996758172698,0.062182361862553,0.0707874752573144,17,6,0,0.7391304347826086,0.2608695652173913,0.0,33901,8614,0,0.7973891567681994,0.2026108432318005,0.0,0.9441749487629356,0.6239497018557832,0.5036284255394604,0.3626413792472247,0.0706288465382037,15,2,24,0,17,0.2586206896551724,0.0344827586206896,0.4137931034482758,0.0,0.293103448275862,10264,163,17579,0,8086,0.2843843511027374,0.0045162362850493,0.4870608445084783,0.0,0.2240385681037349,1,1_clone,1_clone,1_clone,1_clone,1_clone,1_clone,do9745,ERX2022532,92188,Male,N7,84408,87439,DEN,0.9717402087,0.0277748721,0.0003543997,0.0001305195,0.993962208448415,DN,High,Mixed,,5.1,42515,474,9.36126599588519,24,43,3,1201892,3,0,48.5768037628932,Egfr,11:14185624_T/A,Egfr,11:14185624_T/A,C3H,one_tumour,0,Asymmetric,4,4,4,4
92189_N1,0.0330079049301299,0.1334981753475002,0.2183000343166145,1,0,20,0.0476190476190476,0.0,0.9523809523809524,9,0,56624,0.0001589179453675,0.0,0.9998410820546324,0.9676282529461332,0.6898812456304633,0.5039614280702446,0.3630656731978522,0.030638367389419,16,1,21,0,9,0.3404255319148936,0.0212765957446808,0.4468085106382978,0.0,0.1914893617021276,17818,60,19272,0,7713,0.3971647014243363,0.0013374049885206,0.429574482312819,0.0,0.171923411274324,2,Good,2.2684263221414738,6.749698831525663,0.010939121269749828,0.0,one_tumour,do9746,ERX2035366,92189,Male,N1,84408,87439,DEN,0.873402667,0.117607536,0.008877958,0.000111839,0.997517841754796,DN,High,,,7.1,56633,590,12.4698712723737,18,59,1,114854,0,1,55.9589217244415,Hras,7:145859242_T/C,Hras,7:145859242_T/C,C3H,one_tumour,0,Asymmetric,1,1,1,1
92189_N7,0.047963130425755,0.1180788561416676,0.1830905054744452,0,0,20,0.0,0.0,1.0,0,0,68554,0.0,0.0,1.0,0.9741892588059794,0.6413726819768916,0.5111288392908974,0.4035812894319927,0.0252569514297093,15,0,20,0,17,0.2884615384615384,0.0,0.3846153846153846,0.0,0.3269230769230769,14829,0,20067,0,15329,0.295251368840219,0.0,0.3995420607267297,0.0,0.3052065704330512,2,Good,3.3570614852788347,3.3622062187654094,0.0,0.0033141077573146916,one_tumour,do9749,ERX2037176,92189,Male,N7,84408,87439,DEN,0.767193551,0.2147431802,0.0002406006,0.0178226682,0.995714566869543,DN,High,Mixed,,4.3,68554,763,15.0947248990218,19,67,1,303449,1,0,58.7481603176902,Braf,6:37548568_A/T,Braf,6:37548568_A/T,C3H,one_tumour,0,Asymmetric,1,1,1,1
93091_N1,0.0327020781907136,0.0671349225974315,0.1193427820607178,1,20,1,0.0454545454545454,0.9090909090909092,0.0454545454545454,588,12258,22,0.0456947466583773,0.9525955859496426,0.0017096673919801,0.9420444450868964,0.5965604462692078,0.5022753364254678,0.3974406961827117,0.0494849959887637,13,0,23,1,5,0.3095238095238095,0.0,0.5476190476190477,0.0238095238095238,0.119047619047619,2791,0,5967,59,1299,0.2758995650454725,0.0,0.5898576512455516,0.0058323448003163,0.1284104389086595,1,1_clone,1_clone,1_clone,1_clone,1_clone,1_clone,do12475,ERX2023324,93091,Male,N1,88884,87925,DEN,0.88290233,0.1011397,0.01051639,0.00544158,0.996415876753202,DN,High,Mixed,,4.4,12868,622,2.83337106515467,12,79,2,511310,2,0,39.3239099929186,Hras,7:145859242_T/C,Hras,7:145859242_T/C,C3H,one_tumour,0,Asymmetric,1,1,1,1
93091_N2,0.0365072482840114,0.1271941823749449,0.1660493296580372,0,0,20,0.0,0.0,1.0,0,0,32790,0.0,0.0,1.0,0.847114862439785,0.6942845534971511,0.5031597042792145,0.32244667368773,0.0317727383054534,0,12,16,10,0,0.0,0.3157894736842105,0.4210526315789473,0.2631578947368421,0.0,0,8274,11594,3839,0,0.0,0.3490108406799679,0.4890538659467667,0.1619352933732653,0.0,2,Good,0.0,0.006687726737100324,2.874071304458403,5.880152429342648,Symmetric,do9755,ERX2037481,93091,Male,N2,88884,87925,DEN,0.725087936,0.247907188,0.025941264,0.001063612,0.994548601135115,DN,High,Macro,,5.3,32790,527,7.21994383170823,10,19,1,217659,1,0,46.7231280475975,Hras,7:145859242_T/A,Hras,7:145859242_T/A,C3H,one_tumour,0,Symmetric,0,0,0,0
93091_N3,0.0237188883807559,0.0665297292298011,0.114554175686004,1,19,0,0.05,0.95,0.0,1041,37017,0,0.0273529875453255,0.9726470124546744,0.0,0.9701459961538064,0.6946117316654252,0.5012463902393901,0.3742111278686829,0.0344230633611107,7,0,17,0,14,0.1842105263157894,0.0,0.4473684210526316,0.0,0.3684210526315789,3973,0,17994,0,8536,0.1302494836573451,0.0,0.5899091892600727,0.0,0.279841327082582,1,1_clone,1_clone,1_clone,1_clone,1_clone,1_clone,do12476,ERX2023383,93091,Male,N3,88884,87925,DEN,0.9123320495,0.084300562,0.0030970706,0.0002703178,0.998800381652383,DN,High,Mixed,,4.1,38058,765,8.3798908919534,12,79,10,981203,10,0,39.1832881856813,Hras,7:145859242_T/C,Hras,7:145859242_T/C,C3H,one_tumour,0,Asymmetric,2,2,1,1
93091_N4,0.021755204453573,0.0593543380324892,0.1066357038325509,25,13,7,0.5555555555555556,0.2888888888888888,0.1555555555555555,41873,18051,10499,0.5945926756883405,0.2563225082714454,0.1490848160402141,0.9724008304568652,0.7190085885677775,0.5029700024898668,0.3501284510673035,0.0287298200960506,14,1,26,0,21,0.2258064516129032,0.0161290322580645,0.4193548387096774,0.0,0.3387096774193548,10620,71,29712,0,13131,0.1983786005155602,0.0013262599469496,0.5550117682220644,0.0,0.2452833713154257,1,1_clone,1_clone,1_clone,1_clone,1_clone,1_clone,do9756,ERX2035315,93091,Male,N4,88884,87925,DEN,0.8343343231,0.1631736455,0.0002448423,0.0022471891,0.996845656985414,DN,High,Mixed,,3.7,70422,654,15.5060349044391,34,69,1,217659,1,0,42.507866655378,Braf,6:37548568_A/T,Braf,6:37548568_A/T,C3H,one_tumour,0,Asymmetric,3,3,3,3
93091_N6,0.0168005877482011,0.0557954982914752,0.0755759544555585,23,4,0,0.8518518518518519,0.1481481481481481,0.0,69221,4518,0,0.9387298444513758,0.0612701555486242,0.0,0.9663049118089873,0.6053170663031776,0.5050005343317153,0.3325924667474536,0.0283137898563132,8,0,24,1,24,0.1403508771929824,0.0,0.4210526315789473,0.0175438596491228,0.4210526315789473,11105,0,22651,77,20430,0.2046514199362364,0.0,0.4174299246263568,0.0014190147982971,0.3764996406391095,1,1_clone,1_clone,1_clone,1_clone,1_clone,1_clone,do9758,ERX2037489,93091,Male,N6,88884,87925,DEN,0.77041894,0.217075155,0.008550612,0.003955293,0.99668758533982,DN,High,Mixed,,3.4,73738,996,16.2361762202654,26,79,1,217659,1,0,56.8907724668971,Braf,6:37548568_A/T,Braf,6:37548568_A/T,C3H,one_tumour,0,Asymmetric,5,5,5,5
93091_N7,0.0213251776373676,0.0408453812875242,0.1608839873443069,21,1,1,0.9130434782608696,0.0434782608695652,0.0434782608695652,26971,212,37,0.9908523144746508,0.0077883908890521,0.0013592946362968,0.9732519641245336,0.69082309036019,0.4990969199129977,0.4049251977889031,0.0285753412044531,12,1,11,1,12,0.3243243243243243,0.027027027027027,0.2972972972972973,0.027027027027027,0.3243243243243243,6654,40,7354,5,5616,0.338298845899639,0.0020336570237429,0.3738878438151405,0.0002542071279678,0.2855254461335096,1,1_clone,1_clone,1_clone,1_clone,1_clone,1_clone,do9759,ERX2022573,93091,Male,N7,88884,87925,DEN,0.731166617,0.240607315,0.019649842,0.008576225,0.996248818219767,DN,High,Mixed,1.0,4.9,27220,874,5.99350018600482,6,79,1,217659,1,0,61.9721684911884,Kras;Kras,,,,C3H,one_tumour,0,Asymmetric,5,5,late,late
93091_N8,0.0480622270597206,0.1082765827910382,0.1399625263478525,0,2,19,0.0,0.0952380952380952,0.9047619047619048,0,1661,38954,0.0,0.0408962206081497,0.9591037793918504,0.9785983856901846,0.715406213559638,0.5063207786229946,0.2705035263710175,0.0229570138955694,19,2,21,2,11,0.3454545454545454,0.0363636363636363,0.3818181818181818,0.0363636363636363,0.2,8265,57,14913,34,5945,0.2829123023208051,0.0019511193263503,0.5104744300677757,0.0011638255630861,0.2034983227219826,2,Good,3.7538159371492705,4.279065683175272,0.014342139342139341,0.02809487569761542,one_tumour,do12477,ERX2022579,93091,Male,N8,88884,87925,DEN,0.74629573,0.24213562,0.00146497,0.01010367,0.996644151934192,DN,Low,Macro,,6.4,40615,530,8.94290999465782,18,67,1,217659,1,0,47.4472808265762,Egfr;Braf,11:14210588_C/A;6:37548568_A/T,Egfr;Braf,11:14210588_C/A;6:37548568_A/T,C3H,one_tumour,0,Asymmetric,1,1,1,1
93092_N1,0.0379844315507205,0.1162875082455408,0.1953625218221914,29,30,19,0.3717948717948718,0.3846153846153846,0.2435897435897435,18809,22587,22143,0.2960229150600418,0.3554824595917468,0.3484946253482113,0.9715855284133332,0.7132612420107477,0.5037818265265306,0.3492521069506656,0.0311949389736139,19,1,28,1,20,0.2753623188405797,0.0144927536231884,0.4057971014492754,0.0144927536231884,0.2898550724637681,12315,5,23910,124,12461,0.2522790125985865,0.0001024275325207,0.4898084605141862,0.0025402028065143,0.2552698965481921,2,Good,4.122634822090438,2.3360978717026377,0.033948951383741044,0.013956834532374101,one_tumour,do9760,ERX2048045,93092,Male,N1,88884,87925,DEN,0.8418386064,0.1563532073,0.0016044102,0.0002037761,0.998143543984762,DN,High,Micro,,6.8,63539,783,13.9904852431506,38,67,2,218978,2,0,49.1791639541726,Braf,6:37548568_A/T,Braf,6:37548568_A/T,C3H,one_tumour,0,Asymmetric,2,2,2,2
93092_N3,0.036694163249198,0.1152586259388668,0.2073930650291093,16,22,10,0.3333333333333333,0.4583333333333333,0.2083333333333333,11437,15671,5441,0.3513779225168208,0.4814587237703155,0.1671633537128636,0.9422295304955032,0.6781053031532318,0.5126025099862912,0.3327544475705662,0.0500136827189739,9,0,14,0,10,0.2727272727272727,0.0,0.4242424242424242,0.0,0.303030303030303,5039,0,13412,0,8684,0.1857011240095817,0.0,0.4942693937718813,0.0,0.3200294822185369,2,Good,2.9297566693143735,2.367300989340866,0.0,0.09414538627587302,one_tumour,do9762,ERX2035358,93092,Male,N3,88884,87925,DEN,0.945193007,0.038787904,0.0158232851,0.0001958039,0.995542518119927,DN,High,,1.0,7.5,32548,832,7.16665848839401,8,79,1,217659,1,0,47.793986508977,Egfr,11:14185624_T/A,Egfr,11:14185624_T/A,C3H,one_tumour,0,Asymmetric,2,2,2,2
93092_N5,0.0455905393265299,0.114732649984242,0.1921587944661305,0,12,17,0.0,0.4137931034482758,0.5862068965517241,0,12166,16226,0.0,0.4285009861932939,0.5714990138067061,0.9833316864896916,0.5968839217790192,0.4984271710312136,0.3577219835495722,0.0252906293997958,8,0,25,0,11,0.1818181818181818,0.0,0.5681818181818182,0.0,0.25,2720,0,12586,0,4654,0.1362725450901803,0.0,0.630561122244489,0.0,0.2331663326653306,2,Good,2.7950309780018565,3.5901753538655865,0.0,0.01980333587519327,one_tumour,do9764,ERX2023298,93092,Male,N5,88884,87925,DEN,0.663450421,0.284834053,0.048090393,0.003625133,0.993868530966526,DN,High,,,5.6,28392,633,6.25155978255139,19,79,1,217000,1,0,35.8925469730366,Braf,6:37548568_A/T,Braf,6:37548568_A/T,C3H,one_tumour,0,Asymmetric,1,1,1,1
93092_N6,0.0516687854905526,0.1272257350422178,0.1994350149595671,0,0,20,0.0,0.0,1.0,0,0,29163,0.0,0.0,1.0,0.9653796534510796,0.6188669926811309,0.5049432392106761,0.3433980968863607,0.0353169704085414,8,0,17,2,21,0.1666666666666666,0.0,0.3541666666666667,0.0416666666666666,0.4375,3773,0,8867,18,9060,0.17372686251036,0.0,0.4082788470393222,0.0008288055990422,0.4171654848512754,2,Good,5.4148384979330535,2.334979180792253,0.018472399690961688,0.03082181860316909,one_tumour,do9765,ERX2035289,93092,Male,N6,88884,87925,DEN,0.765642192,0.190351984,0.042730515,0.001275309,0.997173925024657,DN,Low,Micro,,9.8,29162,514,6.42110405673301,17,79,1,217000,1,0,58.1828826160847,Braf,6:37548568_A/T,Braf,6:37548568_A/T,C3H,one_tumour,0,Asymmetric,1,1,1,1
93092_N7,0.0376591695317264,0.0883140134696291,0.1986396617351172,0,22,26,0.0,0.4583333333333333,0.5416666666666666,0,22650,35245,0.0,0.3912254944295708,0.6087745055704292,0.9707919318332014,0.6606833196877625,0.4922706980701201,0.333251176132684,0.0304083759499674,16,1,21,1,18,0.2807017543859649,0.0175438596491228,0.3684210526315789,0.0175438596491228,0.3157894736842105,13851,49,22115,33,9029,0.3072742196685671,0.0010870288617254,0.4906049648379439,0.0007320806619783,0.200301705969785,2,Good,2.2775038418194855,2.753311038306615,0.0053989574979951905,0.0,one_tumour,do9766,ERX2037563,93092,Male,N7,88884,87925,DEN,0.860410871,0.1388663807,0.0006011418,0.0001216065,0.99913617391765,DN,High,Mixed,1.0,5.4,57895,567,12.7477477321363,30,59,2,5132411,1,1,48.6148969101559,Hras,7:145859242_T/C,Hras,7:145859242_T/C,C3H,one_tumour,0,Asymmetric,1,1,1,1
93092_N8,0.0392237204091491,0.1685482349930282,0.2446870985659387,0,8,23,0.0,0.2580645161290322,0.7419354838709677,0,10717,58716,0.0,0.1543502369190442,0.8456497630809557,0.9477148110531664,0.6617223191537006,0.5021733264136228,0.2911332056942787,0.0488636190602219,19,1,32,2,12,0.2878787878787879,0.0151515151515151,0.4848484848484848,0.0303030303030303,0.1818181818181818,12822,5,28017,48,18131,0.2172373481524151,8.471273910170612e-05,0.4746793622825,0.0008132422953763,0.3071853345306067,2,Good,4.414225315774605,3.3966148205606568,0.002257308324965725,0.0005420448477702659,one_tumour,do9767,ERX2022525,93092,Male,N8,88884,87925,DEN,0.973262,0.0263775,0.0002859352,7.452251e-05,0.995230893801218,DN,High,Mixed,1.0,6.5,69432,611,15.2880494090627,37,67,3,356642,3,0,51.5996029202946,Hras,7:145858922_C/A,Hras,7:145858922_C/A,C3H,one_tumour,0,Asymmetric,1,1,1,1
93093_N1,0.0597784142023484,0.1313778829640318,0.2318913929655592,8,23,17,0.1666666666666666,0.4791666666666667,0.3541666666666667,7619,24469,25872,0.1314527260179434,0.4221704623878537,0.4463768115942029,0.9531774684462962,0.6196037403326482,0.4989332509350829,0.3768705805837514,0.0493505059852912,17,2,26,1,22,0.25,0.0294117647058823,0.3823529411764705,0.0147058823529411,0.3235294117647059,8157,97,15902,52,22782,0.1735901255586295,0.0020642689934028,0.3384124281762077,0.001106618429453,0.4848265588423068,2,Bad,3.4909104863653457,1.5928061794613924,0.08529430505774592,0.045656471611795896,one_tumour*,do9768,ERX2037607,93093,Male,N1,88884,87925,DEN,0.922635196,0.0747204083,0.0024232574,0.0002211384,0.998239917030618,DN,Low,Mixed,,4.1,57960,920,12.7620599111256,40,79,2,346347,1,1,65.0820063093689,Braf,6:37548568_A/T,Braf,6:37548568_A/T,C3H,one_tumour,0,Asymmetric,2,2,2,2
93094_N1,0.0287128165884434,0.0553759770832349,0.0958264206277814,2,19,0,0.0952380952380952,0.9047619047619048,0.0,1636,51197,0,0.0309654950504419,0.969034504949558,0.0,0.9454372329020246,0.6819037089498323,0.5046294249260763,0.3583138761601701,0.0510794296539178,15,0,33,0,15,0.238095238095238,0.0,0.5238095238095238,0.0,0.238095238095238,6384,0,31018,0,6301,0.146076928357321,0.0,0.7097453264077981,0.0,0.1441777452348809,1,1_clone,1_clone,1_clone,1_clone,1_clone,1_clone,do9769,ERX2037561,93094,Male,N1,89069;89070,87453,DEN,0.9395627148,0.0597446468,0.0005841403,0.0001084981,0.996584055259497,DN,High,Macro,,6.3,52831,971,11.6327188951808,34,59,3,12072316,1,2,26.475590307085,Egfr,11:14185624_T/A,Egfr,11:14185624_T/A,C3H,one_tumour,0,Asymmetric,2,2,1,1
93094_N2,0.0352570598419495,0.1463458977140342,0.2457928422042664,0,0,20,0.0,0.0,1.0,0,0,50132,0.0,0.0,1.0,0.9620647227749068,0.643086165462806,0.507540720689212,0.3052149318173244,0.0390340172141194,19,0,16,1,9,0.4222222222222222,0.0,0.3555555555555555,0.0222222222222222,0.2,16337,0,17056,8,8369,0.391118027292315,0.0,0.4083313382810629,0.0001915250179554,0.2003591094086665,2,Good,2.433022019692897,5.791732422255891,0.012707949030365323,0.003928796337069182,one_tumour,do9770,ERX2035318,93094,Male,N2,89069;89070,87453,DEN,0.9506464965,0.0487601889,0.0004590039,0.0001343106,0.996311589826452,DN,Low,Macro,,5.2,50130,885,11.0379928113307,13,79,1,137276,1,0,58.3255264574876,Hras,7:145859242_T/C,Hras,7:145859242_T/C,C3H,one_tumour,0,Asymmetric,1,1,1,1
93096_N2,0.0352531399895128,0.0658660231107007,0.103104118542976,21,10,7,0.5526315789473685,0.2631578947368421,0.1842105263157894,42064,8738,9032,0.7030116656081826,0.1460373700571581,0.1509509643346592,0.9530238056316164,0.6236439534575617,0.5021034079929428,0.3379561491426461,0.0610065529801784,19,0,24,2,12,0.3333333333333333,0.0,0.4210526315789473,0.0350877192982456,0.2105263157894736,15144,0,25707,11,4631,0.332886378124107,0.0,0.5650759457498956,0.0002417954410568,0.1017958806849405,2,Good,1.5621995458164981,2.338074027177968,0.2982376701227199,0.5414852302083063,one_tumour*,do9777,ERX2037920,93096,Male,N2,89069;89070,87453,DEN,0.8210985016,0.17631509,0.002394831,0.0001915774,0.997581813791772,DN,High,Mixed,,7.2,59833,580,13.1744708533882,24,59,1,103734,1,0,41.0626239467309,Egfr,11:14185624_T/A,Egfr,11:14185624_T/A,C3H,one_tumour,0,Asymmetric,3,3,3,4
93096_N3,0.0516935877647114,0.1420351126397255,0.2217053324801528,0,2,20,0.0,0.0909090909090909,0.9090909090909092,0,667,45824,0.0,0.0143468628336667,0.9856531371663332,0.980970013453971,0.6561257462183014,0.5037640441984047,0.3305570715246949,0.0197029221358746,18,1,21,1,13,0.3333333333333333,0.0185185185185185,0.3888888888888889,0.0185185185185185,0.2407407407407407,8853,30,14199,52,11106,0.2585572429906542,0.000876168224299,0.4146904205607477,0.001518691588785,0.324357476635514,2,Good,3.9139123060686836,2.901631731450223,0.004762835065783712,0.02528594668241763,one_tumour,do9772,ERX2037627,93096,Male,N3,89069;89070,87453,DEN,0.765485215,0.225789599,0.005876564,0.002848623,0.997196046068684,DN,Low,Micro,,4.0,46491,514,10.2367309752957,26,79,1,80656,1,0,57.1222573923279,Braf,6:37548568_A/T,Braf,6:37548568_A/T,C3H,one_tumour,0,Asymmetric,1,1,1,1
93096_N4,0.0366077897854031,0.0848738754961828,0.1472548168351469,14,20,5,0.358974358974359,0.5128205128205128,0.1282051282051282,11770,19977,6663,0.3064306170268159,0.5200989325696433,0.1734704504035407,0.971912615868434,0.7319499725445808,0.4875977264713149,0.3528843556897265,0.0275600496069229,21,1,22,2,15,0.3442622950819672,0.0163934426229508,0.360655737704918,0.0327868852459016,0.2459016393442623,11957,5,10955,82,6201,0.409486301369863,0.0001712328767123,0.3751712328767123,0.0028082191780821,0.2123630136986301,1,1_clone,1_clone,1_clone,1_clone,1_clone,1_clone,do9788,ERX2022546,93096,Male,N4,89069;89070,87453,DEN,0.830083276,0.157358338,0.009293913,0.003264473,0.997738015129168,DN,High,Mixed,,3.3,38410,531,8.457396845865,22,59,0,0,0,0,60.4231880242657,Hras,7:145859242_T/C,Hras,7:145859242_T/C,C3H,one_tumour,0,Asymmetric,2,2,2,2
93096_N5,0.0370364676560356,0.0692777470080192,0.1111881248548273,1,20,0,0.0476190476190476,0.9523809523809524,0.0,1799,65554,0,0.0267100203405935,0.9732899796594064,0.0,0.9614799920152624,0.6908284609298181,0.498343206041466,0.2861029053962011,0.0412540244253546,13,2,19,0,16,0.26,0.04,0.38,0.0,0.32,15657,58,25424,0,13700,0.2855084884844727,0.0010576414595452,0.4636116632323711,0.0,0.2498222068236109,1,1_clone,1_clone,1_clone,1_clone,1_clone,1_clone,do9789,ERX2037619,93096,Male,N5,89069;89070,87453,DEN,0.9143018,0.07491691,0.01068569,9.564701e-05,0.998101845886506,DN,High,Mixed,,5.5,67353,901,14.8302798687723,20,79,2,123567,2,0,52.3534910094528,Egfr;Braf,11:14185624_T/A;6:37598009_A/T,Egfr;Braf,11:14185624_T/A;6:37598009_A/T,C3H,one_tumour,0,Asymmetric,1,1,1,1
93096_N6,0.0155164463466794,0.1378170447058176,0.2521276796389607,18,33,13,0.28125,0.515625,0.203125,9349,34654,22989,0.1395539765942202,0.5172856460472892,0.3431603773584906,0.9476372342942472,0.65755805175681,0.4976730130178837,0.3643712900961108,0.0466030466103832,13,0,28,2,21,0.203125,0.0,0.4375,0.03125,0.328125,8153,0,28273,135,19092,0.1464970441845003,0.0,0.5080229277846657,0.002425745242844,0.3430542827879899,2,Good,3.9236418740670698,2.4801214370045535,0.010324661843657943,0.04763970392626324,one_tumour,do9790,ERX2023310,93096,Male,N6,89069;89070,87453,DEN,0.9425342,0.05372436,0.003646296,9.511895e-05,0.997190251660392,DN,High,Mixed,1.0,4.8,66991,694,14.7505720411701,30,79,2,171553,1,1,47.9397329836978,Egfr,11:14185624_T/A,Egfr,11:14185624_T/A,C3H,one_tumour,0,Asymmetric,2,2,2,2
93099_N2,0.0466994614204711,0.1129990294145354,0.1646466214918253,0,0,20,0.0,0.0,1.0,0,0,74108,0.0,0.0,1.0,0.9187035867229596,0.6100285083463651,0.5021184963263567,0.3530858573598552,0.0791478261633962,18,1,21,1,12,0.3396226415094339,0.0188679245283018,0.3962264150943396,0.0188679245283018,0.2264150943396226,11210,225,20618,260,11191,0.2576774549466715,0.0051719382125781,0.4739334314086061,0.0059764619345347,0.2572407134976094,2,Good,2.4236349845936886,2.02553140083842,0.02166282805758607,0.01941879742986105,one_tumour,do9794,ERX2022590,93099,Male,N2,89279;89280,87450,DEN,0.3316127,0.6664097,0.001891039,8.651116e-05,0.986652016832826,DN,Low,Mixed,,4.6,74108,851,16.3176455468202,19,39,2,673743,2,0,50.410523085048,Braf,6:37548568_A/T,Braf,6:37548568_A/T,C3H,one_tumour,0,Asymmetric,1,1,1,1
93100_N1,0.0784638658631707,0.1705676700516886,0.2417592242468014,0,11,19,0.0,0.3666666666666666,0.6333333333333333,0,23814,44372,0.0,0.349250579297803,0.6507494207021969,0.9575927305504688,0.6854710151548503,0.5098086589665769,0.2916890586204047,0.0439554898069585,18,3,22,3,14,0.3,0.05,0.3666666666666666,0.05,0.2333333333333333,19278,57,23039,63,12608,0.3502225451902988,0.0010355163956762,0.4185484603506222,0.0011445181215369,0.2290489599418657,2,Good,2.0337773285250687,3.6020070389357413,0.002442950521170346,0.002603888678112412,one_tumour,do9795,ERX2035257,93100,Male,N1,89279;89280,87450,DEN,0.9008076541,0.0884600817,0.0106000371,0.0001322271,0.996492730732897,DN,High,Micro,,8.4,68186,983,15.0136959472052,21,79,1,217000,1,0,56.1139701874362,Hras,7:145859242_T/A,Hras,7:145859242_T/A,C3H,one_tumour,0,Asymmetric,1,1,1,1
93100_N4,0.0499317713753058,0.1135317388946694,0.207475538639121,11,28,26,0.1692307692307692,0.4307692307692308,0.4,7422,23916,30389,0.1202391174040533,0.3874479563238129,0.4923129262721337,0.948915068970536,0.6990973324280223,0.5054884337237742,0.3607382317241001,0.0522869291555059,19,0,25,0,20,0.296875,0.0,0.390625,0.0,0.3125,11675,0,22108,0,18063,0.2251861281487482,0.0,0.4264166955985032,0.0,0.3483971762527485,1,1_clone,1_clone,1_clone,1_clone,1_clone,1_clone,do9797,ERX2037580,93100,Male,N4,89279;89280,87450,DEN,0.9602627,0.03943819,0.0002048508,9.422251e-05,0.996709374802304,DN,Low,Mixed,,6.5,61726,539,13.5912855430321,35,49,2,68286427,1,1,57.4273120548572,Egfr,11:14185624_T/A,Egfr,11:14185624_T/A,C3H,one_tumour,0,Asymmetric,2,2,2,2
93100_N6,0.0340659490411704,0.0986682953113948,0.1818135692918711,27,27,8,0.4354838709677419,0.4354838709677419,0.1290322580645161,28246,21426,4471,0.5216925549009106,0.3957298265703784,0.082577618528711,0.9471115922613192,0.6180740440126375,0.5054400773882586,0.4092534507898866,0.0449223231907474,15,1,28,0,19,0.238095238095238,0.0158730158730158,0.4444444444444444,0.0,0.3015873015873015,7048,26,22943,0,14968,0.1566744470379015,0.0005779704345893,0.5100144492608647,0.0,0.3327331332666444,2,Good,2.80680805085567,2.8072799938548294,0.032506641709938416,0.04450851521164021,one_tumour,do12479,ERX2037487,93100,Male,N6,89279;89280,87450,DEN,0.9450429,0.04693331,0.007929803,9.397452e-05,0.996223307086227,DN,Low,Macro,,8.1,54143,718,11.9216047233967,29,79,5,430437,4,1,47.5729533136601,Egfr,11:14185624_T/A,Egfr,11:14185624_T/A,C3H,one_tumour,0,Asymmetric,3,3,3,3
93129_N1,0.0201193297839782,0.0525279449725149,0.1229101453016837,19,9,2,0.6333333333333333,0.3,0.0666666666666666,34203,15333,1206,0.6740569942059832,0.3021757124275748,0.023767293366442,0.9616460286570496,0.6453681121207352,0.4993055433182446,0.3689945227478432,0.0407138272095569,16,0,30,3,17,0.2424242424242424,0.0,0.4545454545454545,0.0454545454545454,0.2575757575757575,5440,0,24012,159,11089,0.1336609336609336,0.0,0.58997542997543,0.0039066339066339,0.2724570024570024,1,1_clone,1_clone,1_clone,1_clone,1_clone,1_clone,do9798,ERX2037177,93129,Male,N1,89071,87452,DEN,0.8978922156,0.0938045072,0.0081186047,0.0001846725,0.997565384195606,DN,High,,,5.9,50741,892,11.1725272938307,39,75,2,323288,1,1,39.3787839626571,Hras,7:145859242_T/C,Hras,7:145859242_T/C,C3H,one_tumour,0,Asymmetric,3,3,4,4
93129_N2,0.035079455187936,0.101426389661081,0.18106307980886,7,22,14,0.1627906976744186,0.5116279069767442,0.3255813953488372,5664,35172,16741,0.0983726140646438,0.6108689233548118,0.2907584625805443,0.9701195649921244,0.7105299981240369,0.5028832188473759,0.3209431926347853,0.0335254569172537,16,0,24,2,23,0.2461538461538461,0.0,0.3692307692307692,0.0307692307692307,0.3538461538461538,6786,0,23545,44,15054,0.1493759492834973,0.0,0.5182812740760308,0.0009685443219089,0.331374232318563,2,Good,3.132490683229814,1.8287308871878238,0.03633606133606134,0.02501113646093568,one_tumour,do9799,ERX2022563,93129,Male,N2,89071,87452,DEN,0.8707257,0.1157363,0.01343889,9.914096e-05,0.998115104487447,DN,High,Mixed,1.0,4.8,57576,736,12.6775079614039,27,79,4,27412151,1,3,48.2723768967959,Kras;Hras,7:145859610_A/T,Hras,7:145859610_A/T,C3H,one_tumour,0,Asymmetric,2,2,2,2
93129_N3,0.0404016940780391,0.0823570118841472,0.1767428910954802,0,17,17,0.0,0.5,0.5,0,16265,18933,0.0,0.4621001193249616,0.5378998806750384,0.977238412251588,0.6767522403109433,0.5005051624118831,0.3731526147849601,0.0205482844336568,11,0,14,1,15,0.2682926829268293,0.0,0.3414634146341463,0.024390243902439,0.3658536585365853,6127,0,12046,121,8144,0.2317497541417656,0.0,0.4556320447840229,0.0045767455934639,0.3080414554807474,2,Bad,2.940468108969629,2.4470535853400963,0.04450950667762702,0.013042645862250513,one_tumour,do9800,ERX2023352,93129,Male,N3,89071,87452,DEN,0.807233496,0.189101588,0.002392258,0.001272657,0.997941144860091,DN,High,Mixed,1.0,7.4,35198,516,7.75015501642166,11,79,2,231242,1,1,52.9373064208705,Hras;Hras,7:145859241_T/A;7:145859242_T/A,Hras;Hras,7:145859241_T/A;7:145859242_T/A,C3H,one_tumour,0,Asymmetric,1,1,1,1
93129_N4,0.0229105546312538,0.076842287610236,0.1691700497337714,22,17,22,0.360655737704918,0.2786885245901639,0.360655737704918,12273,15880,18730,0.2617793229955421,0.3387155258835825,0.3995051511208753,0.953090673784072,0.6450584758438681,0.4997202922334601,0.3337429943710927,0.0548860472085647,18,1,34,0,14,0.2686567164179104,0.0149253731343283,0.5074626865671642,0.0,0.208955223880597,8992,50,19129,0,8726,0.2437054503076131,0.0013551237227958,0.5184432338672521,0.0,0.2364961921023389,2,Good,3.7121424103762717,2.1969658976930795,0.12015782611780566,0.06841846861907042,one_tumour,do9801,ERX2022520,93129,Male,N4,89071,87452,DEN,0.8429034595,0.155749151,0.0011062186,0.0002411709,0.997435937964799,DN,High,Mixed,,7.1,46883,868,10.32304442397,31,75,4,754508,2,2,46.4507520327604,Hras,7:145859242_T/A,Hras,7:145859242_T/A,C3H,one_tumour,0,Asymmetric,2,2,2,2
93129_N6,0.0234821070432665,0.0756465131009037,0.1582125663673474,14,20,8,0.3333333333333333,0.4761904761904761,0.1904761904761904,10153,16019,5874,0.3168258128939649,0.49987517942957,0.1832990076764651,0.9744465820487328,0.6416067208800906,0.5053030936510221,0.4118498512211311,0.0248153999109784,14,1,23,0,10,0.2916666666666667,0.0208333333333333,0.4791666666666667,0.0,0.2083333333333333,3203,13,11299,0,4850,0.1654014975471211,0.0006713142266976,0.5834753421120579,0.0,0.2504518461141234,2,Good,7.085182864984188,2.064552406936864,0.03428101930603953,0.019596500432737366,one_tumour,do9802,ERX2037497,93129,Male,N6,89071,87452,DEN,0.407787469,0.564060871,0.026392693,0.001758967,0.997745714771974,DN,High,Mixed,,7.9,32046,754,7.05612442912236,19,75,4,575998,3,1,40.0605207983264,Braf,6:37548568_A/T,Braf,6:37548568_A/T,C3H,one_tumour,0,Asymmetric,2,2,2,2
93129_N8,0.0390325044360089,0.1749598312825175,0.2615271743567819,0,2,22,0.0,0.0833333333333333,0.9166666666666666,0,1456,42905,0.0,0.0328216225964247,0.9671783774035752,0.9549249997611556,0.6220165745302907,0.4995558512902697,0.3524209568330493,0.0435053008977289,10,0,15,0,12,0.2702702702702703,0.0,0.4054054054054054,0.0,0.3243243243243243,8151,0,16104,0,9095,0.244407796101949,0.0,0.4828785607196402,0.0,0.2727136431784108,2,Good,4.272441741586652,3.48401277997042,0.013883464860895174,0.010519302920859779,one_tumour,do9803,ERX2037611,93129,Male,N8,89071,87452,DEN,0.7449734419,0.2512992461,0.0030596925,0.0006676195,0.9962992715079,DN,High,Mixed,,6.6,44361,907,9.76773187918295,14,79,2,322428,1,1,49.9903126940268,Braf,6:37548568_A/T,Braf,6:37548568_A/T,C3H,one_tumour,0,Asymmetric,1,1,1,1
93131_N2,0.0420367224960984,0.07258929190498,0.1588316497009084,0,24,14,0.0,0.631578947368421,0.3684210526315789,0,46140,30386,0.0,0.6029323367221597,0.3970676632778402,0.9601187637777951,0.6464722919876533,0.5030718339554728,0.3189620114192077,0.0332539820187133,10,0,22,2,18,0.1923076923076923,0.0,0.4230769230769231,0.0384615384615384,0.3461538461538461,9686,0,24190,33,24724,0.165197073320485,0.0,0.4125663022529974,0.000562822983644,0.4216738014428735,1,1_clone,1_clone,1_clone,1_clone,1_clone,1_clone,do9807,ERX2035296,93131,Male,N2,89545,87449,DEN,0.8324163439,0.1663840123,0.0010397673,0.0001598765,0.998344024491689,DN,High,Mixed,,5.2,76525,518,16.8498384178552,23,67,4,540544,3,1,58.1619859063564,Braf,6:37548568_A/T,Braf,6:37548568_A/T,C3H,one_tumour,0,Asymmetric,1,1,1,1
93131_N3,0.0194902900350082,0.0754088881889184,0.1720124103070802,31,41,16,0.3522727272727273,0.4659090909090909,0.1818181818181818,39324,50463,19096,0.3611583075411221,0.4634607790013133,0.1753809134575645,0.9783224882662496,0.6255263238280241,0.5074075607454817,0.3409879912109718,0.0204408387663852,31,0,46,0,18,0.3263157894736842,0.0,0.4842105263157895,0.0,0.1894736842105263,12569,0,26279,0,15235,0.2324020487029195,0.0,0.4859012998539282,0.0,0.2816966514431522,2,Good,3.354191199694134,2.808461805492736,0.029968827035698913,0.019754533768359884,one_tumour,do9778,ERX2023353,93131,Male,N3,89545,87449,DEN,0.1310099505,0.8686801099,0.0002280955,8.18442e-05,0.99371803593337,DN,High,Macro,,6.8,108882,720,23.9744411187574,66,59,1,217659,1,0,48.9929690470448,Hras,7:145859595_C/T,Hras,7:145859595_C/T,C3H,one_tumour,0,Asymmetric,2,2,2,2
93131_N4,0.019454436249242,0.0636146145965717,0.1678701664982332,25,22,5,0.4807692307692308,0.4230769230769231,0.0961538461538461,59731,36507,2768,0.6033068702906894,0.3687352281679898,0.0279579015413207,0.982451092907924,0.718865996051094,0.5038932675391325,0.3916239466658243,0.0240204220294363,20,3,30,3,20,0.2631578947368421,0.0394736842105263,0.3947368421052631,0.0394736842105263,0.2631578947368421,12805,107,26268,67,13573,0.2424271109428246,0.0020257478227943,0.4973116243847028,0.0012684589170768,0.2569670579326013,1,1_clone,1_clone,1_clone,1_clone,1_clone,1_clone,do9808,ERX2022539,93131,Male,N4,89545,87449,DEN,0.2099397,0.7838108,0.006176376,7.317193e-05,0.997282527660123,DN,High,Mixed,,5.3,99004,1155,21.7994302871132,43,79,1,217660,1,0,47.8728710060208,Braf,6:37548568_A/T,Braf,6:37548568_A/T,C3H,one_tumour,0,Asymmetric,3,3,3,3
93131_N5,0.0285606334437717,0.0857322844027212,0.1775917178923902,2,18,18,0.0526315789473684,0.4736842105263157,0.4736842105263157,1268,8586,23622,0.0378778826622057,0.2564822559445573,0.705639861393237,0.968940468116454,0.6092100377791332,0.5052681345444735,0.4515941101596552,0.0318234537782562,12,0,16,0,9,0.3243243243243243,0.0,0.4324324324324324,0.0,0.2432432432432432,8869,0,9222,0,7377,0.3482409297942516,0.0,0.3621014606565101,0.0,0.2896576095492382,2,Good,2.2295830129946888,2.4663903340302427,0.03418833677612804,0.001981568642961674,one_tumour,do9809,ERX2023380,93131,Male,N5,89545,87449,DEN,0.8342514009,0.1637420523,0.0012512543,0.0007552925,0.997976232149573,DN,High,,1.0,5.2,33475,597,7.37077217951916,11,67,3,531661,2,1,61.9837651698882,Hras,7:145859243_G/T,Hras,7:145859243_G/T,C3H,one_tumour,0,Asymmetric,2,2,1,1
93131_N7,0.0569202425551164,0.1594824999134897,0.285979178672704,0,0,20,0.0,0.0,1.0,0,0,26914,0.0,0.0,1.0,0.964550171525677,0.6346391979789747,0.4928485017655692,0.3294700571812364,0.0432129152928368,14,0,16,0,13,0.3255813953488372,0.0,0.3720930232558139,0.0,0.3023255813953488,7294,0,7829,0,6573,0.3361910029498525,0.0,0.3608499262536873,0.0,0.3029590707964602,2,Good,2.7494532144757655,2.911956005785036,0.026783354533133533,0.014363584696065513,one_tumour,do9810,ERX2035255,93131,Male,N7,89545,87449,DEN,0.9107050471,0.0837517569,0.0052463605,0.0002968355,0.997211800197997,DN,High,,1.0,6.3,26913,464,5.92590266370124,15,79,2,233505,2,0,62.3384092397105,Hras,7:145859242_T/C,Hras,7:145859242_T/C,C3H,one_tumour,0,Asymmetric,1,1,1,1
93131_N8,0.0668977108210289,0.1502214275087195,0.2260078929142651,0,1,20,0.0,0.0476190476190476,0.9523809523809524,0,1353,53333,0.0,0.0247412500457155,0.9752587499542844,0.9567111748480536,0.6415998569126143,0.498507914149384,0.307135237558692,0.0450001725181584,12,2,20,0,11,0.2666666666666666,0.0444444444444444,0.4444444444444444,0.0,0.2444444444444444,8010,28,29275,0,7066,0.1804907726627458,0.0006309290430158,0.6596588476531693,0.0,0.1592194506410689,2,Good,5.89119489184022,5.121958333333334,0.023522291466922342,0.01198514908922149,one_tumour,do9811,ERX2022551,93131,Male,N8,89545,87449,DEN,0.924290948,0.0750497697,0.0003872942,0.0002719881,0.997928197028763,DN,High,Mixed,1.0,5.6,54686,872,12.0411664648001,13,79,4,27956259,4,0,31.659999948816,Braf,6:37548568_A/T,Braf,6:37548568_A/T,C3H,one_tumour,0,Asymmetric,1,1,1,1
93132_N1,0.0307393580690555,0.0768766110644271,0.1119677345087118,21,18,0,0.5384615384615384,0.4615384615384615,0.0,27094,18867,0,0.5894997933030178,0.4105002066969822,0.0,0.9789942386559068,0.5788877704217593,0.5022147326230558,0.2861131699556431,0.0219333991008267,14,0,21,1,16,0.2692307692307692,0.0,0.4038461538461538,0.0192307692307692,0.3076923076923077,6130,0,14073,4,10078,0.2024104342083539,0.0,0.4646854878652798,0.0001320785867591,0.332771999339607,1,1_clone,1_clone,1_clone,1_clone,1_clone,1_clone,do9812,ERX2035325,93132,Male,N1,89545,87449,DEN,0.5422761953,0.4408329453,0.0162465759,0.0006442836,0.995848073304132,DN,High,Macro,1.0,4.7,45961,751,10.1200316696902,21,75,1,217659,1,0,52.2706437296754,,,,,C3H,one_tumour,0,Asymmetric,3,3,3,3
93132_N2,0.0211820460772786,0.1012133483371415,0.1797248769015286,15,26,14,0.2727272727272727,0.4727272727272727,0.2545454545454545,15697,33900,16431,0.2377324771309141,0.5134185497061853,0.2488489731629005,0.9681780723229572,0.6853524566883166,0.4962646734363345,0.339127571086878,0.0307562049171739,17,0,25,1,11,0.3148148148148148,0.0,0.4629629629629629,0.0185185185185185,0.2037037037037037,21348,0,19062,14,9142,0.4306984626558528,0.0,0.3845781382399225,0.0002824516805874,0.1844409474236371,2,Good,2.1596795992255355,2.4684766626894277,0.02513651058827169,0.0021353078207192924,one_tumour,do9813,ERX2023358,93132,Male,N2,89545,87449,DEN,0.80313008,0.188702339,0.006683946,0.001483635,0.998597638577663,DN,High,,1.0,5.0,66028,773,14.5385316047585,26,79,1,217659,1,0,59.9857700513947,Braf,6:37548568_A/T,Braf,6:37548568_A/T,C3H,one_tumour,0,Asymmetric,2,2,2,2
93133_N1,0.0329908344623602,0.0729310492418454,0.1163690285621858,10,20,0,0.3333333333333333,0.6666666666666666,0.0,8757,27738,0,0.2399506781750924,0.7600493218249075,0.0,0.9577442756066712,0.6484654421074479,0.5127452577508422,0.2369623216709844,0.038752026760697,10,1,13,0,17,0.2439024390243902,0.024390243902439,0.3170731707317073,0.0,0.4146341463414634,6263,7,9258,0,11875,0.2285516184359376,0.0002554464839616,0.3378462212166551,0.0,0.4333467138634456,2,Good,4.385547057905415,2.026980709854687,0.0,0.010733350227664739,one_tumour,do9753,ERX2037936,93133,Male,N1,89545,87449,DEN,0.793106405,0.190634597,0.015466699,0.000792299,0.996783977708613,HCC,Well,,1.0,5.9,36494,824,8.03551784673255,10,79,0,0,0,0,64.3162679384347,Braf,6:37548568_A/T,Braf,6:37548568_A/T,C3H,one_tumour,0,Asymmetric,3,2,2,2
93133_N4,0.0570097221588568,0.1416036661281394,0.1895316104283674,0,6,22,0.0,0.2142857142857142,0.7857142857142857,0,14892,59722,0.0,0.1995872088348031,0.8004127911651969,0.9672521265500864,0.7031304086583148,0.4991995208940032,0.314891391769364,0.0294850321538099,20,1,28,1,18,0.2941176470588235,0.0147058823529411,0.4117647058823529,0.0147058823529411,0.2647058823529412,14448,200,24547,8,16827,0.2578618597180082,0.0035695163305372,0.4381045868284847,0.0001427806532214,0.3003212564697483,2,Good,3.7589822193554947,3.4148784107180106,0.020730791731828336,0.002514133294332928,one_tumour,do9754,ERX2048044,93133,Male,N4,89545,87449,DEN,0.8002746195,0.1937219041,0.0051739359,0.0008295405,0.997554899155411,DN,High,Mixed,,4.6,74613,775,16.428840168199,37,67,4,7275909,2,2,55.5046148811627,Braf,6:37548568_A/T,Braf,6:37548568_A/T,C3H,one_tumour,0,Asymmetric,1,1,1,1
93241_N1,0.0422003311431685,0.0901164148221562,0.1790310474054519,2,15,19,0.0555555555555555,0.4166666666666667,0.5277777777777778,559,20247,28466,0.011345185906803,0.4109230394544569,0.57773177463874,0.8263198630758153,0.7656998126196732,0.499375341874983,0.2511004208066999,0.1696182048308515,0,12,18,10,1,0.0,0.2926829268292683,0.4390243902439024,0.2439024390243902,0.024390243902439,0,8128,19113,9908,109,0.0,0.2181544903108057,0.5129904986848463,0.265929464812926,0.0029255461914219,2,Good,0.005339590934467183,0.0015350439904091668,4.789332774729689,3.5696319724786534,Symmetric,do9814,ERX2035347,93241,Male,N1,89279;89280,87450,DEN,0.8182543207,0.1805866718,0.0007627854,0.0003962221,0.998074143238317,DN,High,Micro,1.0,4.1,49272,809,10.8490720486712,14,59,1,217000,1,0,46.440036314187,Hras,7:145859242_T/A,Hras,7:145859242_T/A,C3H,one_tumour,0,Symmetric,0,0,0,0
93241_N2,0.0421602287255015,0.1045489800047063,0.1830974457857307,11,18,19,0.2291666666666666,0.375,0.3958333333333333,5840,15264,16539,0.1551417262173578,0.4054937172913955,0.4393645564912467,0.968930127226326,0.5774385428156534,0.5025762037970671,0.4137578065566019,0.0336355739838489,12,0,24,1,10,0.2553191489361702,0.0,0.5106382978723404,0.0212765957446808,0.2127659574468085,7835,0,15818,19,6551,0.2592396519207226,0.0,0.5233762366409688,0.0006286602918307,0.2167554511464778,2,Good,2.3743399158357175,3.2363807728557967,0.011561826376641193,0.08917789862334335,one_tumour,do9815,ERX2037895,93241,Male,N2,89279;89280,87450,DEN,0.9072895557,0.0850413522,0.0072477187,0.0004213734,0.997785359193602,DN,High,Mixed,,5.1,37643,874,8.28851313379058,21,79,1,217000,1,0,46.1987487850544,Hras,7:145859242_T/C,Hras,7:145859242_T/C,C3H,one_tumour,0,Asymmetric,2,2,2,2
93242_N1,0.0365859761858912,0.0872762195339858,0.1258415264883604,0,19,11,0.0,0.6333333333333333,0.3666666666666666,0,56410,24962,0.0,0.6932360025561618,0.3067639974438382,0.9046936397688218,0.612061489275686,0.5134459107488902,0.4111969260804229,0.1352663452592992,4,1,26,8,0,0.1025641025641025,0.0256410256410256,0.6666666666666666,0.2051282051282051,0.0,79,349,56659,6274,0,0.0012468237559381,0.0055081201369927,0.8942251542747116,0.0990199018323574,0.0,2,Bad,0.0,0.0033222083285216666,2.516635800164762,6.360814029896811,Symmetric,do9816,ERX2037585,93242,Male,N1,89279;89280,87450,DEN,0.8673232549,0.1322163459,0.00028853,0.0001718692,0.998591653469964,DN,Low,Micro,,5.3,81372,605,17.9170865957232,7,27,17,8583942,13,4,0.0,Braf,6:37548568_A/T,Braf,6:37548568_A/T,C3H,one_tumour,0,Symmetric,0,0,0,0
93242_N2,0.0210252664077104,0.0945209956717504,0.1681873942156496,17,22,4,0.3953488372093023,0.5116279069767442,0.0930232558139534,11742,20441,2683,0.3367750817415247,0.5862731600986635,0.0769517581598118,0.9746132043588478,0.5934949797725892,0.4878842265453291,0.3273020061003123,0.0275067012417215,9,0,14,0,11,0.2647058823529412,0.0,0.4117647058823529,0.0,0.3235294117647059,6304,0,11201,0,9390,0.2343930098531325,0.0,0.41647146309723,0.0,0.3491355270496374,1,1_clone,1_clone,1_clone,1_clone,1_clone,1_clone,do9817,ERX2037496,93242,Male,N2,89279;89280,87450,DEN,0.854901341,0.137158611,0.001830002,0.006110046,0.99820809946554,DN,High,Mixed,,4.8,34865,807,7.67683262252234,7,79,0,0,0,0,57.1529066961421,Hras,7:145859243_G/T,Hras,7:145859243_G/T,C3H,one_tumour,0,Asymmetric,3,2,2,2
93243_N2,0.0346664814091025,0.0635242946518913,0.1097692395381256,14,16,8,0.3684210526315789,0.4210526315789473,0.2105263157894736,15986,20136,9566,0.3498949395902644,0.4407284188408334,0.2093766415689021,0.9655801148529104,0.6933664702173643,0.4962422627638569,0.3385405125159151,0.0299754594697811,18,2,23,1,20,0.28125,0.03125,0.359375,0.015625,0.3125,10866,15,12585,18,12353,0.3032061835533108,0.000418561821581,0.3511733683064988,0.0005022741858972,0.344699612132712,1,1_clone,1_clone,1_clone,1_clone,1_clone,1_clone,do9819,ERX2023317,93243,Male,N2,89279;89280,87450,DEN,0.8793024222,0.1196022842,0.0007568172,0.0003384764,0.998417052515816,DN,High,,,8.9,45688,790,10.0599205179349,29,59,5,992483,5,0,63.0638166529024,Hras,7:145859242_T/C,Hras,7:145859242_T/C,C3H,one_tumour,0,Asymmetric,2,2,2,2
93244_N2,0.0231750672069287,0.0471781980010191,0.0655222707168763,23,5,1,0.7931034482758621,0.1724137931034483,0.0344827586206896,115284,5302,18,0.9558886935756692,0.0439620576431959,0.0001492487811349,0.8805817090129825,0.6629699291773136,0.4951844836346796,0.3395944606941685,0.1089550411722804,2,0,22,0,1,0.08,0.0,0.88,0.0,0.04,48,0,94169,0,26,0.000509321647231,0.0,0.999214795793852,0.0,0.0002758825589168,2,Bad,0.0,0.0,0.0,11.646369260827091,mixture_tumours,do9821,ERX2048048,93244,Male,N2,89279;89280,87450,DEN,0.869536055,0.1299700099,0.0002031526,0.0002907826,0.996423308371647,DN,High,Micro,1.0,7.0,120603,722,26.5552572715922,0,27,17,128268827,15,2,0.0,Hras,7:145859242_T/A,Hras,7:145859242_T/A,C3H,one_tumour,0,Symmetric,0,0,0,0
93244_N4,0.0168589283109091,0.1520161232457023,0.2048113834913415,0,5,20,0.0,0.2,0.8,0,6174,47718,0.0,0.114562458249833,0.885437541750167,0.8295971958342653,0.7978915085289524,0.4971832217260019,0.2122701685040999,0.173361792348004,15,0,18,1,14,0.3125,0.0,0.375,0.0208333333333333,0.2916666666666667,12323,0,17487,99,12654,0.28952376477222,0.0,0.4108497991213025,0.002325963865329,0.2973004722411484,2,Good,0.008012408336360155,0.03237734472783336,3.4238862237981023,3.175585914488514,Symmetric,do9823,ERX2037581,93244,Male,N4,89279;89280,87450,DEN,0.8831613525,0.1163529284,0.0002486942,0.000237025,0.998372101145425,DN,High,Mixed,,7.2,53890,555,11.8658973190228,15,67,4,648519,4,0,57.5180322941401,Hras,7:145859242_T/A,Hras,7:145859242_T/A,C3H,one_tumour,0,Symmetric,0,0,0,0
93244_N5,0.0200687215127352,0.1199838849785188,0.2308167606558995,0,0,20,0.0,0.0,1.0,0,0,48357,0.0,0.0,1.0,0.9471307126338668,0.6115542576372599,0.4995536571934694,0.3230904668607068,0.051427868171086,11,0,25,0,14,0.22,0.0,0.5,0.0,0.28,10366,0,17297,0,11796,0.2627030588712334,0.0,0.4383537342558098,0.0,0.2989432068729567,2,Good,3.6914931783738614,3.3814143929126925,0.0007415288792521823,0.0,one_tumour,do9824,ERX2037940,93244,Male,N5,89279;89280,87450,DEN,0.908437808,0.065749275,0.0256976301,0.0001152869,0.99641547221188,DN,High,Mixed,,5.9,48357,663,10.6476006059748,20,67,5,760766,3,2,55.3111728936599,Braf,6:37548568_A/T,Braf,6:37548568_A/T,C3H,one_tumour,0,Asymmetric,1,1,1,1
93244_N6,0.0260146188524449,0.0513693586634608,0.0775972879041274,11,19,0,0.3666666666666666,0.6333333333333333,0.0,12166,25263,0,0.3250420796708435,0.6749579203291566,0.0,0.957950518215674,0.5872132780864676,0.50248008937661,0.3647996531053429,0.0412588041447403,23,2,48,0,30,0.2233009708737864,0.0194174757281553,0.4660194174757281,0.0,0.2912621359223301,7725,60,14707,0,8882,0.2462229871868426,0.0019124115509657,0.4687639446675591,0.0,0.2831006565946325,1,1_clone,1_clone,1_clone,1_clone,1_clone,1_clone,do9825,ERX2048049,93244,Male,N6,89279;89280,87450,DEN,0.9665598997,0.0327600689,0.0004684491,0.0002115823,0.994925652198089,DN,High,Macro,,4.5,37428,718,8.24117284944116,64,79,5,564750,3,2,51.7193918080244,Kras,,,,C3H,one_tumour,0,Asymmetric,3,2,3,2
93244_N8,0.0246535423538366,0.0559659486761158,0.0726515279575665,20,2,0,0.9090909090909092,0.0909090909090909,0.0,90360,4747,0,0.9500877958509888,0.0499122041490111,0.0,0.9066008994328264,0.6559640182800146,0.5000547440278443,0.3548075748268888,0.0986406685282988,2,1,24,0,2,0.0689655172413793,0.0344827586206896,0.8275862068965517,0.0,0.0689655172413793,69,515,75754,0,32,0.0009034961372266,0.0067434856619091,0.9919340054995416,0.0,0.0004190127013225,2,Bad,0.0,0.0,0.0,23.40717526265521,mixture_tumours,do9826,ERX2035295,93244,Male,N8,89279;89280,87450,DEN,0.9038417562,0.0887243211,0.0073310354,0.0001028873,0.997554803017027,DN,High,,1.0,4.1,95106,1029,20.9411399224899,1,39,8,105127117,5,3,0.834183680211939,Hras,7:145859242_T/A,Hras,7:145859242_T/A,C3H,one_tumour,0,Symmetric,0,0,0,0
93256_N1,0.0533897648112373,0.1178575488308001,0.1992709196716032,2,20,24,0.0434782608695652,0.4347826086956521,0.5217391304347826,2636,26197,37149,0.0399502894728865,0.3970325240217029,0.5630171865054105,0.972943725292158,0.6252779207147454,0.5080574680471729,0.3511335420348274,0.0256533041482383,21,0,28,2,10,0.3442622950819672,0.0,0.4590163934426229,0.0327868852459016,0.1639344262295081,18845,0,24772,13,7764,0.3666770440129198,0.0,0.4820017900922286,0.00025294781492,0.1510682180799315,1,1_clone,1_clone,1_clone,1_clone,1_clone,1_clone,do9827,ERX2048050,93256,Male,N1,89276;89277,87448,DEN,0.8751052898,0.119597652,0.0001732673,0.0051237909,0.995588283769371,DN,High,Mixed,,3.9,65982,695,14.5284029857814,26,79,3,344593,3,0,49.2721177698941,Hras,7:145859242_T/A,Hras,7:145859242_T/A,C3H,one_tumour,0,Asymmetric,1,1,1,1
93258_N10,0.0373639843378657,0.088009858531947,0.1457055638878196,1,18,15,0.0294117647058823,0.5294117647058824,0.4411764705882353,928,44274,20184,0.0141926406264337,0.6771174257486312,0.308689933624935,0.972065142566114,0.6285010532265394,0.4982337635022426,0.3917889437844429,0.029460920468684,18,1,25,0,19,0.2857142857142857,0.0158730158730158,0.3968253968253968,0.0,0.3015873015873015,10313,73,21884,0,15581,0.2155231865582746,0.0015255689536268,0.4573363148105577,0.0,0.3256149296775407,1,1_clone,1_clone,1_clone,1_clone,1_clone,1_clone,do9836,ERX2022589,93258,Male,N10,89276;89277,87448,DEN,0.771134181,0.211191015,0.010245893,0.007428912,0.99664068974594,DN,High,Micro,,4.4,65386,701,14.3971713138175,32,79,4,488938,4,0,53.2852778019124,Braf,6:37548568_A/T,Braf,6:37548568_A/T,C3H,one_tumour,0,Asymmetric,1,1,1,1
93258_N11,0.0481777127253884,0.0741352824475689,0.1197525119160705,1,20,2,0.0434782608695652,0.8695652173913043,0.0869565217391304,408,29896,1428,0.0128576830959284,0.9421404260683222,0.0450018908357494,0.9657402845111244,0.6256041665232587,0.5036708082442909,0.3754324325102455,0.0367070051640716,21,1,33,0,21,0.2763157894736842,0.0131578947368421,0.4342105263157895,0.0,0.2763157894736842,4494,98,9858,0,4507,0.2370628263965817,0.0051695943450967,0.5200189903465738,0.0,0.2377485889117476,1,1_clone,1_clone,1_clone,1_clone,1_clone,1_clone,do9837,ERX2022559,93258,Male,N11,89276;89277,87448,DEN,0.394987823,0.582784585,0.015348622,0.006878971,0.998752189514764,DN,High,Micro,1.0,6.7,31731,723,6.98676540786624,46,59,5,348557,5,0,47.3769630725989,Hras,7:145859242_T/A,Hras,7:145859242_T/A,C3H,one_tumour,0,Asymmetric,1,1,1,1
93258_N2,0.0164154834374354,0.0771501801348162,0.1832604324553996,20,33,9,0.3225806451612903,0.532258064516129,0.1451612903225806,22449,40707,9661,0.3082933930263537,0.559031544831564,0.1326750621420822,0.9758484206000708,0.7079526567674945,0.4984498532263793,0.3153710033380042,0.0254617776728323,14,2,25,1,20,0.2258064516129032,0.032258064516129,0.4032258064516129,0.0161290322580645,0.3225806451612903,10488,71,19655,4,10903,0.2550521631283285,0.0017266117069137,0.4779796211181634,9.727389898105593e-05,0.2651443301476131,2,Good,2.9679620248294474,1.8381257866148877,0.012192766795946209,0.09544423962167695,one_tumour,do9829,ERX2037171,93258,Male,N2,89276;89277,87448,DEN,0.2895516933,0.7079113742,0.0023796271,0.0001573054,0.997250462166082,DN,High,Mixed,,4.5,72817,886,16.0333836533546,36,79,2,244823,2,0,49.8523192276321,Hras,7:145859243_G/T,Hras,7:145859243_G/T,C3H,one_tumour,0,Asymmetric,2,2,2,2
93258_N5,0.051309367478398,0.1057698399327429,0.1659111738781325,15,22,10,0.3191489361702128,0.4680851063829787,0.2127659574468085,12174,24790,14128,0.2382760510451734,0.4852031629217881,0.2765207860330384,0.9526223302526164,0.6627580691949074,0.506861563781853,0.2541515195391151,0.0534559907947869,12,1,22,1,16,0.2307692307692307,0.0192307692307692,0.4230769230769231,0.0192307692307692,0.3076923076923077,9369,58,21454,80,11529,0.220498940927277,0.0013650270651918,0.5049188044245705,0.0018827959519887,0.271334431630972,2,Good,3.2888150342429774,3.98432761419916,0.0,0.0,one_tumour,do9831,ERX2035268,93258,Male,N5,89276;89277,87448,DEN,0.9560194127,0.0435905964,0.000231772,0.0001582189,0.996242188858196,DN,High,Mixed,,5.4,51092,643,11.2498130603732,24,79,3,297680,3,0,49.4308290378146,Hras,7:145859242_T/A,Hras,7:145859242_T/A,C3H,one_tumour,0,Asymmetric,2,2,2,2
93258_N6,0.0376838963944766,0.1255534501312278,0.2238247466518113,24,37,16,0.3116883116883117,0.4805194805194805,0.2077922077922078,23551,45158,19967,0.2655848256574496,0.5092471469168659,0.2251680274256845,0.9710839275819751,0.6194666032214919,0.4926498616306157,0.3293176211383112,0.0264916062313351,20,1,31,0,19,0.2816901408450704,0.0140845070422535,0.4366197183098591,0.0,0.2676056338028169,13825,34,31372,0,20102,0.211608222490931,0.0005204108184225,0.4801861233985888,0.0,0.3076852432920576,2,Bad,2.84248922509553,2.823532049525423,0.021159721457668174,0.0905436247008908,one_tumour,do9832,ERX2022597,93258,Male,N6,89276;89277,87448,DEN,0.76131393,0.21329298,0.02418729,0.0012058,0.996870817095618,DN,Low,Micro,,5.9,88676,689,19.5253351393888,38,67,5,400433,5,0,51.1981186938521,Egfr;Braf;Braf,11:14200310_T/A;6:37548568_A/T;6:37572530_G/A,Egfr;Braf;Braf,11:14200310_T/A;6:37548568_A/T;6:37572530_G/A,C3H,one_tumour,0,Asymmetric,2,2,2,2
93258_N7,0.037930969910779,0.0764860316698502,0.1528305897324556,13,25,6,0.2954545454545454,0.5681818181818182,0.1363636363636363,24179,42182,14494,0.2990414940325274,0.521699338321687,0.1792591676457856,0.9686358866800608,0.6754466958976236,0.5003947691850892,0.3261371633207737,0.0310913910963993,13,2,26,0,18,0.2203389830508474,0.0338983050847457,0.4406779661016949,0.0,0.3050847457627119,13379,18,32257,0,14634,0.2219181263269639,0.0002985668789808,0.5350484341825902,0.0,0.2427348726114649,1,1_clone,1_clone,1_clone,1_clone,1_clone,1_clone,do9833,ERX2035331,93258,Male,N7,89276;89277,87448,DEN,0.7797210338,0.2055812191,0.01428398,0.0004137671,0.99673304834794,DN,High,Mixed,,7.3,80855,906,17.8032497259155,29,79,6,369000,6,0,44.8467847549132,Hras,7:145859242_T/A,Hras,7:145859242_T/A,C3H,one_tumour,0,Asymmetric,2,2,2,2
93258_N8,0.0106154499499727,0.0465565713715586,0.0762954506879521,20,0,0,1.0,0.0,0.0,71364,0,0,1.0,0.0,0.0,0.9761388213342445,0.6714438083034452,0.5046663539789608,0.3866602560311511,0.025794717213429,15,2,27,0,15,0.2542372881355932,0.0338983050847457,0.4576271186440678,0.0,0.2542372881355932,7017,14,32171,0,15669,0.1278817590348271,0.0002551438829254,0.5863024183995189,0.0,0.2855606786827286,1,1_clone,1_clone,1_clone,1_clone,1_clone,1_clone,do9834,ERX2022574,93258,Male,N8,89276;89277,87448,DEN,0.8190908578,0.1522079102,0.0285777095,0.0001235225,0.995819044940979,DN,High,Mixed,1.0,7.7,71364,878,15.7134514061002,25,67,7,63893500,6,1,39.161203867407,Hras,7:145859242_T/A,Hras,7:145859242_T/A,C3H,one_tumour,0,Asymmetric,late,late,late,late
93259_N3,0.0405646147420741,0.0719715633556595,0.1496789894281497,2,20,4,0.0769230769230769,0.7692307692307693,0.1538461538461538,972,25939,4965,0.0304931609988706,0.8137470197013427,0.1557598192997866,0.96898311465986,0.5912332422898025,0.507019100343786,0.3264076881286896,0.0356248954556568,10,0,16,0,9,0.2857142857142857,0.0,0.4571428571428571,0.0,0.2571428571428571,5558,0,12849,0,5213,0.2353090601185436,0.0,0.5439881456392888,0.0,0.2207027942421676,1,1_clone,1_clone,1_clone,1_clone,1_clone,1_clone,do9841,ERX2023297,93259,Male,N3,89276;89277,87448,DEN,0.769439725,0.201791898,0.026246841,0.002521536,0.996118189790685,DN,High,Mixed,1.0,5.3,31876,657,7.01869257638096,10,79,2,114935,2,0,42.5038200705883,Hras,7:145859242_T/A,Hras,7:145859242_T/A,C3H,one_tumour,0,Asymmetric,2,2,1,1
93260_N2,0.0309831505848425,0.0875260957990691,0.1766665944015482,18,32,22,0.25,0.4444444444444444,0.3055555555555556,11395,22588,11064,0.2529580216218616,0.501431837858237,0.2456101405199014,0.9775911666794764,0.5838280628868245,0.4992803151255803,0.347566637773585,0.0247090826505516,19,1,21,1,19,0.3114754098360656,0.0163934426229508,0.3442622950819672,0.0163934426229508,0.3114754098360656,9684,189,11616,14,9295,0.3144360023378141,0.0061367621274108,0.3771673485291252,0.0004545749724008,0.3018053120332489,2,Good,2.2790559278258486,2.7648896091407713,0.016922027051122255,0.005001262303937401,one_tumour,do9843,ERX2037181,93260,Male,N2,89276;89277,87448,DEN,0.61433898,0.36315073,0.01837562,0.00413467,0.995802835235454,DN,High,Macro,,4.5,45046,700,9.91856022699387,30,79,2,509401,1,1,59.1250448460332,Braf,6:37548568_A/T,Braf,6:37548568_A/T,C3H,one_tumour,0,Asymmetric,2,2,2,2
93260_N3,0.0566774116498633,0.1292073027622027,0.1899036721907167,0,0,20,0.0,0.0,1.0,0,0,72932,0.0,0.0,1.0,0.9535197033727734,0.7132092092818244,0.4903905673254887,0.3437188563747884,0.043988037426821,17,2,26,0,15,0.2833333333333333,0.0333333333333333,0.4333333333333333,0.0,0.25,16077,98,28384,0,11826,0.2851290236765097,0.001738050900062,0.5033962933404275,0.0,0.2097366320830008,2,Good,3.617797629030905,4.685656429969847,0.0,0.0,one_tumour,do9844,ERX2035260,93260,Male,N3,89276;89277,87448,DEN,0.8565435656,0.1427609144,0.0001432438,0.0005522762,0.997030491832241,DN,High,Macro,1.0,4.7,72932,658,16.0587052007973,31,75,0,0,0,0,48.2429774738847,Braf,6:37548568_A/T,Braf,6:37548568_A/T,C3H,one_tumour,0,Asymmetric,1,1,1,1
93260_N4,0.0397500210399652,0.0713783797633327,0.1157036055327519,10,17,5,0.3125,0.53125,0.15625,12484,19577,6503,0.3237216056425682,0.5076496214085676,0.1686287729488642,0.9747758771191536,0.5963999572218377,0.5030272113450538,0.3623291909719731,0.0283006885661333,15,0,26,0,13,0.2777777777777778,0.0,0.4814814814814814,0.0,0.2407407407407407,5899,0,15858,0,5891,0.2133608217592592,0.0,0.5735677083333334,0.0,0.2130714699074074,1,1_clone,1_clone,1_clone,1_clone,1_clone,1_clone,do9845,ERX2037912,93260,Male,N4,89276;89277,87448,DEN,0.739933185,0.24394992,0.000792736,0.015324159,0.995488957649618,DN,High,Mixed,,5.4,38564,724,8.49130570070132,28,79,1,17835,1,0,41.0043781225795,Kras,,,,C3H,one_tumour,0,Asymmetric,2,2,2,2
93260_N5,0.0488205978005658,0.13368679963708,0.1857629012766773,0,0,20,0.0,0.0,1.0,0,0,78731,0.0,0.0,1.0,0.9487466221507068,0.5892833506086228,0.4973960097154972,0.3473398138586574,0.0417710476034632,17,1,25,0,15,0.293103448275862,0.0172413793103448,0.4310344827586206,0.0,0.2586206896551724,12716,75,19052,0,15271,0.2698985439572102,0.0015918835165768,0.4043808634376193,0.0,0.3241287090885936,2,Good,2.777197322929552,3.0526290256448316,0.0,0.0,one_tumour,do9846,ERX2022517,93260,Male,N5,89276;89277,87448,DEN,0.3910021361,0.6085333164,0.0002099625,0.0002545851,0.996992441818275,DN,High,Mixed,1.0,4.7,78730,579,17.335351566648,32,67,2,325115,2,0,59.217670923018,Braf,6:37548568_A/T,Braf,6:37548568_A/T,C3H,one_tumour,0,Asymmetric,1,1,1,1
93260_N6,0.0598674800894562,0.1748223868496019,0.2548166856883934,0,21,18,0.0,0.5384615384615384,0.4615384615384615,0,29361,37620,0.0,0.4383481882922023,0.5616518117077978,0.9679083497819287,0.6077966666787139,0.504352500380361,0.3290955773653451,0.0332024943590291,17,2,23,0,15,0.2982456140350877,0.0350877192982456,0.4035087719298245,0.0,0.2631578947368421,15612,59,25196,0,10640,0.3031044324072456,0.0011454753722794,0.4891762284737996,0.0,0.2065738637466752,2,Good,3.211173885040137,4.825655994387663,0.0,0.009537106732590459,one_tumour,do9847,ERX2037501,93260,Male,N6,89276;89277,87448,DEN,0.84242264,0.155590946,0.000251579,0.001734836,0.997799030452459,DN,High,Macro,,4.5,66981,593,14.7483701674794,22,59,2,275217,2,0,48.8867967951037,Braf,6:37548568_A/T,Braf,6:37548568_A/T,C3H,one_tumour,0,Asymmetric,1,1,1,1
93260_N8,0.0303967056293902,0.0625230867094551,0.1006122549176356,16,18,0,0.4705882352941176,0.5294117647058824,0.0,31040,31299,0,0.4979226487431624,0.5020773512568376,0.0,0.9670848123664034,0.6758506613525996,0.5051813023923154,0.3909567552194093,0.0382066145588852,18,1,22,2,13,0.3214285714285714,0.0178571428571428,0.3928571428571428,0.0357142857142857,0.2321428571428571,12645,41,27551,123,8037,0.2612765254044672,0.0008471599479306,0.569270822571647,0.0025414798437919,0.1660640122321631,1,1_clone,1_clone,1_clone,1_clone,1_clone,1_clone,do9849,ERX2037564,93260,Male,N8,89276;89277,87448,DEN,0.8559827903,0.1334743053,0.0103180068,0.0002248977,0.997125866667786,DN,High,Mixed,,3.6,62339,784,13.7262604002702,26,79,4,5572937,2,2,41.2036183895166,Hras,7:145859243_G/T,Hras,7:145859243_G/T,C3H,one_tumour,0,Asymmetric,3,3,3,3
94314_N3,0.0172143043676641,0.0407603490506721,0.063177274395473,21,5,0,0.8076923076923077,0.1923076923076923,0.0,77907,8394,0,0.902735773629506,0.0972642263704939,0.0,0.8839645467900425,0.6644312169534197,0.5052048339909221,0.3283187857859892,0.1225239894778559,0,1,21,0,1,0.0,0.0434782608695652,0.9130434782608696,0.0,0.0434782608695652,0,57,68145,0,25,0.0,0.0008354463775338,0.9987981297726708,0.0,0.0003664238497955,2,Bad,0.0,0.0,0.0,0.0,mixture_tumours,do9850,ERX2023369,94314,Male,N3,90256;90257,86571,DEN,0.8828385,0.1163222,0.0007455095,9.382825e-05,0.997824410561925,DN,High,Mixed,,6.0,86300,656,19.0021699504855,3,29,12,9820894,5,7,0.318971276125914,Hras,7:145859242_T/A,Hras,7:145859242_T/A,C3H,one_tumour,0,Symmetric,0,0,0,0
94314_N4,0.0273331294288619,0.1023521211602072,0.1291827598215542,0,20,0,0.0,1.0,0.0,0,5325,0,0.0,1.0,0.0,0.8126523802262177,0.6233299713222894,0.4920515174862066,0.4093264333652674,0.3090322514318849,0,0,20,0,0,0.0,0.0,1.0,0.0,0.0,0,0,4006,0,0,0.0,0.0,1.0,0.0,0.0,1,1_clone,1_clone,1_clone,1_clone,1_clone,1_clone,do9851,ERX2037495,94314,Male,N4,90256;90257,86571,DEN,0.758985414,0.160131322,0.079467742,0.001415522,0.990695138148146,DN,Low,Mixed,,3.9,5323,638,1.17205736554385,0,35,0,0,0,0,0.0,Hras,7:145859242_T/A,Hras,7:145859242_T/A,C3H,one_tumour,0,Symmetric,0,0,0,0
94315_N3,0.032466579333812,0.0867864399076731,0.1427944564924841,17,22,6,0.3777777777777777,0.4888888888888889,0.1333333333333333,14522,16731,4175,0.4099017726092356,0.4722535847352376,0.1178446426555267,0.9533296484187116,0.6207583192321741,0.5045537723834203,0.3896235105877385,0.0533847785533022,13,2,25,3,19,0.2096774193548387,0.032258064516129,0.4032258064516129,0.0483870967741935,0.3064516129032258,4968,60,14716,122,9311,0.1702711039517428,0.002056414298934,0.5043698803852349,0.0041813757411659,0.3191212256229221,2,Good,4.977243834223238,3.0497839748625304,0.004538520213577422,0.014606245090337784,one_tumour,do9857,ERX2037967,94315,Male,N3,90256;90257,86571,DEN,0.9453275296,0.0535954329,0.0007867924,0.0002902451,0.997646288721316,DN,High,Mixed,,4.9,35426,720,7.80035773656895,27,69,4,1455325,1,3,46.4882655158491,Hras,7:145858922_C/A,Hras,7:145858922_C/A,C3H,one_tumour,0,Asymmetric,2,2,3,3
94315_N7,0.043712168331184,0.1353062378222572,0.224443393997326,1,22,18,0.024390243902439,0.5365853658536586,0.4390243902439024,46,29762,20652,0.0009116131589377,0.5898137138327388,0.4092746730083234,0.9533949461911844,0.6290456556841042,0.501220045901572,0.3624356401312167,0.0496780300293552,16,0,23,0,12,0.3137254901960784,0.0,0.4509803921568627,0.0,0.2352941176470588,11433,0,22383,0,8001,0.2734055527656216,0.0,0.5352607791089748,0.0,0.1913336681254035,2,Good,3.2432596719648847,3.6737487366709325,0.006018604638890319,0.0019147873461181695,one_tumour,do9861,ERX2037616,94315,Male,N7,90256;90257,86571,DEN,0.9471616598,0.0519946861,0.0007151006,0.0001285535,0.998004002035835,DN,High,Mixed,1.0,6.0,50458,790,11.1102142683847,24,79,0,0,0,0,43.8264793845271,Hras,7:145859242_T/A,Hras,7:145859242_T/A,C3H,one_tumour,0,Asymmetric,1,1,1,1
94315_N8,0.0516011594624922,0.1358238701230956,0.3249508204371636,0,0,20,0.0,0.0,1.0,0,0,60936,0.0,0.0,1.0,0.969518976733031,0.6096585740014738,0.4995569574805193,0.2337791049008068,0.0309170603217986,14,0,21,0,13,0.2916666666666667,0.0,0.4375,0.0,0.2708333333333333,12575,0,21073,0,15213,0.2573627228259757,0.0,0.431284664660977,0.0,0.3113526125130472,2,Good,4.265649024572297,2.994638441933514,0.0055045039162247515,0.004431684143854492,one_tumour,do9862,ERX2035303,94315,Male,N8,90256;90257,86571,DEN,0.9114711316,0.0879519071,0.0001458199,0.0004311414,0.994029758823844,DN,High,Micro,2.0,5.0,60934,632,13.416897146731,21,79,2,509361,0,2,55.2992693268778,Hras,7:145859242_T/C,Hras,7:145859242_T/C,C3H,one_tumour,0,Asymmetric,1,1,1,1
94316_N3,0.0729730833356503,0.1449960739703908,0.2324091385393186,0,0,20,0.0,0.0,1.0,0,0,62758,0.0,0.0,1.0,0.9747043831564214,0.6695827960620679,0.4965042103694169,0.352357147961414,0.0231194529786866,11,2,24,0,18,0.2,0.0363636363636363,0.4363636363636363,0.0,0.3272727272727272,7599,156,27104,0,11936,0.1623891441393311,0.0033336894967411,0.5792071802543006,0.0,0.2550699861096271,2,Good,7.085691611791189,3.678461633547492,0.0049293544447929155,0.0,one_tumour,do9866,ERX2048052,94316,Male,N3,90256;90257,86571,DEN,0.7591176233,0.2126045397,0.0281558033,0.0001220336,0.997506912310948,DN,High,Mixed,,4.1,62758,550,13.8185189079093,22,79,0,0,0,0,39.4138588378708,Braf,6:37548568_A/T,Braf,6:37548568_A/T,C3H,one_tumour,0,Asymmetric,1,1,1,1
