s,efr,repair,duplex rate,r-u,MRCA 0,MRCA 1,MRCA 2,MRCA 3,MRCA 4,MRCA 5-300,egfr_c3h_sd_mse,braf_c3h_sd_mse,hras1_c3h_sd_mse,hras0_c3h_sd_mse,MRCA 0 all 4,MRCA 1 all 4,MRCA 2 all 4,MRCA 3 all 4
0.6,0.35,0.2,0.05,0.15,0.06324502030555018,0.3941133243086444,0.2797602011216399,0.14402630052214271,0.06723651131309225,0.05161864242893057,0.0,0.004026300522142701,0.008381357571069427,0.06675497969444982,0.2782534246575342,0.30544269759956033,0.3543383288171211,0.3715559374832161
0.6,0.35,0.3,0.05,0.25,0.07054516584333098,0.4058574453069866,0.2765878616796048,0.13832921665490472,0.06256175017642908,0.04611856033874383,0.0,0.0038814396612561752,0.01388143966125617,0.05945483415666902,0.28860822808553205,0.3215962441314554,0.35973081584486827,0.37708054333269564
0.6,0.35,0.4,0.05,0.35,0.08036863929922035,0.41868340210679994,0.27140003852665945,0.13066620705037868,0.05744527693571117,0.04143643608123042,0.0,0.008563563918769584,0.018742155965480137,0.049631360700779656,0.29317522391825407,0.33502034095311894,0.3649744106989428,0.3781036623215394
0.6,0.45,0.2,0.05,0.15,0.0617643259999139,0.3545615017006071,0.28831101735049725,0.15858268394540836,0.07638524131398804,0.0603952296895854,0.0,0.01858268394540835,0.0,0.06823567400008611,0.2492680886658302,0.29154625154819436,0.34916226144610696,0.3671064777108107
0.6,0.45,0.3,0.05,0.25,0.06838835448521666,0.3718629082280662,0.2859491764057223,0.15043271928874535,0.0700424350428781,0.05332440654937135,0.0,0.01043271928874534,0.006675593450628646,0.06161164551478335,0.2653325655053268,0.3117900924038232,0.357160072995214,0.3733883107533216
0.6,0.45,0.4,0.05,0.35,0.07801924165251839,0.3899830220713073,0.28088285229202037,0.14072439162422185,0.06345217883418224,0.046938313525749856,0.0,0.00314621475615525,0.013061686474250142,0.051980758347481615,0.2736109096184535,0.32808010448410974,0.36202450032237266,0.377061047213062
0.6,0.45,0.5,0.05,0.45,0.08952118425063281,0.4058470387107889,0.2756139258120519,0.13056442742224048,0.05682706707131214,0.04162635673297375,0.0,0.008373643267026255,0.020935883544966262,0.040478815749367195,0.2852701702442635,0.3450888192267503,0.3641871423763043,0.3819529029638652
